+++ working on day --- 2024-01-01 +++
read_and_treat_AR_exclusive read_and_treat_AR_exclusive
read_and_treat_AR_exclusive read_and_treat_AR_exclusive
read_and_treat_AR_exclusive read_and_treat_AR_exclusive
read_and_treat_AR_exclusive_WD read_and_treat_AR_exclusive_WD
+++ working on day --- 2024-01-02 +++
read_and_treat_AR_exclusive read_and_treat_AR_exclusive
read_and_treat_AR_exclusive read_and_treat_AR_exclusive
read_and_treat_AR_exclusive read_and_treat_AR_exclusive
read_and_treat_AR_exclusive_WD read_and_treat_AR_exclusive_WD
+++ working on day --- 2024-01-03 +++
read_and_treat_AR_exclusive read_and_treat_AR_exclusive
read_and_treat_AR_exclusive read_and_treat_AR_exclusive
read_and_treat_AR_exclusive read_and_treat_AR_exclusive
read_and_treat_AR_exclusive_WD read_and_treat_AR_exclusive_WD
+++ working on day --- 2024-01-04 +++
read_and_treat_AR_exclusive read_and_treat_AR_exclusive
read_and_treat_AR_exclusive read_and_treat_AR_exclusive
read_and_treat_AR_exclusive read_and_treat_AR_exclusive
read_and_treat_AR_exclusive_WD read_and_treat_AR_exclusive_WD
+++ working on day --- 2024-01-05 +++
read_and_treat_AR_exclusive read_and_treat_AR_exclusive
read_and_treat_AR_exclusive read_and_treat_AR_exclusive
read_and_treat_AR_exclusive read_and_treat_AR_exclusive
read_and_treat_AR_exclusive_WD read_and_treat_AR_exclusive_WD
+++ working on day --- 2024-01-06 +++
read_and_treat_AR_exclusive read_and_treat_AR_exclusive
read_and_treat_AR_exclusive read_and_treat_AR_exclusive
read_and_treat_AR_exclusive read_and_treat_AR_exclusive
read_and_treat_AR_exclusive_WD read_and_treat_AR_exclusive_WD
+++ working on day --- 2024-01-07 +++
read_and_treat_AR_exclusive read_and_treat_AR_exclusive
read_and_treat_AR_exclusive read_and_treat_AR_exclusive
read_and_treat_AR_exclusive read_and_treat_AR_exclusive
read_and_treat_AR_exclusive_WD read_and_treat_AR_exclusive_WD
+++ working on day --- 2024-01-08 +++
read_and_treat_AR_exclusive read_and_treat_AR_exclusive
read_and_treat_AR_exclusive read_and_treat_AR_exclusive
read_and_treat_AR_exclusive read_and_treat_AR_exclusive
read_and_treat_AR_exclusive_WD read_and_treat_AR_exclusive_WD
+++ working on day --- 2024-01-09 +++
read_and_treat_AR_exclusive read_and_treat_AR_exclusive
read_and_treat_AR_exclusive read_and_treat_AR_exclusive
read_and_treat_AR_exclusive read_and_treat_AR_exclusive
read_and_treat_AR_exclusive_WD read_and_treat_AR_exclusive_WD
+++ working on day --- 2024-01-10 +++
read_and_treat_AR_exclusive read_and_treat_AR_exclusive
read_and_treat_AR_exclusive read_and_treat_AR_exclusive
read_and_treat_AR_exclusive read_and_treat_AR_exclusive
read_and_treat_AR_exclusive_WD read_and_treat_AR_exclusive_WD
+++ working on day --- 2024-01-11 +++
read_and_treat_AR_exclusive read_and_treat_AR_exclusive
read_and_treat_AR_exclusive read_and_treat_AR_exclusive
read_and_treat_AR_exclusive read_and_treat_AR_exclusive
read_and_treat_AR_exclusive_WD read_and_treat_AR_exclusive_WD
+++ working on day --- 2024-01-12 +++
read_and_treat_AR_exclusive read_and_treat_AR_exclusive
read_and_treat_AR_exclusive read_and_treat_AR_exclusive
read_and_treat_AR_exclusive read_and_treat_AR_exclusive
read_and_treat_AR_exclusive_WD read_and_treat_AR_exclusive_WD
+++ working on day --- 2024-01-13 +++
read_and_treat_AR_exclusive read_and_treat_AR_exclusive
read_and_treat_AR_exclusive read_and_treat_AR_exclusive
read_and_treat_AR_exclusive read_and_treat_AR_exclusive
read_and_treat_AR_exclusive_WD read_and_treat_AR_exclusive_WD
+++ working on day --- 2024-01-14 +++
read_and_treat_AR_exclusive read_and_treat_AR_exclusive
read_and_treat_AR_exclusive read_and_treat_AR_exclusive
read_and_treat_AR_exclusive read_and_treat_AR_exclusive
read_and_treat_AR_exclusive_WD read_and_treat_AR_exclusive_WD
+++ working on day --- 2024-01-15 +++
read_and_treat_AR_exclusive read_and_treat_AR_exclusive
read_and_treat_AR_exclusive read_and_treat_AR_exclusive
read_and_treat_AR_exclusive read_and_treat_AR_exclusive
read_and_treat_AR_exclusive_WD read_and_treat_AR_exclusive_WD
+++ working on day --- 2024-01-16 +++
read_and_treat_AR_exclusive read_and_treat_AR_exclusive
read_and_treat_AR_exclusive read_and_treat_AR_exclusive
read_and_treat_AR_exclusive read_and_treat_AR_exclusive
read_and_treat_AR_exclusive_WD read_and_treat_AR_exclusive_WD
+++ working on day --- 2024-01-17 +++
read_and_treat_AR_exclusive read_and_treat_AR_exclusive
read_and_treat_AR_exclusive read_and_treat_AR_exclusive
read_and_treat_AR_exclusive read_and_treat_AR_exclusive
read_and_treat_AR_exclusive_WD read_and_treat_AR_exclusive_WD
+++ working on day --- 2024-01-18 +++
read_and_treat_AR_exclusive read_and_treat_AR_exclusive
read_and_treat_AR_exclusive read_and_treat_AR_exclusive
read_and_treat_AR_exclusive read_and_treat_AR_exclusive
read_and_treat_AR_exclusive_WD read_and_treat_AR_exclusive_WD
+++ working on day --- 2024-01-19 +++
read_and_treat_AR_exclusive read_and_treat_AR_exclusive
read_and_treat_AR_exclusive read_and_treat_AR_exclusive
read_and_treat_AR_exclusive read_and_treat_AR_exclusive
read_and_treat_AR_exclusive_WD read_and_treat_AR_exclusive_WD
+++ working on day --- 2024-01-20 +++
read_and_treat_AR_exclusive read_and_treat_AR_exclusive
read_and_treat_AR_exclusive read_and_treat_AR_exclusive
read_and_treat_AR_exclusive read_and_treat_AR_exclusive
read_and_treat_AR_exclusive_WD read_and_treat_AR_exclusive_WD
+++ working on day --- 2024-01-21 +++
read_and_treat_AR_exclusive read_and_treat_AR_exclusive
read_and_treat_AR_exclusive read_and_treat_AR_exclusive
read_and_treat_AR_exclusive read_and_treat_AR_exclusive
read_and_treat_AR_exclusive_WD read_and_treat_AR_exclusive_WD
+++ working on day --- 2024-01-22 +++
read_and_treat_AR_exclusive read_and_treat_AR_exclusive
read_and_treat_AR_exclusive read_and_treat_AR_exclusive
read_and_treat_AR_exclusive read_and_treat_AR_exclusive
read_and_treat_AR_exclusive_WD read_and_treat_AR_exclusive_WD
+++ working on day --- 2024-01-23 +++
read_and_treat_AR_exclusive read_and_treat_AR_exclusive
read_and_treat_AR_exclusive read_and_treat_AR_exclusive
read_and_treat_AR_exclusive read_and_treat_AR_exclusive
read_and_treat_AR_exclusive_WD read_and_treat_AR_exclusive_WD
+++ working on day --- 2024-01-24 +++
read_and_treat_AR_exclusive read_and_treat_AR_exclusive
read_and_treat_AR_exclusive read_and_treat_AR_exclusive
read_and_treat_AR_exclusive read_and_treat_AR_exclusive
read_and_treat_AR_exclusive_WD read_and_treat_AR_exclusive_WD
+++ working on day --- 2024-01-25 +++
read_and_treat_AR_exclusive read_and_treat_AR_exclusive
read_and_treat_AR_exclusive read_and_treat_AR_exclusive
read_and_treat_AR_exclusive read_and_treat_AR_exclusive
read_and_treat_AR_exclusive_WD read_and_treat_AR_exclusive_WD
+++ working on day --- 2024-01-26 +++
read_and_treat_AR_exclusive read_and_treat_AR_exclusive
read_and_treat_AR_exclusive read_and_treat_AR_exclusive
read_and_treat_AR_exclusive read_and_treat_AR_exclusive
read_and_treat_AR_exclusive_WD read_and_treat_AR_exclusive_WD
+++ working on day --- 2024-01-27 +++
read_and_treat_AR_exclusive read_and_treat_AR_exclusive
read_and_treat_AR_exclusive read_and_treat_AR_exclusive
read_and_treat_AR_exclusive read_and_treat_AR_exclusive
read_and_treat_AR_exclusive_WD read_and_treat_AR_exclusive_WD
+++ working on day --- 2024-01-28 +++
read_and_treat_AR_exclusive read_and_treat_AR_exclusive
read_and_treat_AR_exclusive read_and_treat_AR_exclusive
read_and_treat_AR_exclusive read_and_treat_AR_exclusive
read_and_treat_AR_exclusive_WD read_and_treat_AR_exclusive_WD
+++ working on day --- 2024-01-29 +++
read_and_treat_AR_exclusive read_and_treat_AR_exclusive
read_and_treat_AR_exclusive read_and_treat_AR_exclusive
read_and_treat_AR_exclusive read_and_treat_AR_exclusive
read_and_treat_AR_exclusive_WD read_and_treat_AR_exclusive_WD
+++ working on day --- 2024-01-30 +++
read_and_treat_AR_exclusive read_and_treat_AR_exclusive
read_and_treat_AR_exclusive read_and_treat_AR_exclusive
read_and_treat_AR_exclusive read_and_treat_AR_exclusive
read_and_treat_AR_exclusive_WD read_and_treat_AR_exclusive_WD
+++ working on day --- 2024-01-31 +++
read_and_treat_AR_exclusive read_and_treat_AR_exclusive
read_and_treat_AR_exclusive read_and_treat_AR_exclusive
read_and_treat_AR_exclusive read_and_treat_AR_exclusive
read_and_treat_AR_exclusive_WD read_and_treat_AR_exclusive_WD
+++ working on day --- 2024-02-01 +++
read_and_treat_AR_exclusive read_and_treat_AR_exclusive
read_and_treat_AR_exclusive read_and_treat_AR_exclusive
read_and_treat_AR_exclusive read_and_treat_AR_exclusive
read_and_treat_AR_exclusive_WD read_and_treat_AR_exclusive_WD
+++ working on day --- 2024-02-02 +++
read_and_treat_AR_exclusive read_and_treat_AR_exclusive
read_and_treat_AR_exclusive read_and_treat_AR_exclusive
read_and_treat_AR_exclusive read_and_treat_AR_exclusive
read_and_treat_AR_exclusive_WD read_and_treat_AR_exclusive_WD
+++ working on day --- 2024-02-03 +++
read_and_treat_AR_exclusive read_and_treat_AR_exclusive
read_and_treat_AR_exclusive read_and_treat_AR_exclusive
read_and_treat_AR_exclusive read_and_treat_AR_exclusive
read_and_treat_AR_exclusive_WD read_and_treat_AR_exclusive_WD
+++ working on day --- 2024-02-04 +++
read_and_treat_AR_exclusive read_and_treat_AR_exclusive
read_and_treat_AR_exclusive read_and_treat_AR_exclusive
read_and_treat_AR_exclusive read_and_treat_AR_exclusive
read_and_treat_AR_exclusive_WD read_and_treat_AR_exclusive_WD
+++ working on day --- 2024-02-05 +++
read_and_treat_AR_exclusive read_and_treat_AR_exclusive
read_and_treat_AR_exclusive read_and_treat_AR_exclusive
read_and_treat_AR_exclusive read_and_treat_AR_exclusive
read_and_treat_AR_exclusive_WD read_and_treat_AR_exclusive_WD
+++ working on day --- 2024-02-06 +++
read_and_treat_AR_exclusive read_and_treat_AR_exclusive
read_and_treat_AR_exclusive read_and_treat_AR_exclusive
read_and_treat_AR_exclusive read_and_treat_AR_exclusive
read_and_treat_AR_exclusive_WD read_and_treat_AR_exclusive_WD
+++ working on day --- 2024-02-07 +++
read_and_treat_AR_exclusive read_and_treat_AR_exclusive
read_and_treat_AR_exclusive read_and_treat_AR_exclusive
read_and_treat_AR_exclusive read_and_treat_AR_exclusive
read_and_treat_AR_exclusive_WD read_and_treat_AR_exclusive_WD
+++ working on day --- 2024-02-08 +++
read_and_treat_AR_exclusive read_and_treat_AR_exclusive
read_and_treat_AR_exclusive read_and_treat_AR_exclusive
read_and_treat_AR_exclusive read_and_treat_AR_exclusive
read_and_treat_AR_exclusive_WD read_and_treat_AR_exclusive_WD
+++ working on day --- 2024-02-09 +++
read_and_treat_AR_exclusive read_and_treat_AR_exclusive
read_and_treat_AR_exclusive read_and_treat_AR_exclusive
read_and_treat_AR_exclusive read_and_treat_AR_exclusive
read_and_treat_AR_exclusive_WD read_and_treat_AR_exclusive_WD
+++ working on day --- 2024-02-10 +++
read_and_treat_AR_exclusive read_and_treat_AR_exclusive
read_and_treat_AR_exclusive read_and_treat_AR_exclusive
read_and_treat_AR_exclusive read_and_treat_AR_exclusive
read_and_treat_AR_exclusive_WD read_and_treat_AR_exclusive_WD
+++ working on day --- 2024-02-11 +++
read_and_treat_AR_exclusive read_and_treat_AR_exclusive
read_and_treat_AR_exclusive read_and_treat_AR_exclusive
read_and_treat_AR_exclusive read_and_treat_AR_exclusive
read_and_treat_AR_exclusive_WD read_and_treat_AR_exclusive_WD
+++ working on day --- 2024-02-12 +++
read_and_treat_AR_exclusive read_and_treat_AR_exclusive
read_and_treat_AR_exclusive read_and_treat_AR_exclusive
read_and_treat_AR_exclusive read_and_treat_AR_exclusive
read_and_treat_AR_exclusive_WD read_and_treat_AR_exclusive_WD
+++ working on day --- 2024-02-13 +++
read_and_treat_AR_exclusive read_and_treat_AR_exclusive
read_and_treat_AR_exclusive read_and_treat_AR_exclusive
read_and_treat_AR_exclusive read_and_treat_AR_exclusive
read_and_treat_AR_exclusive_WD read_and_treat_AR_exclusive_WD
+++ working on day --- 2024-02-14 +++
read_and_treat_AR_exclusive read_and_treat_AR_exclusive
read_and_treat_AR_exclusive read_and_treat_AR_exclusive
read_and_treat_AR_exclusive read_and_treat_AR_exclusive
read_and_treat_AR_exclusive_WD read_and_treat_AR_exclusive_WD
+++ working on day --- 2024-02-15 +++
read_and_treat_AR_exclusive read_and_treat_AR_exclusive
read_and_treat_AR_exclusive read_and_treat_AR_exclusive
read_and_treat_AR_exclusive read_and_treat_AR_exclusive
read_and_treat_AR_exclusive_WD read_and_treat_AR_exclusive_WD
+++ working on day --- 2024-02-16 +++
read_and_treat_AR_exclusive read_and_treat_AR_exclusive
read_and_treat_AR_exclusive read_and_treat_AR_exclusive
read_and_treat_AR_exclusive read_and_treat_AR_exclusive
read_and_treat_AR_exclusive_WD read_and_treat_AR_exclusive_WD
+++ working on day --- 2024-02-17 +++
read_and_treat_AR_exclusive read_and_treat_AR_exclusive
read_and_treat_AR_exclusive read_and_treat_AR_exclusive
read_and_treat_AR_exclusive read_and_treat_AR_exclusive
read_and_treat_AR_exclusive_WD read_and_treat_AR_exclusive_WD
+++ working on day --- 2024-02-18 +++
read_and_treat_AR_exclusive read_and_treat_AR_exclusive
read_and_treat_AR_exclusive read_and_treat_AR_exclusive
read_and_treat_AR_exclusive read_and_treat_AR_exclusive
read_and_treat_AR_exclusive_WD read_and_treat_AR_exclusive_WD
+++ working on day --- 2024-02-19 +++
read_and_treat_AR_exclusive read_and_treat_AR_exclusive
read_and_treat_AR_exclusive read_and_treat_AR_exclusive
read_and_treat_AR_exclusive read_and_treat_AR_exclusive
read_and_treat_AR_exclusive_WD read_and_treat_AR_exclusive_WD
+++ working on day --- 2024-02-20 +++
read_and_treat_AR_exclusive read_and_treat_AR_exclusive
read_and_treat_AR_exclusive read_and_treat_AR_exclusive
read_and_treat_AR_exclusive read_and_treat_AR_exclusive
read_and_treat_AR_exclusive_WD read_and_treat_AR_exclusive_WD
+++ working on day --- 2024-02-21 +++
read_and_treat_AR_exclusive read_and_treat_AR_exclusive
read_and_treat_AR_exclusive read_and_treat_AR_exclusive
read_and_treat_AR_exclusive read_and_treat_AR_exclusive
read_and_treat_AR_exclusive_WD read_and_treat_AR_exclusive_WD
+++ working on day --- 2024-02-22 +++
read_and_treat_AR_exclusive read_and_treat_AR_exclusive
read_and_treat_AR_exclusive read_and_treat_AR_exclusive
read_and_treat_AR_exclusive read_and_treat_AR_exclusive
read_and_treat_AR_exclusive_WD read_and_treat_AR_exclusive_WD
+++ working on day --- 2024-02-23 +++
read_and_treat_AR_exclusive read_and_treat_AR_exclusive
read_and_treat_AR_exclusive read_and_treat_AR_exclusive
read_and_treat_AR_exclusive read_and_treat_AR_exclusive
read_and_treat_AR_exclusive_WD read_and_treat_AR_exclusive_WD
+++ working on day --- 2024-02-24 +++
read_and_treat_AR_exclusive read_and_treat_AR_exclusive
read_and_treat_AR_exclusive read_and_treat_AR_exclusive
read_and_treat_AR_exclusive read_and_treat_AR_exclusive
read_and_treat_AR_exclusive_WD read_and_treat_AR_exclusive_WD
+++ working on day --- 2024-02-25 +++
read_and_treat_AR_exclusive read_and_treat_AR_exclusive
read_and_treat_AR_exclusive read_and_treat_AR_exclusive
read_and_treat_AR_exclusive read_and_treat_AR_exclusive
read_and_treat_AR_exclusive_WD read_and_treat_AR_exclusive_WD
+++ working on day --- 2024-02-26 +++
read_and_treat_AR_exclusive read_and_treat_AR_exclusive
read_and_treat_AR_exclusive read_and_treat_AR_exclusive
read_and_treat_AR_exclusive read_and_treat_AR_exclusive
read_and_treat_AR_exclusive_WD read_and_treat_AR_exclusive_WD
+++ working on day --- 2024-02-27 +++
read_and_treat_AR_exclusive read_and_treat_AR_exclusive
read_and_treat_AR_exclusive read_and_treat_AR_exclusive
read_and_treat_AR_exclusive read_and_treat_AR_exclusive
read_and_treat_AR_exclusive_WD read_and_treat_AR_exclusive_WD
+++ working on day --- 2024-02-28 +++
read_and_treat_AR_exclusive read_and_treat_AR_exclusive
read_and_treat_AR_exclusive read_and_treat_AR_exclusive
read_and_treat_AR_exclusive read_and_treat_AR_exclusive
read_and_treat_AR_exclusive_WD read_and_treat_AR_exclusive_WD
+++ working on day --- 2024-02-29 +++
read_and_treat_AR_exclusive read_and_treat_AR_exclusive
read_and_treat_AR_exclusive read_and_treat_AR_exclusive
read_and_treat_AR_exclusive read_and_treat_AR_exclusive
read_and_treat_AR_exclusive_WD read_and_treat_AR_exclusive_WD
+++ working on day --- 2024-03-01 +++
read_and_treat_AR_exclusive read_and_treat_AR_exclusive
read_and_treat_AR_exclusive read_and_treat_AR_exclusive
read_and_treat_AR_exclusive read_and_treat_AR_exclusive
read_and_treat_AR_exclusive_WD read_and_treat_AR_exclusive_WD
+++ working on day --- 2024-03-02 +++
read_and_treat_AR_exclusive read_and_treat_AR_exclusive
read_and_treat_AR_exclusive read_and_treat_AR_exclusive
read_and_treat_AR_exclusive read_and_treat_AR_exclusive
read_and_treat_AR_exclusive_WD read_and_treat_AR_exclusive_WD
+++ working on day --- 2024-03-03 +++
read_and_treat_AR_exclusive read_and_treat_AR_exclusive
read_and_treat_AR_exclusive read_and_treat_AR_exclusive
read_and_treat_AR_exclusive read_and_treat_AR_exclusive
read_and_treat_AR_exclusive_WD read_and_treat_AR_exclusive_WD
+++ working on day --- 2024-03-04 +++
read_and_treat_AR_exclusive read_and_treat_AR_exclusive
read_and_treat_AR_exclusive read_and_treat_AR_exclusive
read_and_treat_AR_exclusive read_and_treat_AR_exclusive
read_and_treat_AR_exclusive_WD read_and_treat_AR_exclusive_WD
+++ working on day --- 2024-03-05 +++
read_and_treat_AR_exclusive read_and_treat_AR_exclusive
read_and_treat_AR_exclusive read_and_treat_AR_exclusive
read_and_treat_AR_exclusive read_and_treat_AR_exclusive
read_and_treat_AR_exclusive_WD read_and_treat_AR_exclusive_WD
+++ working on day --- 2024-03-06 +++
read_and_treat_AR_exclusive read_and_treat_AR_exclusive
read_and_treat_AR_exclusive read_and_treat_AR_exclusive
read_and_treat_AR_exclusive read_and_treat_AR_exclusive
read_and_treat_AR_exclusive_WD read_and_treat_AR_exclusive_WD
+++ working on day --- 2024-03-07 +++
read_and_treat_AR_exclusive read_and_treat_AR_exclusive
read_and_treat_AR_exclusive read_and_treat_AR_exclusive
read_and_treat_AR_exclusive read_and_treat_AR_exclusive
read_and_treat_AR_exclusive_WD read_and_treat_AR_exclusive_WD
+++ working on day --- 2024-03-08 +++
read_and_treat_AR_exclusive read_and_treat_AR_exclusive
read_and_treat_AR_exclusive read_and_treat_AR_exclusive
read_and_treat_AR_exclusive read_and_treat_AR_exclusive
read_and_treat_AR_exclusive_WD read_and_treat_AR_exclusive_WD
+++ working on day --- 2024-03-09 +++
read_and_treat_AR_exclusive read_and_treat_AR_exclusive
read_and_treat_AR_exclusive read_and_treat_AR_exclusive
read_and_treat_AR_exclusive read_and_treat_AR_exclusive
read_and_treat_AR_exclusive_WD read_and_treat_AR_exclusive_WD
+++ working on day --- 2024-03-10 +++
read_and_treat_AR_exclusive read_and_treat_AR_exclusive
read_and_treat_AR_exclusive read_and_treat_AR_exclusive
read_and_treat_AR_exclusive read_and_treat_AR_exclusive
read_and_treat_AR_exclusive_WD read_and_treat_AR_exclusive_WD
+++ working on day --- 2024-03-11 +++
read_and_treat_AR_exclusive read_and_treat_AR_exclusive
read_and_treat_AR_exclusive read_and_treat_AR_exclusive
read_and_treat_AR_exclusive read_and_treat_AR_exclusive
read_and_treat_AR_exclusive_WD read_and_treat_AR_exclusive_WD
+++ working on day --- 2024-03-12 +++
read_and_treat_AR_exclusive read_and_treat_AR_exclusive
read_and_treat_AR_exclusive read_and_treat_AR_exclusive
read_and_treat_AR_exclusive read_and_treat_AR_exclusive
read_and_treat_AR_exclusive_WD read_and_treat_AR_exclusive_WD
+++ working on day --- 2024-03-13 +++
read_and_treat_AR_exclusive read_and_treat_AR_exclusive
read_and_treat_AR_exclusive read_and_treat_AR_exclusive
read_and_treat_AR_exclusive read_and_treat_AR_exclusive
read_and_treat_AR_exclusive_WD read_and_treat_AR_exclusive_WD
+++ working on day --- 2024-03-14 +++
read_and_treat_AR_exclusive read_and_treat_AR_exclusive
read_and_treat_AR_exclusive read_and_treat_AR_exclusive
read_and_treat_AR_exclusive read_and_treat_AR_exclusive
read_and_treat_AR_exclusive_WD read_and_treat_AR_exclusive_WD
+++ working on day --- 2024-03-15 +++
read_and_treat_AR_exclusive read_and_treat_AR_exclusive
read_and_treat_AR_exclusive read_and_treat_AR_exclusive
read_and_treat_AR_exclusive read_and_treat_AR_exclusive
read_and_treat_AR_exclusive_WD read_and_treat_AR_exclusive_WD
+++ working on day --- 2024-03-16 +++
read_and_treat_AR_exclusive read_and_treat_AR_exclusive
read_and_treat_AR_exclusive read_and_treat_AR_exclusive
read_and_treat_AR_exclusive read_and_treat_AR_exclusive
read_and_treat_AR_exclusive_WD read_and_treat_AR_exclusive_WD
+++ working on day --- 2024-03-17 +++
read_and_treat_AR_exclusive read_and_treat_AR_exclusive
read_and_treat_AR_exclusive read_and_treat_AR_exclusive
read_and_treat_AR_exclusive read_and_treat_AR_exclusive
read_and_treat_AR_exclusive_WD read_and_treat_AR_exclusive_WD
+++ working on day --- 2024-03-18 +++
read_and_treat_AR_exclusive read_and_treat_AR_exclusive
read_and_treat_AR_exclusive read_and_treat_AR_exclusive
read_and_treat_AR_exclusive read_and_treat_AR_exclusive
read_and_treat_AR_exclusive_WD read_and_treat_AR_exclusive_WD
+++ working on day --- 2024-03-19 +++
read_and_treat_AR_exclusive read_and_treat_AR_exclusive
read_and_treat_AR_exclusive read_and_treat_AR_exclusive
read_and_treat_AR_exclusive read_and_treat_AR_exclusive
read_and_treat_AR_exclusive_WD read_and_treat_AR_exclusive_WD
+++ working on day --- 2024-03-20 +++
read_and_treat_AR_exclusive read_and_treat_AR_exclusive
read_and_treat_AR_exclusive read_and_treat_AR_exclusive
read_and_treat_AR_exclusive read_and_treat_AR_exclusive
read_and_treat_AR_exclusive_WD read_and_treat_AR_exclusive_WD
+++ working on day --- 2024-03-21 +++
read_and_treat_AR_exclusive read_and_treat_AR_exclusive
read_and_treat_AR_exclusive read_and_treat_AR_exclusive
read_and_treat_AR_exclusive read_and_treat_AR_exclusive
read_and_treat_AR_exclusive_WD read_and_treat_AR_exclusive_WD
+++ working on day --- 2024-03-22 +++
read_and_treat_AR_exclusive read_and_treat_AR_exclusive
read_and_treat_AR_exclusive read_and_treat_AR_exclusive
read_and_treat_AR_exclusive read_and_treat_AR_exclusive
read_and_treat_AR_exclusive_WD read_and_treat_AR_exclusive_WD
+++ working on day --- 2024-03-23 +++
read_and_treat_AR_exclusive read_and_treat_AR_exclusive
read_and_treat_AR_exclusive read_and_treat_AR_exclusive
read_and_treat_AR_exclusive read_and_treat_AR_exclusive
read_and_treat_AR_exclusive_WD read_and_treat_AR_exclusive_WD
+++ working on day --- 2024-03-24 +++
read_and_treat_AR_exclusive read_and_treat_AR_exclusive
read_and_treat_AR_exclusive read_and_treat_AR_exclusive
read_and_treat_AR_exclusive read_and_treat_AR_exclusive
read_and_treat_AR_exclusive_WD read_and_treat_AR_exclusive_WD
+++ working on day --- 2024-03-25 +++
read_and_treat_AR_exclusive read_and_treat_AR_exclusive
read_and_treat_AR_exclusive read_and_treat_AR_exclusive
read_and_treat_AR_exclusive read_and_treat_AR_exclusive
read_and_treat_AR_exclusive_WD read_and_treat_AR_exclusive_WD
+++ working on day --- 2024-03-26 +++
read_and_treat_AR_exclusive read_and_treat_AR_exclusive
read_and_treat_AR_exclusive read_and_treat_AR_exclusive
read_and_treat_AR_exclusive read_and_treat_AR_exclusive
read_and_treat_AR_exclusive_WD read_and_treat_AR_exclusive_WD
+++ working on day --- 2024-03-27 +++
read_and_treat_AR_exclusive read_and_treat_AR_exclusive
read_and_treat_AR_exclusive read_and_treat_AR_exclusive
read_and_treat_AR_exclusive read_and_treat_AR_exclusive
read_and_treat_AR_exclusive_WD read_and_treat_AR_exclusive_WD
+++ working on day --- 2024-03-28 +++
read_and_treat_AR_exclusive read_and_treat_AR_exclusive
read_and_treat_AR_exclusive read_and_treat_AR_exclusive
read_and_treat_AR_exclusive read_and_treat_AR_exclusive
read_and_treat_AR_exclusive_WD read_and_treat_AR_exclusive_WD
+++ working on day --- 2024-03-29 +++
read_and_treat_AR_exclusive read_and_treat_AR_exclusive
read_and_treat_AR_exclusive read_and_treat_AR_exclusive
read_and_treat_AR_exclusive read_and_treat_AR_exclusive
read_and_treat_AR_exclusive_WD read_and_treat_AR_exclusive_WD
+++ working on day --- 2024-03-30 +++
read_and_treat_AR_exclusive read_and_treat_AR_exclusive
read_and_treat_AR_exclusive read_and_treat_AR_exclusive
read_and_treat_AR_exclusive read_and_treat_AR_exclusive
read_and_treat_AR_exclusive_WD read_and_treat_AR_exclusive_WD
+++ working on day --- 2024-03-31 +++
read_and_treat_AR_exclusive read_and_treat_AR_exclusive
read_and_treat_AR_exclusive read_and_treat_AR_exclusive
read_and_treat_AR_exclusive read_and_treat_AR_exclusive
read_and_treat_AR_exclusive_WD read_and_treat_AR_exclusive_WD
+++ working on day --- 2024-04-01 +++
read_and_treat_AR_exclusive read_and_treat_AR_exclusive
read_and_treat_AR_exclusive read_and_treat_AR_exclusive
read_and_treat_AR_exclusive read_and_treat_AR_exclusive
read_and_treat_AR_exclusive_WD read_and_treat_AR_exclusive_WD
+++ working on day --- 2024-04-02 +++
read_and_treat_AR_exclusive read_and_treat_AR_exclusive
read_and_treat_AR_exclusive read_and_treat_AR_exclusive
read_and_treat_AR_exclusive read_and_treat_AR_exclusive
read_and_treat_AR_exclusive_WD read_and_treat_AR_exclusive_WD
+++ working on day --- 2024-04-03 +++
read_and_treat_AR_exclusive read_and_treat_AR_exclusive
read_and_treat_AR_exclusive read_and_treat_AR_exclusive
read_and_treat_AR_exclusive read_and_treat_AR_exclusive
read_and_treat_AR_exclusive_WD read_and_treat_AR_exclusive_WD
+++ working on day --- 2024-04-04 +++
read_and_treat_AR_exclusive read_and_treat_AR_exclusive
read_and_treat_AR_exclusive read_and_treat_AR_exclusive
read_and_treat_AR_exclusive read_and_treat_AR_exclusive
read_and_treat_AR_exclusive_WD read_and_treat_AR_exclusive_WD
+++ working on day --- 2024-04-05 +++
read_and_treat_AR_exclusive read_and_treat_AR_exclusive
read_and_treat_AR_exclusive read_and_treat_AR_exclusive
read_and_treat_AR_exclusive read_and_treat_AR_exclusive
read_and_treat_AR_exclusive_WD read_and_treat_AR_exclusive_WD
+++ working on day --- 2024-04-06 +++
read_and_treat_AR_exclusive read_and_treat_AR_exclusive
read_and_treat_AR_exclusive read_and_treat_AR_exclusive
read_and_treat_AR_exclusive read_and_treat_AR_exclusive
read_and_treat_AR_exclusive_WD read_and_treat_AR_exclusive_WD
+++ working on day --- 2024-04-07 +++
read_and_treat_AR_exclusive read_and_treat_AR_exclusive
read_and_treat_AR_exclusive read_and_treat_AR_exclusive
read_and_treat_AR_exclusive read_and_treat_AR_exclusive
read_and_treat_AR_exclusive_WD read_and_treat_AR_exclusive_WD
+++ working on day --- 2024-04-08 +++
read_and_treat_AR_exclusive read_and_treat_AR_exclusive
read_and_treat_AR_exclusive read_and_treat_AR_exclusive
read_and_treat_AR_exclusive read_and_treat_AR_exclusive
read_and_treat_AR_exclusive_WD read_and_treat_AR_exclusive_WD
+++ working on day --- 2024-04-09 +++
read_and_treat_AR_exclusive read_and_treat_AR_exclusive
read_and_treat_AR_exclusive read_and_treat_AR_exclusive
read_and_treat_AR_exclusive read_and_treat_AR_exclusive
read_and_treat_AR_exclusive_WD read_and_treat_AR_exclusive_WD
+++ working on day --- 2024-04-10 +++
read_and_treat_AR_exclusive read_and_treat_AR_exclusive
read_and_treat_AR_exclusive read_and_treat_AR_exclusive
read_and_treat_AR_exclusive read_and_treat_AR_exclusive
read_and_treat_AR_exclusive_WD read_and_treat_AR_exclusive_WD
+++ working on day --- 2024-04-11 +++
read_and_treat_AR_exclusive read_and_treat_AR_exclusive
read_and_treat_AR_exclusive read_and_treat_AR_exclusive
read_and_treat_AR_exclusive read_and_treat_AR_exclusive
read_and_treat_AR_exclusive_WD read_and_treat_AR_exclusive_WD
+++ working on day --- 2024-04-12 +++
read_and_treat_AR_exclusive read_and_treat_AR_exclusive
read_and_treat_AR_exclusive read_and_treat_AR_exclusive
read_and_treat_AR_exclusive read_and_treat_AR_exclusive
read_and_treat_AR_exclusive_WD read_and_treat_AR_exclusive_WD
+++ working on day --- 2024-04-13 +++
read_and_treat_AR_exclusive read_and_treat_AR_exclusive
read_and_treat_AR_exclusive read_and_treat_AR_exclusive
read_and_treat_AR_exclusive read_and_treat_AR_exclusive
read_and_treat_AR_exclusive_WD read_and_treat_AR_exclusive_WD
+++ working on day --- 2024-04-14 +++
read_and_treat_AR_exclusive read_and_treat_AR_exclusive
read_and_treat_AR_exclusive read_and_treat_AR_exclusive
read_and_treat_AR_exclusive read_and_treat_AR_exclusive
read_and_treat_AR_exclusive_WD read_and_treat_AR_exclusive_WD
+++ working on day --- 2024-04-15 +++
read_and_treat_AR_exclusive read_and_treat_AR_exclusive
read_and_treat_AR_exclusive read_and_treat_AR_exclusive
read_and_treat_AR_exclusive read_and_treat_AR_exclusive
read_and_treat_AR_exclusive_WD read_and_treat_AR_exclusive_WD
+++ working on day --- 2024-04-16 +++
read_and_treat_AR_exclusive read_and_treat_AR_exclusive
read_and_treat_AR_exclusive read_and_treat_AR_exclusive
read_and_treat_AR_exclusive read_and_treat_AR_exclusive
read_and_treat_AR_exclusive_WD read_and_treat_AR_exclusive_WD
+++ working on day --- 2024-04-17 +++
read_and_treat_AR_exclusive read_and_treat_AR_exclusive
read_and_treat_AR_exclusive read_and_treat_AR_exclusive
read_and_treat_AR_exclusive read_and_treat_AR_exclusive
read_and_treat_AR_exclusive_WD read_and_treat_AR_exclusive_WD
+++ working on day --- 2024-04-18 +++
read_and_treat_AR_exclusive read_and_treat_AR_exclusive
read_and_treat_AR_exclusive read_and_treat_AR_exclusive
read_and_treat_AR_exclusive read_and_treat_AR_exclusive
read_and_treat_AR_exclusive_WD read_and_treat_AR_exclusive_WD
+++ working on day --- 2024-04-19 +++
read_and_treat_AR_exclusive read_and_treat_AR_exclusive
read_and_treat_AR_exclusive read_and_treat_AR_exclusive
read_and_treat_AR_exclusive read_and_treat_AR_exclusive
read_and_treat_AR_exclusive_WD read_and_treat_AR_exclusive_WD
+++ working on day --- 2024-04-20 +++
read_and_treat_AR_exclusive read_and_treat_AR_exclusive
read_and_treat_AR_exclusive read_and_treat_AR_exclusive
read_and_treat_AR_exclusive read_and_treat_AR_exclusive
read_and_treat_AR_exclusive_WD read_and_treat_AR_exclusive_WD
+++ working on day --- 2024-04-21 +++
read_and_treat_AR_exclusive read_and_treat_AR_exclusive
read_and_treat_AR_exclusive read_and_treat_AR_exclusive
read_and_treat_AR_exclusive read_and_treat_AR_exclusive
read_and_treat_AR_exclusive_WD read_and_treat_AR_exclusive_WD
+++ working on day --- 2024-04-22 +++
read_and_treat_AR_exclusive read_and_treat_AR_exclusive
read_and_treat_AR_exclusive read_and_treat_AR_exclusive
read_and_treat_AR_exclusive read_and_treat_AR_exclusive
read_and_treat_AR_exclusive_WD read_and_treat_AR_exclusive_WD
+++ working on day --- 2024-04-23 +++
read_and_treat_AR_exclusive read_and_treat_AR_exclusive
read_and_treat_AR_exclusive read_and_treat_AR_exclusive
read_and_treat_AR_exclusive read_and_treat_AR_exclusive
read_and_treat_AR_exclusive_WD read_and_treat_AR_exclusive_WD
+++ working on day --- 2024-04-24 +++
read_and_treat_AR_exclusive read_and_treat_AR_exclusive
read_and_treat_AR_exclusive read_and_treat_AR_exclusive
read_and_treat_AR_exclusive read_and_treat_AR_exclusive
read_and_treat_AR_exclusive_WD read_and_treat_AR_exclusive_WD
+++ working on day --- 2024-04-25 +++
read_and_treat_AR_exclusive read_and_treat_AR_exclusive
read_and_treat_AR_exclusive read_and_treat_AR_exclusive
read_and_treat_AR_exclusive read_and_treat_AR_exclusive
read_and_treat_AR_exclusive_WD read_and_treat_AR_exclusive_WD
+++ working on day --- 2024-04-26 +++
read_and_treat_AR_exclusive read_and_treat_AR_exclusive
read_and_treat_AR_exclusive read_and_treat_AR_exclusive
read_and_treat_AR_exclusive read_and_treat_AR_exclusive
read_and_treat_AR_exclusive_WD read_and_treat_AR_exclusive_WD
+++ working on day --- 2024-04-27 +++
read_and_treat_AR_exclusive read_and_treat_AR_exclusive
read_and_treat_AR_exclusive read_and_treat_AR_exclusive
read_and_treat_AR_exclusive read_and_treat_AR_exclusive
read_and_treat_AR_exclusive_WD read_and_treat_AR_exclusive_WD
+++ working on day --- 2024-04-28 +++
read_and_treat_AR_exclusive read_and_treat_AR_exclusive
read_and_treat_AR_exclusive read_and_treat_AR_exclusive
read_and_treat_AR_exclusive read_and_treat_AR_exclusive
read_and_treat_AR_exclusive_WD read_and_treat_AR_exclusive_WD
+++ working on day --- 2024-04-29 +++
read_and_treat_AR_exclusive read_and_treat_AR_exclusive
read_and_treat_AR_exclusive read_and_treat_AR_exclusive
read_and_treat_AR_exclusive read_and_treat_AR_exclusive
read_and_treat_AR_exclusive_WD read_and_treat_AR_exclusive_WD
+++ working on day --- 2024-04-30 +++
read_and_treat_AR_exclusive read_and_treat_AR_exclusive
read_and_treat_AR_exclusive read_and_treat_AR_exclusive
read_and_treat_AR_exclusive read_and_treat_AR_exclusive
read_and_treat_AR_exclusive_WD read_and_treat_AR_exclusive_WD
+++ working on day --- 2024-05-01 +++
read_and_treat_AR_exclusive read_and_treat_AR_exclusive
read_and_treat_AR_exclusive read_and_treat_AR_exclusive
read_and_treat_AR_exclusive read_and_treat_AR_exclusive
read_and_treat_AR_exclusive_WD read_and_treat_AR_exclusive_WD
+++ working on day --- 2024-05-02 +++
read_and_treat_AR_exclusive read_and_treat_AR_exclusive
read_and_treat_AR_exclusive read_and_treat_AR_exclusive
read_and_treat_AR_exclusive read_and_treat_AR_exclusive
read_and_treat_AR_exclusive_WD read_and_treat_AR_exclusive_WD
+++ working on day --- 2024-05-03 +++
read_and_treat_AR_exclusive read_and_treat_AR_exclusive
read_and_treat_AR_exclusive read_and_treat_AR_exclusive
read_and_treat_AR_exclusive read_and_treat_AR_exclusive
read_and_treat_AR_exclusive_WD read_and_treat_AR_exclusive_WD
+++ working on day --- 2024-05-04 +++
read_and_treat_AR_exclusive read_and_treat_AR_exclusive
read_and_treat_AR_exclusive read_and_treat_AR_exclusive
read_and_treat_AR_exclusive read_and_treat_AR_exclusive
read_and_treat_AR_exclusive_WD read_and_treat_AR_exclusive_WD
+++ working on day --- 2024-05-05 +++
read_and_treat_AR_exclusive read_and_treat_AR_exclusive
read_and_treat_AR_exclusive read_and_treat_AR_exclusive
read_and_treat_AR_exclusive read_and_treat_AR_exclusive
read_and_treat_AR_exclusive_WD read_and_treat_AR_exclusive_WD
+++ working on day --- 2024-05-06 +++
read_and_treat_AR_exclusive read_and_treat_AR_exclusive
read_and_treat_AR_exclusive read_and_treat_AR_exclusive
read_and_treat_AR_exclusive read_and_treat_AR_exclusive
read_and_treat_AR_exclusive_WD read_and_treat_AR_exclusive_WD
+++ working on day --- 2024-05-07 +++
read_and_treat_AR_exclusive read_and_treat_AR_exclusive
read_and_treat_AR_exclusive read_and_treat_AR_exclusive
read_and_treat_AR_exclusive read_and_treat_AR_exclusive
read_and_treat_AR_exclusive_WD read_and_treat_AR_exclusive_WD
+++ working on day --- 2024-05-08 +++
read_and_treat_AR_exclusive read_and_treat_AR_exclusive
read_and_treat_AR_exclusive read_and_treat_AR_exclusive
read_and_treat_AR_exclusive read_and_treat_AR_exclusive
read_and_treat_AR_exclusive_WD read_and_treat_AR_exclusive_WD
+++ working on day --- 2024-05-09 +++
read_and_treat_AR_exclusive read_and_treat_AR_exclusive
read_and_treat_AR_exclusive read_and_treat_AR_exclusive
read_and_treat_AR_exclusive read_and_treat_AR_exclusive
read_and_treat_AR_exclusive_WD read_and_treat_AR_exclusive_WD
+++ working on day --- 2024-05-10 +++
read_and_treat_AR_exclusive read_and_treat_AR_exclusive
read_and_treat_AR_exclusive read_and_treat_AR_exclusive
read_and_treat_AR_exclusive_WD read_and_treat_AR_exclusive_WD
+++ working on day --- 2024-05-11 +++
read_and_treat_AR_exclusive read_and_treat_AR_exclusive
read_and_treat_AR_exclusive read_and_treat_AR_exclusive
read_and_treat_AR_exclusive read_and_treat_AR_exclusive
read_and_treat_AR_exclusive_WD read_and_treat_AR_exclusive_WD
+++ working on day --- 2024-05-12 +++
read_and_treat_AR_exclusive read_and_treat_AR_exclusive
read_and_treat_AR_exclusive read_and_treat_AR_exclusive
read_and_treat_AR_exclusive read_and_treat_AR_exclusive
read_and_treat_AR_exclusive_WD read_and_treat_AR_exclusive_WD
+++ working on day --- 2024-05-13 +++
read_and_treat_AR_exclusive read_and_treat_AR_exclusive
read_and_treat_AR_exclusive read_and_treat_AR_exclusive
read_and_treat_AR_exclusive read_and_treat_AR_exclusive
read_and_treat_AR_exclusive_WD read_and_treat_AR_exclusive_WD
+++ working on day --- 2024-05-14 +++
read_and_treat_AR_exclusive read_and_treat_AR_exclusive
read_and_treat_AR_exclusive read_and_treat_AR_exclusive
read_and_treat_AR_exclusive read_and_treat_AR_exclusive
read_and_treat_AR_exclusive_WD read_and_treat_AR_exclusive_WD
+++ working on day --- 2024-05-15 +++
read_and_treat_AR_exclusive read_and_treat_AR_exclusive
read_and_treat_AR_exclusive read_and_treat_AR_exclusive
read_and_treat_AR_exclusive read_and_treat_AR_exclusive
read_and_treat_AR_exclusive_WD read_and_treat_AR_exclusive_WD
+++ working on day --- 2024-05-16 +++
read_and_treat_AR_exclusive read_and_treat_AR_exclusive
read_and_treat_AR_exclusive read_and_treat_AR_exclusive
read_and_treat_AR_exclusive read_and_treat_AR_exclusive
read_and_treat_AR_exclusive_WD read_and_treat_AR_exclusive_WD
+++ working on day --- 2024-05-17 +++
read_and_treat_AR_exclusive read_and_treat_AR_exclusive
read_and_treat_AR_exclusive read_and_treat_AR_exclusive
read_and_treat_AR_exclusive read_and_treat_AR_exclusive
read_and_treat_AR_exclusive_WD read_and_treat_AR_exclusive_WD
+++ working on day --- 2024-05-18 +++
read_and_treat_AR_exclusive read_and_treat_AR_exclusive
read_and_treat_AR_exclusive read_and_treat_AR_exclusive
read_and_treat_AR_exclusive_WD read_and_treat_AR_exclusive_WD
+++ working on day --- 2024-05-19 +++
read_and_treat_AR_exclusive read_and_treat_AR_exclusive
read_and_treat_AR_exclusive read_and_treat_AR_exclusive
read_and_treat_AR_exclusive_WD read_and_treat_AR_exclusive_WD
+++ working on day --- 2024-05-20 +++
read_and_treat_AR_exclusive read_and_treat_AR_exclusive
read_and_treat_AR_exclusive read_and_treat_AR_exclusive
read_and_treat_AR_exclusive_WD read_and_treat_AR_exclusive_WD
+++ working on day --- 2024-05-21 +++
grep: /home/report/DATA/DA_TRATTARE/test/day/20240521_wapor_evol_time_Height_5_20000_AR_day.dat: No such file or directory
read_and_treat_AR_exclusive read_and_treat_AR_exclusive
read_and_treat_AR_exclusive read_and_treat_AR_exclusive
read_and_treat_AR_exclusive_WD read_and_treat_AR_exclusive_WD
+++ working on day --- 2024-05-22 +++
grep: /home/report/DATA/DA_TRATTARE/test/day/20240522_wapor_evol_time_Height_5_20000_AR_day.dat: No such file or directory
read_and_treat_AR_exclusive read_and_treat_AR_exclusive
read_and_treat_AR_exclusive read_and_treat_AR_exclusive
read_and_treat_AR_exclusive_WD read_and_treat_AR_exclusive_WD
+++ working on day --- 2024-05-23 +++
grep: /home/report/DATA/DA_TRATTARE/test/day/20240523_wapor_evol_time_Height_5_20000_AR_day.dat: No such file or directory
read_and_treat_AR_exclusive read_and_treat_AR_exclusive
read_and_treat_AR_exclusive read_and_treat_AR_exclusive
read_and_treat_AR_exclusive_WD read_and_treat_AR_exclusive_WD
+++ working on day --- 2024-05-24 +++
grep: /home/report/DATA/DA_TRATTARE/test/day/20240524_wapor_evol_time_Height_5_20000_AR_day.dat: No such file or directory
read_and_treat_AR_exclusive read_and_treat_AR_exclusive
read_and_treat_AR_exclusive read_and_treat_AR_exclusive
read_and_treat_AR_exclusive_WD read_and_treat_AR_exclusive_WD
+++ working on day --- 2024-05-25 +++
grep: /home/report/DATA/DA_TRATTARE/test/day/20240525_wapor_evol_time_Height_5_20000_AR_day.dat: No such file or directory
read_and_treat_AR_exclusive read_and_treat_AR_exclusive
read_and_treat_AR_exclusive read_and_treat_AR_exclusive
read_and_treat_AR_exclusive_WD read_and_treat_AR_exclusive_WD
+++ working on day --- 2024-05-26 +++
read_and_treat_AR_exclusive read_and_treat_AR_exclusive
read_and_treat_AR_exclusive read_and_treat_AR_exclusive
read_and_treat_AR_exclusive_WD read_and_treat_AR_exclusive_WD
+++ working on day --- 2024-05-27 +++
read_and_treat_AR_exclusive read_and_treat_AR_exclusive
read_and_treat_AR_exclusive read_and_treat_AR_exclusive
read_and_treat_AR_exclusive_WD read_and_treat_AR_exclusive_WD
+++ working on day --- 2024-05-28 +++
read_and_treat_AR_exclusive read_and_treat_AR_exclusive
read_and_treat_AR_exclusive read_and_treat_AR_exclusive
read_and_treat_AR_exclusive_WD read_and_treat_AR_exclusive_WD
+++ working on day --- 2024-05-29 +++
read_and_treat_AR_exclusive read_and_treat_AR_exclusive
read_and_treat_AR_exclusive read_and_treat_AR_exclusive
read_and_treat_AR_exclusive read_and_treat_AR_exclusive
read_and_treat_AR_exclusive_WD read_and_treat_AR_exclusive_WD
+++ working on day --- 2024-05-30 +++
read_and_treat_AR_exclusive read_and_treat_AR_exclusive
read_and_treat_AR_exclusive read_and_treat_AR_exclusive
read_and_treat_AR_exclusive read_and_treat_AR_exclusive
read_and_treat_AR_exclusive_WD read_and_treat_AR_exclusive_WD
+++ working on day --- 2024-05-31 +++
read_and_treat_AR_exclusive read_and_treat_AR_exclusive
read_and_treat_AR_exclusive read_and_treat_AR_exclusive
read_and_treat_AR_exclusive read_and_treat_AR_exclusive
read_and_treat_AR_exclusive_WD read_and_treat_AR_exclusive_WD
+++ working on day --- 2024-06-01 +++
read_and_treat_AR_exclusive read_and_treat_AR_exclusive
read_and_treat_AR_exclusive read_and_treat_AR_exclusive
read_and_treat_AR_exclusive read_and_treat_AR_exclusive
read_and_treat_AR_exclusive_WD read_and_treat_AR_exclusive_WD
+++ working on day --- 2024-06-02 +++
read_and_treat_AR_exclusive read_and_treat_AR_exclusive
read_and_treat_AR_exclusive read_and_treat_AR_exclusive
read_and_treat_AR_exclusive read_and_treat_AR_exclusive
read_and_treat_AR_exclusive_WD read_and_treat_AR_exclusive_WD
+++ working on day --- 2024-06-03 +++
read_and_treat_AR_exclusive read_and_treat_AR_exclusive
read_and_treat_AR_exclusive read_and_treat_AR_exclusive
read_and_treat_AR_exclusive read_and_treat_AR_exclusive
read_and_treat_AR_exclusive_WD read_and_treat_AR_exclusive_WD
+++ working on day --- 2024-06-04 +++
read_and_treat_AR_exclusive read_and_treat_AR_exclusive
read_and_treat_AR_exclusive read_and_treat_AR_exclusive
read_and_treat_AR_exclusive read_and_treat_AR_exclusive
read_and_treat_AR_exclusive_WD read_and_treat_AR_exclusive_WD
+++ working on day --- 2024-06-05 +++
read_and_treat_AR_exclusive read_and_treat_AR_exclusive
read_and_treat_AR_exclusive read_and_treat_AR_exclusive
read_and_treat_AR_exclusive read_and_treat_AR_exclusive
read_and_treat_AR_exclusive_WD read_and_treat_AR_exclusive_WD
+++ working on day --- 2024-06-06 +++
read_and_treat_AR_exclusive read_and_treat_AR_exclusive
read_and_treat_AR_exclusive read_and_treat_AR_exclusive
read_and_treat_AR_exclusive read_and_treat_AR_exclusive
read_and_treat_AR_exclusive_WD read_and_treat_AR_exclusive_WD
+++ working on day --- 2024-06-07 +++
read_and_treat_AR_exclusive read_and_treat_AR_exclusive
read_and_treat_AR_exclusive read_and_treat_AR_exclusive
read_and_treat_AR_exclusive read_and_treat_AR_exclusive
read_and_treat_AR_exclusive_WD read_and_treat_AR_exclusive_WD
+++ working on day --- 2024-06-08 +++
read_and_treat_AR_exclusive read_and_treat_AR_exclusive
read_and_treat_AR_exclusive read_and_treat_AR_exclusive
read_and_treat_AR_exclusive read_and_treat_AR_exclusive
read_and_treat_AR_exclusive_WD read_and_treat_AR_exclusive_WD
+++ working on day --- 2024-06-09 +++
read_and_treat_AR_exclusive read_and_treat_AR_exclusive
read_and_treat_AR_exclusive read_and_treat_AR_exclusive
read_and_treat_AR_exclusive read_and_treat_AR_exclusive
read_and_treat_AR_exclusive_WD read_and_treat_AR_exclusive_WD
+++ working on day --- 2024-06-10 +++
read_and_treat_AR_exclusive read_and_treat_AR_exclusive
read_and_treat_AR_exclusive read_and_treat_AR_exclusive
read_and_treat_AR_exclusive read_and_treat_AR_exclusive
read_and_treat_AR_exclusive_WD read_and_treat_AR_exclusive_WD
+++ working on day --- 2024-06-11 +++
read_and_treat_AR_exclusive read_and_treat_AR_exclusive
read_and_treat_AR_exclusive read_and_treat_AR_exclusive
read_and_treat_AR_exclusive read_and_treat_AR_exclusive
read_and_treat_AR_exclusive_WD read_and_treat_AR_exclusive_WD
+++ working on day --- 2024-06-12 +++
read_and_treat_AR_exclusive read_and_treat_AR_exclusive
read_and_treat_AR_exclusive read_and_treat_AR_exclusive
read_and_treat_AR_exclusive read_and_treat_AR_exclusive
read_and_treat_AR_exclusive_WD read_and_treat_AR_exclusive_WD
+++ working on day --- 2024-06-13 +++
read_and_treat_AR_exclusive read_and_treat_AR_exclusive
read_and_treat_AR_exclusive read_and_treat_AR_exclusive
read_and_treat_AR_exclusive read_and_treat_AR_exclusive
read_and_treat_AR_exclusive_WD read_and_treat_AR_exclusive_WD
+++ working on day --- 2024-06-14 +++
read_and_treat_AR_exclusive read_and_treat_AR_exclusive
read_and_treat_AR_exclusive read_and_treat_AR_exclusive
read_and_treat_AR_exclusive read_and_treat_AR_exclusive
read_and_treat_AR_exclusive_WD read_and_treat_AR_exclusive_WD
+++ working on day --- 2024-06-15 +++
read_and_treat_AR_exclusive read_and_treat_AR_exclusive
read_and_treat_AR_exclusive read_and_treat_AR_exclusive
read_and_treat_AR_exclusive read_and_treat_AR_exclusive
read_and_treat_AR_exclusive_WD read_and_treat_AR_exclusive_WD
+++ working on day --- 2024-06-16 +++
read_and_treat_AR_exclusive read_and_treat_AR_exclusive
read_and_treat_AR_exclusive read_and_treat_AR_exclusive
read_and_treat_AR_exclusive read_and_treat_AR_exclusive
read_and_treat_AR_exclusive_WD read_and_treat_AR_exclusive_WD
+++ working on day --- 2024-06-17 +++
read_and_treat_AR_exclusive read_and_treat_AR_exclusive
read_and_treat_AR_exclusive read_and_treat_AR_exclusive
read_and_treat_AR_exclusive read_and_treat_AR_exclusive
read_and_treat_AR_exclusive_WD read_and_treat_AR_exclusive_WD
+++ working on day --- 2024-06-18 +++
read_and_treat_AR_exclusive read_and_treat_AR_exclusive
read_and_treat_AR_exclusive read_and_treat_AR_exclusive
read_and_treat_AR_exclusive read_and_treat_AR_exclusive
read_and_treat_AR_exclusive_WD read_and_treat_AR_exclusive_WD
+++ working on day --- 2024-06-19 +++
read_and_treat_AR_exclusive read_and_treat_AR_exclusive
read_and_treat_AR_exclusive read_and_treat_AR_exclusive
read_and_treat_AR_exclusive read_and_treat_AR_exclusive
read_and_treat_AR_exclusive_WD read_and_treat_AR_exclusive_WD
+++ working on day --- 2024-06-20 +++
read_and_treat_AR_exclusive read_and_treat_AR_exclusive
read_and_treat_AR_exclusive read_and_treat_AR_exclusive
read_and_treat_AR_exclusive read_and_treat_AR_exclusive
read_and_treat_AR_exclusive_WD read_and_treat_AR_exclusive_WD
+++ working on day --- 2024-06-21 +++
read_and_treat_AR_exclusive read_and_treat_AR_exclusive
read_and_treat_AR_exclusive read_and_treat_AR_exclusive
read_and_treat_AR_exclusive read_and_treat_AR_exclusive
read_and_treat_AR_exclusive_WD read_and_treat_AR_exclusive_WD
+++ working on day --- 2024-06-22 +++
read_and_treat_AR_exclusive read_and_treat_AR_exclusive
read_and_treat_AR_exclusive read_and_treat_AR_exclusive
read_and_treat_AR_exclusive read_and_treat_AR_exclusive
read_and_treat_AR_exclusive_WD read_and_treat_AR_exclusive_WD
+++ working on day --- 2024-06-23 +++
read_and_treat_AR_exclusive read_and_treat_AR_exclusive
read_and_treat_AR_exclusive read_and_treat_AR_exclusive
read_and_treat_AR_exclusive read_and_treat_AR_exclusive
read_and_treat_AR_exclusive_WD read_and_treat_AR_exclusive_WD
+++ working on day --- 2024-06-24 +++
read_and_treat_AR_exclusive read_and_treat_AR_exclusive
read_and_treat_AR_exclusive read_and_treat_AR_exclusive
read_and_treat_AR_exclusive read_and_treat_AR_exclusive
read_and_treat_AR_exclusive_WD read_and_treat_AR_exclusive_WD
+++ working on day --- 2024-06-25 +++
read_and_treat_AR_exclusive read_and_treat_AR_exclusive
read_and_treat_AR_exclusive read_and_treat_AR_exclusive
read_and_treat_AR_exclusive read_and_treat_AR_exclusive
read_and_treat_AR_exclusive_WD read_and_treat_AR_exclusive_WD
+++ working on day --- 2024-06-26 +++
read_and_treat_AR_exclusive read_and_treat_AR_exclusive
read_and_treat_AR_exclusive read_and_treat_AR_exclusive
read_and_treat_AR_exclusive read_and_treat_AR_exclusive
read_and_treat_AR_exclusive_WD read_and_treat_AR_exclusive_WD
+++ working on day --- 2024-06-27 +++
read_and_treat_AR_exclusive read_and_treat_AR_exclusive
read_and_treat_AR_exclusive read_and_treat_AR_exclusive
read_and_treat_AR_exclusive read_and_treat_AR_exclusive
read_and_treat_AR_exclusive_WD read_and_treat_AR_exclusive_WD
+++ working on day --- 2024-06-28 +++
read_and_treat_AR_exclusive read_and_treat_AR_exclusive
read_and_treat_AR_exclusive read_and_treat_AR_exclusive
read_and_treat_AR_exclusive read_and_treat_AR_exclusive
read_and_treat_AR_exclusive_WD read_and_treat_AR_exclusive_WD
+++ working on day --- 2024-06-29 +++
read_and_treat_AR_exclusive read_and_treat_AR_exclusive
read_and_treat_AR_exclusive read_and_treat_AR_exclusive
read_and_treat_AR_exclusive read_and_treat_AR_exclusive
read_and_treat_AR_exclusive_WD read_and_treat_AR_exclusive_WD
+++ working on day --- 2024-06-30 +++
read_and_treat_AR_exclusive read_and_treat_AR_exclusive
read_and_treat_AR_exclusive read_and_treat_AR_exclusive
read_and_treat_AR_exclusive read_and_treat_AR_exclusive
read_and_treat_AR_exclusive_WD read_and_treat_AR_exclusive_WD
+++ working on day --- 2024-07-01 +++
read_and_treat_AR_exclusive read_and_treat_AR_exclusive
read_and_treat_AR_exclusive read_and_treat_AR_exclusive
read_and_treat_AR_exclusive read_and_treat_AR_exclusive
read_and_treat_AR_exclusive_WD read_and_treat_AR_exclusive_WD
+++ working on day --- 2024-07-02 +++
read_and_treat_AR_exclusive read_and_treat_AR_exclusive
read_and_treat_AR_exclusive read_and_treat_AR_exclusive
read_and_treat_AR_exclusive read_and_treat_AR_exclusive
read_and_treat_AR_exclusive_WD read_and_treat_AR_exclusive_WD
+++ working on day --- 2024-07-03 +++
read_and_treat_AR_exclusive read_and_treat_AR_exclusive
read_and_treat_AR_exclusive read_and_treat_AR_exclusive
read_and_treat_AR_exclusive read_and_treat_AR_exclusive
read_and_treat_AR_exclusive_WD read_and_treat_AR_exclusive_WD
+++ working on day --- 2024-07-04 +++
read_and_treat_AR_exclusive read_and_treat_AR_exclusive
read_and_treat_AR_exclusive read_and_treat_AR_exclusive
read_and_treat_AR_exclusive read_and_treat_AR_exclusive
read_and_treat_AR_exclusive_WD read_and_treat_AR_exclusive_WD
+++ working on day --- 2024-07-05 +++
read_and_treat_AR_exclusive read_and_treat_AR_exclusive
read_and_treat_AR_exclusive read_and_treat_AR_exclusive
read_and_treat_AR_exclusive read_and_treat_AR_exclusive
read_and_treat_AR_exclusive_WD read_and_treat_AR_exclusive_WD
+++ working on day --- 2024-07-06 +++
read_and_treat_AR_exclusive read_and_treat_AR_exclusive
read_and_treat_AR_exclusive read_and_treat_AR_exclusive
read_and_treat_AR_exclusive read_and_treat_AR_exclusive
read_and_treat_AR_exclusive_WD read_and_treat_AR_exclusive_WD
+++ working on day --- 2024-07-07 +++
read_and_treat_AR_exclusive read_and_treat_AR_exclusive
read_and_treat_AR_exclusive read_and_treat_AR_exclusive
read_and_treat_AR_exclusive read_and_treat_AR_exclusive
read_and_treat_AR_exclusive_WD read_and_treat_AR_exclusive_WD
+++ working on day --- 2024-07-08 +++
read_and_treat_AR_exclusive read_and_treat_AR_exclusive
read_and_treat_AR_exclusive read_and_treat_AR_exclusive
read_and_treat_AR_exclusive read_and_treat_AR_exclusive
read_and_treat_AR_exclusive_WD read_and_treat_AR_exclusive_WD
+++ working on day --- 2024-07-09 +++
read_and_treat_AR_exclusive read_and_treat_AR_exclusive
read_and_treat_AR_exclusive read_and_treat_AR_exclusive
read_and_treat_AR_exclusive read_and_treat_AR_exclusive
read_and_treat_AR_exclusive_WD read_and_treat_AR_exclusive_WD
+++ working on day --- 2024-07-10 +++
read_and_treat_AR_exclusive read_and_treat_AR_exclusive
read_and_treat_AR_exclusive read_and_treat_AR_exclusive
read_and_treat_AR_exclusive read_and_treat_AR_exclusive
read_and_treat_AR_exclusive_WD read_and_treat_AR_exclusive_WD
+++ working on day --- 2024-07-11 +++
read_and_treat_AR_exclusive read_and_treat_AR_exclusive
read_and_treat_AR_exclusive read_and_treat_AR_exclusive
read_and_treat_AR_exclusive read_and_treat_AR_exclusive
read_and_treat_AR_exclusive_WD read_and_treat_AR_exclusive_WD
+++ working on day --- 2024-07-12 +++
read_and_treat_AR_exclusive read_and_treat_AR_exclusive
read_and_treat_AR_exclusive read_and_treat_AR_exclusive
read_and_treat_AR_exclusive read_and_treat_AR_exclusive
read_and_treat_AR_exclusive_WD read_and_treat_AR_exclusive_WD
+++ working on day --- 2024-07-13 +++
read_and_treat_AR_exclusive read_and_treat_AR_exclusive
read_and_treat_AR_exclusive read_and_treat_AR_exclusive
read_and_treat_AR_exclusive read_and_treat_AR_exclusive
read_and_treat_AR_exclusive_WD read_and_treat_AR_exclusive_WD
+++ working on day --- 2024-07-14 +++
read_and_treat_AR_exclusive read_and_treat_AR_exclusive
read_and_treat_AR_exclusive read_and_treat_AR_exclusive
read_and_treat_AR_exclusive read_and_treat_AR_exclusive
read_and_treat_AR_exclusive_WD read_and_treat_AR_exclusive_WD
+++ working on day --- 2024-07-15 +++
read_and_treat_AR_exclusive read_and_treat_AR_exclusive
read_and_treat_AR_exclusive read_and_treat_AR_exclusive
read_and_treat_AR_exclusive read_and_treat_AR_exclusive
read_and_treat_AR_exclusive_WD read_and_treat_AR_exclusive_WD
+++ working on day --- 2024-07-16 +++
read_and_treat_AR_exclusive read_and_treat_AR_exclusive
read_and_treat_AR_exclusive read_and_treat_AR_exclusive
read_and_treat_AR_exclusive read_and_treat_AR_exclusive
read_and_treat_AR_exclusive_WD read_and_treat_AR_exclusive_WD
+++ working on day --- 2024-07-17 +++
read_and_treat_AR_exclusive read_and_treat_AR_exclusive
read_and_treat_AR_exclusive read_and_treat_AR_exclusive
read_and_treat_AR_exclusive read_and_treat_AR_exclusive
read_and_treat_AR_exclusive_WD read_and_treat_AR_exclusive_WD
+++ working on day --- 2024-07-18 +++
read_and_treat_AR_exclusive read_and_treat_AR_exclusive
read_and_treat_AR_exclusive read_and_treat_AR_exclusive
read_and_treat_AR_exclusive read_and_treat_AR_exclusive
read_and_treat_AR_exclusive_WD read_and_treat_AR_exclusive_WD
+++ working on day --- 2024-07-19 +++
read_and_treat_AR_exclusive read_and_treat_AR_exclusive
read_and_treat_AR_exclusive read_and_treat_AR_exclusive
read_and_treat_AR_exclusive read_and_treat_AR_exclusive
read_and_treat_AR_exclusive_WD read_and_treat_AR_exclusive_WD
+++ working on day --- 2024-07-20 +++
read_and_treat_AR_exclusive read_and_treat_AR_exclusive
read_and_treat_AR_exclusive read_and_treat_AR_exclusive
read_and_treat_AR_exclusive read_and_treat_AR_exclusive
read_and_treat_AR_exclusive_WD read_and_treat_AR_exclusive_WD
+++ working on day --- 2024-07-21 +++
read_and_treat_AR_exclusive read_and_treat_AR_exclusive
read_and_treat_AR_exclusive read_and_treat_AR_exclusive
read_and_treat_AR_exclusive read_and_treat_AR_exclusive
read_and_treat_AR_exclusive_WD read_and_treat_AR_exclusive_WD
+++ working on day --- 2024-07-22 +++
read_and_treat_AR_exclusive read_and_treat_AR_exclusive
read_and_treat_AR_exclusive read_and_treat_AR_exclusive
read_and_treat_AR_exclusive read_and_treat_AR_exclusive
read_and_treat_AR_exclusive_WD read_and_treat_AR_exclusive_WD
+++ working on day --- 2024-07-23 +++
read_and_treat_AR_exclusive read_and_treat_AR_exclusive
read_and_treat_AR_exclusive read_and_treat_AR_exclusive
read_and_treat_AR_exclusive read_and_treat_AR_exclusive
read_and_treat_AR_exclusive_WD read_and_treat_AR_exclusive_WD
+++ working on day --- 2024-07-24 +++
read_and_treat_AR_exclusive read_and_treat_AR_exclusive
read_and_treat_AR_exclusive read_and_treat_AR_exclusive
read_and_treat_AR_exclusive read_and_treat_AR_exclusive
read_and_treat_AR_exclusive_WD read_and_treat_AR_exclusive_WD
+++ working on day --- 2024-07-25 +++
read_and_treat_AR_exclusive read_and_treat_AR_exclusive
read_and_treat_AR_exclusive read_and_treat_AR_exclusive
read_and_treat_AR_exclusive read_and_treat_AR_exclusive
read_and_treat_AR_exclusive_WD read_and_treat_AR_exclusive_WD
+++ working on day --- 2024-07-26 +++
read_and_treat_AR_exclusive read_and_treat_AR_exclusive
read_and_treat_AR_exclusive read_and_treat_AR_exclusive
read_and_treat_AR_exclusive read_and_treat_AR_exclusive
read_and_treat_AR_exclusive_WD read_and_treat_AR_exclusive_WD
+++ working on day --- 2024-07-27 +++
read_and_treat_AR_exclusive read_and_treat_AR_exclusive
read_and_treat_AR_exclusive read_and_treat_AR_exclusive
read_and_treat_AR_exclusive read_and_treat_AR_exclusive
read_and_treat_AR_exclusive_WD read_and_treat_AR_exclusive_WD
+++ working on day --- 2024-07-28 +++
read_and_treat_AR_exclusive read_and_treat_AR_exclusive
read_and_treat_AR_exclusive read_and_treat_AR_exclusive
read_and_treat_AR_exclusive read_and_treat_AR_exclusive
read_and_treat_AR_exclusive_WD read_and_treat_AR_exclusive_WD
+++ working on day --- 2024-07-29 +++
read_and_treat_AR_exclusive read_and_treat_AR_exclusive
read_and_treat_AR_exclusive read_and_treat_AR_exclusive
read_and_treat_AR_exclusive read_and_treat_AR_exclusive
read_and_treat_AR_exclusive_WD read_and_treat_AR_exclusive_WD
+++ working on day --- 2024-07-30 +++
read_and_treat_AR_exclusive read_and_treat_AR_exclusive
read_and_treat_AR_exclusive read_and_treat_AR_exclusive
read_and_treat_AR_exclusive read_and_treat_AR_exclusive
read_and_treat_AR_exclusive_WD read_and_treat_AR_exclusive_WD
+++ working on day --- 2024-07-31 +++
read_and_treat_AR_exclusive read_and_treat_AR_exclusive
read_and_treat_AR_exclusive read_and_treat_AR_exclusive
read_and_treat_AR_exclusive read_and_treat_AR_exclusive
read_and_treat_AR_exclusive_WD read_and_treat_AR_exclusive_WD
+++ working on day --- 2024-08-01 +++
read_and_treat_AR_exclusive read_and_treat_AR_exclusive
read_and_treat_AR_exclusive read_and_treat_AR_exclusive
read_and_treat_AR_exclusive read_and_treat_AR_exclusive
read_and_treat_AR_exclusive_WD read_and_treat_AR_exclusive_WD
+++ working on day --- 2024-08-02 +++
read_and_treat_AR_exclusive read_and_treat_AR_exclusive
read_and_treat_AR_exclusive read_and_treat_AR_exclusive
read_and_treat_AR_exclusive read_and_treat_AR_exclusive
read_and_treat_AR_exclusive_WD read_and_treat_AR_exclusive_WD
+++ working on day --- 2024-08-03 +++
read_and_treat_AR_exclusive read_and_treat_AR_exclusive
read_and_treat_AR_exclusive read_and_treat_AR_exclusive
read_and_treat_AR_exclusive read_and_treat_AR_exclusive
read_and_treat_AR_exclusive_WD read_and_treat_AR_exclusive_WD
+++ working on day --- 2024-08-04 +++
read_and_treat_AR_exclusive read_and_treat_AR_exclusive
read_and_treat_AR_exclusive read_and_treat_AR_exclusive
read_and_treat_AR_exclusive read_and_treat_AR_exclusive
read_and_treat_AR_exclusive_WD read_and_treat_AR_exclusive_WD
+++ working on day --- 2024-08-05 +++
read_and_treat_AR_exclusive read_and_treat_AR_exclusive
read_and_treat_AR_exclusive read_and_treat_AR_exclusive
read_and_treat_AR_exclusive read_and_treat_AR_exclusive
read_and_treat_AR_exclusive_WD read_and_treat_AR_exclusive_WD
+++ working on day --- 2024-08-06 +++
read_and_treat_AR_exclusive read_and_treat_AR_exclusive
read_and_treat_AR_exclusive read_and_treat_AR_exclusive
read_and_treat_AR_exclusive read_and_treat_AR_exclusive
read_and_treat_AR_exclusive_WD read_and_treat_AR_exclusive_WD
+++ working on day --- 2024-08-07 +++
read_and_treat_AR_exclusive read_and_treat_AR_exclusive
read_and_treat_AR_exclusive read_and_treat_AR_exclusive
read_and_treat_AR_exclusive read_and_treat_AR_exclusive
read_and_treat_AR_exclusive_WD read_and_treat_AR_exclusive_WD
+++ working on day --- 2024-08-08 +++
read_and_treat_AR_exclusive read_and_treat_AR_exclusive
read_and_treat_AR_exclusive read_and_treat_AR_exclusive
read_and_treat_AR_exclusive read_and_treat_AR_exclusive
read_and_treat_AR_exclusive_WD read_and_treat_AR_exclusive_WD
+++ working on day --- 2024-08-09 +++
read_and_treat_AR_exclusive read_and_treat_AR_exclusive
read_and_treat_AR_exclusive read_and_treat_AR_exclusive
read_and_treat_AR_exclusive read_and_treat_AR_exclusive
read_and_treat_AR_exclusive_WD read_and_treat_AR_exclusive_WD
+++ working on day --- 2024-08-10 +++
read_and_treat_AR_exclusive read_and_treat_AR_exclusive
read_and_treat_AR_exclusive read_and_treat_AR_exclusive
read_and_treat_AR_exclusive read_and_treat_AR_exclusive
read_and_treat_AR_exclusive_WD read_and_treat_AR_exclusive_WD
+++ working on day --- 2024-08-11 +++
read_and_treat_AR_exclusive read_and_treat_AR_exclusive
read_and_treat_AR_exclusive read_and_treat_AR_exclusive
read_and_treat_AR_exclusive read_and_treat_AR_exclusive
read_and_treat_AR_exclusive_WD read_and_treat_AR_exclusive_WD
+++ working on day --- 2024-08-12 +++
read_and_treat_AR_exclusive read_and_treat_AR_exclusive
read_and_treat_AR_exclusive read_and_treat_AR_exclusive
read_and_treat_AR_exclusive read_and_treat_AR_exclusive
read_and_treat_AR_exclusive_WD read_and_treat_AR_exclusive_WD
+++ working on day --- 2024-08-13 +++
read_and_treat_AR_exclusive read_and_treat_AR_exclusive
read_and_treat_AR_exclusive read_and_treat_AR_exclusive
read_and_treat_AR_exclusive read_and_treat_AR_exclusive
read_and_treat_AR_exclusive_WD read_and_treat_AR_exclusive_WD
+++ working on day --- 2024-08-14 +++
read_and_treat_AR_exclusive read_and_treat_AR_exclusive
read_and_treat_AR_exclusive read_and_treat_AR_exclusive
read_and_treat_AR_exclusive read_and_treat_AR_exclusive
read_and_treat_AR_exclusive_WD read_and_treat_AR_exclusive_WD
+++ working on day --- 2024-08-15 +++
read_and_treat_AR_exclusive read_and_treat_AR_exclusive
read_and_treat_AR_exclusive read_and_treat_AR_exclusive
read_and_treat_AR_exclusive read_and_treat_AR_exclusive
read_and_treat_AR_exclusive_WD read_and_treat_AR_exclusive_WD
+++ working on day --- 2024-08-16 +++
read_and_treat_AR_exclusive read_and_treat_AR_exclusive
read_and_treat_AR_exclusive read_and_treat_AR_exclusive
read_and_treat_AR_exclusive read_and_treat_AR_exclusive
read_and_treat_AR_exclusive_WD read_and_treat_AR_exclusive_WD
+++ working on day --- 2024-08-17 +++
read_and_treat_AR_exclusive read_and_treat_AR_exclusive
read_and_treat_AR_exclusive read_and_treat_AR_exclusive
read_and_treat_AR_exclusive read_and_treat_AR_exclusive
read_and_treat_AR_exclusive_WD read_and_treat_AR_exclusive_WD
+++ working on day --- 2024-08-18 +++
read_and_treat_AR_exclusive read_and_treat_AR_exclusive
read_and_treat_AR_exclusive read_and_treat_AR_exclusive
read_and_treat_AR_exclusive read_and_treat_AR_exclusive
read_and_treat_AR_exclusive_WD read_and_treat_AR_exclusive_WD
+++ working on day --- 2024-08-19 +++
read_and_treat_AR_exclusive read_and_treat_AR_exclusive
read_and_treat_AR_exclusive read_and_treat_AR_exclusive
read_and_treat_AR_exclusive read_and_treat_AR_exclusive
read_and_treat_AR_exclusive_WD read_and_treat_AR_exclusive_WD
+++ working on day --- 2024-08-20 +++
read_and_treat_AR_exclusive read_and_treat_AR_exclusive
read_and_treat_AR_exclusive read_and_treat_AR_exclusive
read_and_treat_AR_exclusive read_and_treat_AR_exclusive
read_and_treat_AR_exclusive_WD read_and_treat_AR_exclusive_WD
+++ working on day --- 2024-08-21 +++
read_and_treat_AR_exclusive read_and_treat_AR_exclusive
read_and_treat_AR_exclusive read_and_treat_AR_exclusive
read_and_treat_AR_exclusive read_and_treat_AR_exclusive
read_and_treat_AR_exclusive_WD read_and_treat_AR_exclusive_WD
+++ working on day --- 2024-08-22 +++
read_and_treat_AR_exclusive read_and_treat_AR_exclusive
read_and_treat_AR_exclusive read_and_treat_AR_exclusive
read_and_treat_AR_exclusive read_and_treat_AR_exclusive
read_and_treat_AR_exclusive_WD read_and_treat_AR_exclusive_WD
+++ working on day --- 2024-08-23 +++
read_and_treat_AR_exclusive read_and_treat_AR_exclusive
read_and_treat_AR_exclusive read_and_treat_AR_exclusive
read_and_treat_AR_exclusive read_and_treat_AR_exclusive
read_and_treat_AR_exclusive_WD read_and_treat_AR_exclusive_WD
+++ working on day --- 2024-08-24 +++
read_and_treat_AR_exclusive read_and_treat_AR_exclusive
read_and_treat_AR_exclusive read_and_treat_AR_exclusive
read_and_treat_AR_exclusive read_and_treat_AR_exclusive
read_and_treat_AR_exclusive_WD read_and_treat_AR_exclusive_WD
+++ working on day --- 2024-08-25 +++
read_and_treat_AR_exclusive read_and_treat_AR_exclusive
read_and_treat_AR_exclusive read_and_treat_AR_exclusive
read_and_treat_AR_exclusive read_and_treat_AR_exclusive
read_and_treat_AR_exclusive_WD read_and_treat_AR_exclusive_WD
+++ working on day --- 2024-08-26 +++
read_and_treat_AR_exclusive read_and_treat_AR_exclusive
read_and_treat_AR_exclusive read_and_treat_AR_exclusive
read_and_treat_AR_exclusive read_and_treat_AR_exclusive
read_and_treat_AR_exclusive_WD read_and_treat_AR_exclusive_WD
+++ working on day --- 2024-08-27 +++
read_and_treat_AR_exclusive read_and_treat_AR_exclusive
read_and_treat_AR_exclusive read_and_treat_AR_exclusive
read_and_treat_AR_exclusive read_and_treat_AR_exclusive
read_and_treat_AR_exclusive_WD read_and_treat_AR_exclusive_WD
+++ working on day --- 2024-08-28 +++
read_and_treat_AR_exclusive read_and_treat_AR_exclusive
read_and_treat_AR_exclusive read_and_treat_AR_exclusive
read_and_treat_AR_exclusive read_and_treat_AR_exclusive
read_and_treat_AR_exclusive_WD read_and_treat_AR_exclusive_WD
+++ working on day --- 2024-08-29 +++
read_and_treat_AR_exclusive read_and_treat_AR_exclusive
read_and_treat_AR_exclusive read_and_treat_AR_exclusive
read_and_treat_AR_exclusive read_and_treat_AR_exclusive
read_and_treat_AR_exclusive_WD read_and_treat_AR_exclusive_WD
+++ working on day --- 2024-08-30 +++
read_and_treat_AR_exclusive read_and_treat_AR_exclusive
read_and_treat_AR_exclusive read_and_treat_AR_exclusive
read_and_treat_AR_exclusive read_and_treat_AR_exclusive
read_and_treat_AR_exclusive_WD read_and_treat_AR_exclusive_WD
+++ working on day --- 2024-08-31 +++
read_and_treat_AR_exclusive read_and_treat_AR_exclusive
read_and_treat_AR_exclusive read_and_treat_AR_exclusive
read_and_treat_AR_exclusive read_and_treat_AR_exclusive
read_and_treat_AR_exclusive_WD read_and_treat_AR_exclusive_WD
+++ working on day --- 2024-09-01 +++
read_and_treat_AR_exclusive read_and_treat_AR_exclusive
read_and_treat_AR_exclusive read_and_treat_AR_exclusive
read_and_treat_AR_exclusive read_and_treat_AR_exclusive
read_and_treat_AR_exclusive_WD read_and_treat_AR_exclusive_WD
+++ working on day --- 2024-09-02 +++
read_and_treat_AR_exclusive read_and_treat_AR_exclusive
read_and_treat_AR_exclusive read_and_treat_AR_exclusive
read_and_treat_AR_exclusive read_and_treat_AR_exclusive
read_and_treat_AR_exclusive_WD read_and_treat_AR_exclusive_WD
+++ working on day --- 2024-09-03 +++
read_and_treat_AR_exclusive read_and_treat_AR_exclusive
read_and_treat_AR_exclusive read_and_treat_AR_exclusive
read_and_treat_AR_exclusive read_and_treat_AR_exclusive
read_and_treat_AR_exclusive_WD read_and_treat_AR_exclusive_WD
+++ working on day --- 2024-09-04 +++
read_and_treat_AR_exclusive read_and_treat_AR_exclusive
read_and_treat_AR_exclusive read_and_treat_AR_exclusive
read_and_treat_AR_exclusive read_and_treat_AR_exclusive
read_and_treat_AR_exclusive_WD read_and_treat_AR_exclusive_WD
+++ working on day --- 2024-09-05 +++
read_and_treat_AR_exclusive read_and_treat_AR_exclusive
read_and_treat_AR_exclusive read_and_treat_AR_exclusive
read_and_treat_AR_exclusive read_and_treat_AR_exclusive
read_and_treat_AR_exclusive_WD read_and_treat_AR_exclusive_WD
+++ working on day --- 2024-09-06 +++
read_and_treat_AR_exclusive read_and_treat_AR_exclusive
read_and_treat_AR_exclusive read_and_treat_AR_exclusive
read_and_treat_AR_exclusive read_and_treat_AR_exclusive
read_and_treat_AR_exclusive_WD read_and_treat_AR_exclusive_WD
+++ working on day --- 2024-09-07 +++
read_and_treat_AR_exclusive read_and_treat_AR_exclusive
read_and_treat_AR_exclusive read_and_treat_AR_exclusive
read_and_treat_AR_exclusive read_and_treat_AR_exclusive
read_and_treat_AR_exclusive_WD read_and_treat_AR_exclusive_WD
+++ working on day --- 2024-09-08 +++
read_and_treat_AR_exclusive read_and_treat_AR_exclusive
read_and_treat_AR_exclusive read_and_treat_AR_exclusive
read_and_treat_AR_exclusive read_and_treat_AR_exclusive
read_and_treat_AR_exclusive_WD read_and_treat_AR_exclusive_WD
+++ working on day --- 2024-09-09 +++
read_and_treat_AR_exclusive read_and_treat_AR_exclusive
read_and_treat_AR_exclusive read_and_treat_AR_exclusive
read_and_treat_AR_exclusive read_and_treat_AR_exclusive
read_and_treat_AR_exclusive_WD read_and_treat_AR_exclusive_WD
+++ working on day --- 2024-09-10 +++
read_and_treat_AR_exclusive read_and_treat_AR_exclusive
read_and_treat_AR_exclusive read_and_treat_AR_exclusive
read_and_treat_AR_exclusive read_and_treat_AR_exclusive
read_and_treat_AR_exclusive_WD read_and_treat_AR_exclusive_WD
+++ working on day --- 2024-09-11 +++
read_and_treat_AR_exclusive read_and_treat_AR_exclusive
read_and_treat_AR_exclusive read_and_treat_AR_exclusive
read_and_treat_AR_exclusive read_and_treat_AR_exclusive
read_and_treat_AR_exclusive_WD read_and_treat_AR_exclusive_WD
+++ working on day --- 2024-09-12 +++
read_and_treat_AR_exclusive read_and_treat_AR_exclusive
read_and_treat_AR_exclusive read_and_treat_AR_exclusive
read_and_treat_AR_exclusive read_and_treat_AR_exclusive
read_and_treat_AR_exclusive_WD read_and_treat_AR_exclusive_WD
+++ working on day --- 2024-09-13 +++
read_and_treat_AR_exclusive read_and_treat_AR_exclusive
read_and_treat_AR_exclusive read_and_treat_AR_exclusive
read_and_treat_AR_exclusive read_and_treat_AR_exclusive
read_and_treat_AR_exclusive_WD read_and_treat_AR_exclusive_WD
+++ working on day --- 2024-09-14 +++
read_and_treat_AR_exclusive read_and_treat_AR_exclusive
read_and_treat_AR_exclusive read_and_treat_AR_exclusive
read_and_treat_AR_exclusive read_and_treat_AR_exclusive
read_and_treat_AR_exclusive_WD read_and_treat_AR_exclusive_WD
+++ working on day --- 2024-09-15 +++
read_and_treat_AR_exclusive read_and_treat_AR_exclusive
read_and_treat_AR_exclusive read_and_treat_AR_exclusive
read_and_treat_AR_exclusive read_and_treat_AR_exclusive
read_and_treat_AR_exclusive_WD read_and_treat_AR_exclusive_WD
+++ working on day --- 2024-09-16 +++
read_and_treat_AR_exclusive read_and_treat_AR_exclusive
read_and_treat_AR_exclusive read_and_treat_AR_exclusive
read_and_treat_AR_exclusive read_and_treat_AR_exclusive
read_and_treat_AR_exclusive_WD read_and_treat_AR_exclusive_WD
+++ working on day --- 2024-09-17 +++
read_and_treat_AR_exclusive read_and_treat_AR_exclusive
read_and_treat_AR_exclusive read_and_treat_AR_exclusive
read_and_treat_AR_exclusive read_and_treat_AR_exclusive
read_and_treat_AR_exclusive_WD read_and_treat_AR_exclusive_WD
+++ working on day --- 2024-09-18 +++
read_and_treat_AR_exclusive read_and_treat_AR_exclusive
read_and_treat_AR_exclusive read_and_treat_AR_exclusive
read_and_treat_AR_exclusive read_and_treat_AR_exclusive
read_and_treat_AR_exclusive_WD read_and_treat_AR_exclusive_WD
+++ working on day --- 2024-09-19 +++
read_and_treat_AR_exclusive read_and_treat_AR_exclusive
read_and_treat_AR_exclusive read_and_treat_AR_exclusive
read_and_treat_AR_exclusive read_and_treat_AR_exclusive
read_and_treat_AR_exclusive_WD read_and_treat_AR_exclusive_WD
+++ working on day --- 2024-09-20 +++
read_and_treat_AR_exclusive read_and_treat_AR_exclusive
read_and_treat_AR_exclusive read_and_treat_AR_exclusive
read_and_treat_AR_exclusive read_and_treat_AR_exclusive
read_and_treat_AR_exclusive_WD read_and_treat_AR_exclusive_WD
+++ working on day --- 2024-09-21 +++
read_and_treat_AR_exclusive read_and_treat_AR_exclusive
read_and_treat_AR_exclusive read_and_treat_AR_exclusive
read_and_treat_AR_exclusive read_and_treat_AR_exclusive
read_and_treat_AR_exclusive_WD read_and_treat_AR_exclusive_WD
+++ working on day --- 2024-09-22 +++
read_and_treat_AR_exclusive read_and_treat_AR_exclusive
read_and_treat_AR_exclusive read_and_treat_AR_exclusive
read_and_treat_AR_exclusive read_and_treat_AR_exclusive
read_and_treat_AR_exclusive_WD read_and_treat_AR_exclusive_WD
+++ working on day --- 2024-09-23 +++
read_and_treat_AR_exclusive read_and_treat_AR_exclusive
read_and_treat_AR_exclusive read_and_treat_AR_exclusive
read_and_treat_AR_exclusive read_and_treat_AR_exclusive
read_and_treat_AR_exclusive_WD read_and_treat_AR_exclusive_WD
+++ working on day --- 2024-09-24 +++
read_and_treat_AR_exclusive read_and_treat_AR_exclusive
read_and_treat_AR_exclusive read_and_treat_AR_exclusive
read_and_treat_AR_exclusive read_and_treat_AR_exclusive
read_and_treat_AR_exclusive_WD read_and_treat_AR_exclusive_WD
+++ working on day --- 2024-09-25 +++
read_and_treat_AR_exclusive read_and_treat_AR_exclusive
read_and_treat_AR_exclusive read_and_treat_AR_exclusive
read_and_treat_AR_exclusive read_and_treat_AR_exclusive
read_and_treat_AR_exclusive_WD read_and_treat_AR_exclusive_WD
+++ working on day --- 2024-09-26 +++
read_and_treat_AR_exclusive read_and_treat_AR_exclusive
read_and_treat_AR_exclusive read_and_treat_AR_exclusive
read_and_treat_AR_exclusive read_and_treat_AR_exclusive
read_and_treat_AR_exclusive_WD read_and_treat_AR_exclusive_WD
+++ working on day --- 2024-09-27 +++
read_and_treat_AR_exclusive read_and_treat_AR_exclusive
read_and_treat_AR_exclusive read_and_treat_AR_exclusive
read_and_treat_AR_exclusive read_and_treat_AR_exclusive
read_and_treat_AR_exclusive_WD read_and_treat_AR_exclusive_WD
+++ working on day --- 2024-09-28 +++
read_and_treat_AR_exclusive read_and_treat_AR_exclusive
read_and_treat_AR_exclusive read_and_treat_AR_exclusive
read_and_treat_AR_exclusive read_and_treat_AR_exclusive
read_and_treat_AR_exclusive_WD read_and_treat_AR_exclusive_WD
+++ working on day --- 2024-09-29 +++
read_and_treat_AR_exclusive read_and_treat_AR_exclusive
read_and_treat_AR_exclusive read_and_treat_AR_exclusive
read_and_treat_AR_exclusive read_and_treat_AR_exclusive
read_and_treat_AR_exclusive_WD read_and_treat_AR_exclusive_WD
+++ working on day --- 2024-09-30 +++
read_and_treat_AR_exclusive read_and_treat_AR_exclusive
read_and_treat_AR_exclusive read_and_treat_AR_exclusive
read_and_treat_AR_exclusive read_and_treat_AR_exclusive
read_and_treat_AR_exclusive_WD read_and_treat_AR_exclusive_WD
+++ working on day --- 2024-10-01 +++
read_and_treat_AR_exclusive read_and_treat_AR_exclusive
read_and_treat_AR_exclusive read_and_treat_AR_exclusive
read_and_treat_AR_exclusive read_and_treat_AR_exclusive
read_and_treat_AR_exclusive_WD read_and_treat_AR_exclusive_WD
+++ working on day --- 2024-10-02 +++
read_and_treat_AR_exclusive read_and_treat_AR_exclusive
read_and_treat_AR_exclusive read_and_treat_AR_exclusive
read_and_treat_AR_exclusive read_and_treat_AR_exclusive
read_and_treat_AR_exclusive_WD read_and_treat_AR_exclusive_WD
+++ working on day --- 2024-10-03 +++
read_and_treat_AR_exclusive read_and_treat_AR_exclusive
read_and_treat_AR_exclusive read_and_treat_AR_exclusive
read_and_treat_AR_exclusive read_and_treat_AR_exclusive
read_and_treat_AR_exclusive_WD read_and_treat_AR_exclusive_WD
+++ working on day --- 2024-10-04 +++
read_and_treat_AR_exclusive read_and_treat_AR_exclusive
read_and_treat_AR_exclusive read_and_treat_AR_exclusive
read_and_treat_AR_exclusive read_and_treat_AR_exclusive
read_and_treat_AR_exclusive_WD read_and_treat_AR_exclusive_WD
+++ working on day --- 2024-10-05 +++
read_and_treat_AR_exclusive read_and_treat_AR_exclusive
read_and_treat_AR_exclusive read_and_treat_AR_exclusive
read_and_treat_AR_exclusive read_and_treat_AR_exclusive
read_and_treat_AR_exclusive_WD read_and_treat_AR_exclusive_WD
+++ working on day --- 2024-10-06 +++
read_and_treat_AR_exclusive read_and_treat_AR_exclusive
read_and_treat_AR_exclusive read_and_treat_AR_exclusive
read_and_treat_AR_exclusive read_and_treat_AR_exclusive
read_and_treat_AR_exclusive_WD read_and_treat_AR_exclusive_WD
+++ working on day --- 2024-10-07 +++
read_and_treat_AR_exclusive read_and_treat_AR_exclusive
read_and_treat_AR_exclusive read_and_treat_AR_exclusive
read_and_treat_AR_exclusive read_and_treat_AR_exclusive
read_and_treat_AR_exclusive_WD read_and_treat_AR_exclusive_WD
+++ working on day --- 2024-10-08 +++
read_and_treat_AR_exclusive read_and_treat_AR_exclusive
read_and_treat_AR_exclusive read_and_treat_AR_exclusive
read_and_treat_AR_exclusive read_and_treat_AR_exclusive
read_and_treat_AR_exclusive_WD read_and_treat_AR_exclusive_WD
+++ working on day --- 2024-10-09 +++
read_and_treat_AR_exclusive read_and_treat_AR_exclusive
read_and_treat_AR_exclusive read_and_treat_AR_exclusive
read_and_treat_AR_exclusive read_and_treat_AR_exclusive
read_and_treat_AR_exclusive_WD read_and_treat_AR_exclusive_WD
+++ working on day --- 2024-10-10 +++
read_and_treat_AR_exclusive read_and_treat_AR_exclusive
read_and_treat_AR_exclusive read_and_treat_AR_exclusive
read_and_treat_AR_exclusive read_and_treat_AR_exclusive
read_and_treat_AR_exclusive_WD read_and_treat_AR_exclusive_WD
+++ working on day --- 2024-10-11 +++
read_and_treat_AR_exclusive read_and_treat_AR_exclusive
read_and_treat_AR_exclusive read_and_treat_AR_exclusive
read_and_treat_AR_exclusive read_and_treat_AR_exclusive
read_and_treat_AR_exclusive_WD read_and_treat_AR_exclusive_WD
+++ working on day --- 2024-10-12 +++
read_and_treat_AR_exclusive read_and_treat_AR_exclusive
read_and_treat_AR_exclusive read_and_treat_AR_exclusive
read_and_treat_AR_exclusive read_and_treat_AR_exclusive
read_and_treat_AR_exclusive_WD read_and_treat_AR_exclusive_WD
+++ working on day --- 2024-10-13 +++
read_and_treat_AR_exclusive read_and_treat_AR_exclusive
read_and_treat_AR_exclusive read_and_treat_AR_exclusive
read_and_treat_AR_exclusive read_and_treat_AR_exclusive
read_and_treat_AR_exclusive_WD read_and_treat_AR_exclusive_WD
+++ working on day --- 2024-10-14 +++
read_and_treat_AR_exclusive read_and_treat_AR_exclusive
read_and_treat_AR_exclusive read_and_treat_AR_exclusive
read_and_treat_AR_exclusive read_and_treat_AR_exclusive
read_and_treat_AR_exclusive_WD read_and_treat_AR_exclusive_WD
+++ working on day --- 2024-10-15 +++
read_and_treat_AR_exclusive read_and_treat_AR_exclusive
read_and_treat_AR_exclusive read_and_treat_AR_exclusive
read_and_treat_AR_exclusive read_and_treat_AR_exclusive
read_and_treat_AR_exclusive_WD read_and_treat_AR_exclusive_WD
+++ working on day --- 2024-10-16 +++
read_and_treat_AR_exclusive read_and_treat_AR_exclusive
read_and_treat_AR_exclusive read_and_treat_AR_exclusive
read_and_treat_AR_exclusive read_and_treat_AR_exclusive
read_and_treat_AR_exclusive_WD read_and_treat_AR_exclusive_WD
+++ working on day --- 2024-10-17 +++
read_and_treat_AR_exclusive read_and_treat_AR_exclusive
read_and_treat_AR_exclusive read_and_treat_AR_exclusive
read_and_treat_AR_exclusive read_and_treat_AR_exclusive
read_and_treat_AR_exclusive_WD read_and_treat_AR_exclusive_WD
+++ working on day --- 2024-10-18 +++
read_and_treat_AR_exclusive read_and_treat_AR_exclusive
read_and_treat_AR_exclusive read_and_treat_AR_exclusive
read_and_treat_AR_exclusive read_and_treat_AR_exclusive
read_and_treat_AR_exclusive_WD read_and_treat_AR_exclusive_WD
+++ working on day --- 2024-10-19 +++
read_and_treat_AR_exclusive read_and_treat_AR_exclusive
read_and_treat_AR_exclusive read_and_treat_AR_exclusive
read_and_treat_AR_exclusive read_and_treat_AR_exclusive
read_and_treat_AR_exclusive_WD read_and_treat_AR_exclusive_WD
+++ working on day --- 2024-10-20 +++
read_and_treat_AR_exclusive read_and_treat_AR_exclusive
read_and_treat_AR_exclusive read_and_treat_AR_exclusive
read_and_treat_AR_exclusive read_and_treat_AR_exclusive
read_and_treat_AR_exclusive_WD read_and_treat_AR_exclusive_WD
+++ working on day --- 2024-10-21 +++
read_and_treat_AR_exclusive read_and_treat_AR_exclusive
read_and_treat_AR_exclusive read_and_treat_AR_exclusive
read_and_treat_AR_exclusive read_and_treat_AR_exclusive
read_and_treat_AR_exclusive_WD read_and_treat_AR_exclusive_WD
+++ working on day --- 2024-10-22 +++
read_and_treat_AR_exclusive read_and_treat_AR_exclusive
read_and_treat_AR_exclusive read_and_treat_AR_exclusive
read_and_treat_AR_exclusive read_and_treat_AR_exclusive
read_and_treat_AR_exclusive_WD read_and_treat_AR_exclusive_WD
+++ working on day --- 2024-10-23 +++
read_and_treat_AR_exclusive read_and_treat_AR_exclusive
read_and_treat_AR_exclusive read_and_treat_AR_exclusive
read_and_treat_AR_exclusive read_and_treat_AR_exclusive
read_and_treat_AR_exclusive_WD read_and_treat_AR_exclusive_WD
+++ working on day --- 2024-10-24 +++
read_and_treat_AR_exclusive read_and_treat_AR_exclusive
read_and_treat_AR_exclusive read_and_treat_AR_exclusive
read_and_treat_AR_exclusive read_and_treat_AR_exclusive
read_and_treat_AR_exclusive_WD read_and_treat_AR_exclusive_WD
+++ working on day --- 2024-10-25 +++
read_and_treat_AR_exclusive read_and_treat_AR_exclusive
read_and_treat_AR_exclusive read_and_treat_AR_exclusive
read_and_treat_AR_exclusive read_and_treat_AR_exclusive
read_and_treat_AR_exclusive_WD read_and_treat_AR_exclusive_WD
+++ working on day --- 2024-10-26 +++
read_and_treat_AR_exclusive read_and_treat_AR_exclusive
read_and_treat_AR_exclusive read_and_treat_AR_exclusive
read_and_treat_AR_exclusive read_and_treat_AR_exclusive
read_and_treat_AR_exclusive_WD read_and_treat_AR_exclusive_WD
+++ working on day --- 2024-10-27 +++
read_and_treat_AR_exclusive read_and_treat_AR_exclusive
read_and_treat_AR_exclusive read_and_treat_AR_exclusive
read_and_treat_AR_exclusive read_and_treat_AR_exclusive
read_and_treat_AR_exclusive_WD read_and_treat_AR_exclusive_WD
+++ working on day --- 2024-10-28 +++
read_and_treat_AR_exclusive read_and_treat_AR_exclusive
read_and_treat_AR_exclusive read_and_treat_AR_exclusive
read_and_treat_AR_exclusive read_and_treat_AR_exclusive
read_and_treat_AR_exclusive_WD read_and_treat_AR_exclusive_WD
+++ working on day --- 2024-10-29 +++
read_and_treat_AR_exclusive read_and_treat_AR_exclusive
read_and_treat_AR_exclusive read_and_treat_AR_exclusive
read_and_treat_AR_exclusive read_and_treat_AR_exclusive
read_and_treat_AR_exclusive_WD read_and_treat_AR_exclusive_WD
+++ working on day --- 2024-10-30 +++
read_and_treat_AR_exclusive read_and_treat_AR_exclusive
read_and_treat_AR_exclusive read_and_treat_AR_exclusive
read_and_treat_AR_exclusive read_and_treat_AR_exclusive
read_and_treat_AR_exclusive_WD read_and_treat_AR_exclusive_WD
+++ working on day --- 2024-10-31 +++
read_and_treat_AR_exclusive read_and_treat_AR_exclusive
read_and_treat_AR_exclusive read_and_treat_AR_exclusive
read_and_treat_AR_exclusive read_and_treat_AR_exclusive
read_and_treat_AR_exclusive_WD read_and_treat_AR_exclusive_WD
+++ working on day --- 2024-11-01 +++
read_and_treat_AR_exclusive read_and_treat_AR_exclusive
read_and_treat_AR_exclusive read_and_treat_AR_exclusive
read_and_treat_AR_exclusive read_and_treat_AR_exclusive
read_and_treat_AR_exclusive_WD read_and_treat_AR_exclusive_WD
+++ working on day --- 2024-11-02 +++
read_and_treat_AR_exclusive read_and_treat_AR_exclusive
read_and_treat_AR_exclusive read_and_treat_AR_exclusive
read_and_treat_AR_exclusive read_and_treat_AR_exclusive
read_and_treat_AR_exclusive_WD read_and_treat_AR_exclusive_WD
+++ working on day --- 2024-11-03 +++
read_and_treat_AR_exclusive read_and_treat_AR_exclusive
read_and_treat_AR_exclusive read_and_treat_AR_exclusive
read_and_treat_AR_exclusive read_and_treat_AR_exclusive
read_and_treat_AR_exclusive_WD read_and_treat_AR_exclusive_WD
+++ working on day --- 2024-11-04 +++
read_and_treat_AR_exclusive read_and_treat_AR_exclusive
read_and_treat_AR_exclusive read_and_treat_AR_exclusive
read_and_treat_AR_exclusive read_and_treat_AR_exclusive
read_and_treat_AR_exclusive_WD read_and_treat_AR_exclusive_WD
+++ working on day --- 2024-11-05 +++
read_and_treat_AR_exclusive read_and_treat_AR_exclusive
read_and_treat_AR_exclusive read_and_treat_AR_exclusive
read_and_treat_AR_exclusive read_and_treat_AR_exclusive
read_and_treat_AR_exclusive_WD read_and_treat_AR_exclusive_WD
+++ working on day --- 2024-11-06 +++
read_and_treat_AR_exclusive read_and_treat_AR_exclusive
read_and_treat_AR_exclusive read_and_treat_AR_exclusive
read_and_treat_AR_exclusive read_and_treat_AR_exclusive
read_and_treat_AR_exclusive_WD read_and_treat_AR_exclusive_WD
+++ working on day --- 2024-11-07 +++
read_and_treat_AR_exclusive read_and_treat_AR_exclusive
read_and_treat_AR_exclusive read_and_treat_AR_exclusive
read_and_treat_AR_exclusive read_and_treat_AR_exclusive
read_and_treat_AR_exclusive_WD read_and_treat_AR_exclusive_WD
+++ working on day --- 2024-11-08 +++
read_and_treat_AR_exclusive read_and_treat_AR_exclusive
read_and_treat_AR_exclusive read_and_treat_AR_exclusive
read_and_treat_AR_exclusive read_and_treat_AR_exclusive
read_and_treat_AR_exclusive_WD read_and_treat_AR_exclusive_WD
+++ working on day --- 2024-11-09 +++
read_and_treat_AR_exclusive read_and_treat_AR_exclusive
read_and_treat_AR_exclusive read_and_treat_AR_exclusive
read_and_treat_AR_exclusive read_and_treat_AR_exclusive
read_and_treat_AR_exclusive_WD read_and_treat_AR_exclusive_WD
+++ working on day --- 2024-11-10 +++
read_and_treat_AR_exclusive read_and_treat_AR_exclusive
read_and_treat_AR_exclusive read_and_treat_AR_exclusive
read_and_treat_AR_exclusive read_and_treat_AR_exclusive
read_and_treat_AR_exclusive_WD read_and_treat_AR_exclusive_WD
+++ working on day --- 2024-11-11 +++
read_and_treat_AR_exclusive read_and_treat_AR_exclusive
read_and_treat_AR_exclusive read_and_treat_AR_exclusive
read_and_treat_AR_exclusive read_and_treat_AR_exclusive
read_and_treat_AR_exclusive_WD read_and_treat_AR_exclusive_WD
+++ working on day --- 2024-11-12 +++
read_and_treat_AR_exclusive read_and_treat_AR_exclusive
read_and_treat_AR_exclusive read_and_treat_AR_exclusive
read_and_treat_AR_exclusive read_and_treat_AR_exclusive
read_and_treat_AR_exclusive_WD read_and_treat_AR_exclusive_WD
+++ working on day --- 2024-11-13 +++
read_and_treat_AR_exclusive read_and_treat_AR_exclusive
read_and_treat_AR_exclusive read_and_treat_AR_exclusive
read_and_treat_AR_exclusive read_and_treat_AR_exclusive
read_and_treat_AR_exclusive_WD read_and_treat_AR_exclusive_WD
+++ working on day --- 2024-11-14 +++
read_and_treat_AR_exclusive read_and_treat_AR_exclusive
read_and_treat_AR_exclusive read_and_treat_AR_exclusive
read_and_treat_AR_exclusive read_and_treat_AR_exclusive
read_and_treat_AR_exclusive_WD read_and_treat_AR_exclusive_WD
+++ working on day --- 2024-11-15 +++
read_and_treat_AR_exclusive read_and_treat_AR_exclusive
read_and_treat_AR_exclusive read_and_treat_AR_exclusive
read_and_treat_AR_exclusive read_and_treat_AR_exclusive
read_and_treat_AR_exclusive_WD read_and_treat_AR_exclusive_WD
+++ working on day --- 2024-11-16 +++
read_and_treat_AR_exclusive read_and_treat_AR_exclusive
read_and_treat_AR_exclusive read_and_treat_AR_exclusive
read_and_treat_AR_exclusive read_and_treat_AR_exclusive
read_and_treat_AR_exclusive_WD read_and_treat_AR_exclusive_WD
+++ working on day --- 2024-11-17 +++
read_and_treat_AR_exclusive read_and_treat_AR_exclusive
read_and_treat_AR_exclusive read_and_treat_AR_exclusive
read_and_treat_AR_exclusive read_and_treat_AR_exclusive
read_and_treat_AR_exclusive_WD read_and_treat_AR_exclusive_WD
+++ working on day --- 2024-11-18 +++
read_and_treat_AR_exclusive read_and_treat_AR_exclusive
read_and_treat_AR_exclusive read_and_treat_AR_exclusive
read_and_treat_AR_exclusive read_and_treat_AR_exclusive
read_and_treat_AR_exclusive_WD read_and_treat_AR_exclusive_WD
+++ working on day --- 2024-11-19 +++
read_and_treat_AR_exclusive read_and_treat_AR_exclusive
read_and_treat_AR_exclusive read_and_treat_AR_exclusive
read_and_treat_AR_exclusive read_and_treat_AR_exclusive
read_and_treat_AR_exclusive_WD read_and_treat_AR_exclusive_WD
+++ working on day --- 2024-11-20 +++
read_and_treat_AR_exclusive read_and_treat_AR_exclusive
read_and_treat_AR_exclusive read_and_treat_AR_exclusive
read_and_treat_AR_exclusive read_and_treat_AR_exclusive
read_and_treat_AR_exclusive_WD read_and_treat_AR_exclusive_WD
+++ working on day --- 2024-11-21 +++
read_and_treat_AR_exclusive read_and_treat_AR_exclusive
read_and_treat_AR_exclusive read_and_treat_AR_exclusive
read_and_treat_AR_exclusive read_and_treat_AR_exclusive
read_and_treat_AR_exclusive_WD read_and_treat_AR_exclusive_WD
+++ working on day --- 2024-11-22 +++
read_and_treat_AR_exclusive read_and_treat_AR_exclusive
read_and_treat_AR_exclusive read_and_treat_AR_exclusive
read_and_treat_AR_exclusive read_and_treat_AR_exclusive
read_and_treat_AR_exclusive_WD read_and_treat_AR_exclusive_WD
+++ working on day --- 2024-11-23 +++
read_and_treat_AR_exclusive read_and_treat_AR_exclusive
read_and_treat_AR_exclusive read_and_treat_AR_exclusive
read_and_treat_AR_exclusive read_and_treat_AR_exclusive
read_and_treat_AR_exclusive_WD read_and_treat_AR_exclusive_WD
+++ working on day --- 2024-11-24 +++
read_and_treat_AR_exclusive read_and_treat_AR_exclusive
read_and_treat_AR_exclusive read_and_treat_AR_exclusive
read_and_treat_AR_exclusive read_and_treat_AR_exclusive
read_and_treat_AR_exclusive_WD read_and_treat_AR_exclusive_WD
+++ working on day --- 2024-11-25 +++
read_and_treat_AR_exclusive read_and_treat_AR_exclusive
read_and_treat_AR_exclusive read_and_treat_AR_exclusive
read_and_treat_AR_exclusive read_and_treat_AR_exclusive
read_and_treat_AR_exclusive_WD read_and_treat_AR_exclusive_WD
+++ working on day --- 2024-11-26 +++
read_and_treat_AR_exclusive read_and_treat_AR_exclusive
read_and_treat_AR_exclusive read_and_treat_AR_exclusive
read_and_treat_AR_exclusive read_and_treat_AR_exclusive
read_and_treat_AR_exclusive_WD read_and_treat_AR_exclusive_WD
+++ working on day --- 2024-11-27 +++
read_and_treat_AR_exclusive read_and_treat_AR_exclusive
read_and_treat_AR_exclusive read_and_treat_AR_exclusive
read_and_treat_AR_exclusive read_and_treat_AR_exclusive
read_and_treat_AR_exclusive_WD read_and_treat_AR_exclusive_WD
+++ working on day --- 2024-11-28 +++
read_and_treat_AR_exclusive read_and_treat_AR_exclusive
read_and_treat_AR_exclusive read_and_treat_AR_exclusive
read_and_treat_AR_exclusive read_and_treat_AR_exclusive
read_and_treat_AR_exclusive_WD read_and_treat_AR_exclusive_WD
+++ working on day --- 2024-11-29 +++
read_and_treat_AR_exclusive read_and_treat_AR_exclusive
read_and_treat_AR_exclusive read_and_treat_AR_exclusive
read_and_treat_AR_exclusive read_and_treat_AR_exclusive
read_and_treat_AR_exclusive_WD read_and_treat_AR_exclusive_WD
+++ working on day --- 2024-11-30 +++
read_and_treat_AR_exclusive read_and_treat_AR_exclusive
read_and_treat_AR_exclusive read_and_treat_AR_exclusive
read_and_treat_AR_exclusive read_and_treat_AR_exclusive
read_and_treat_AR_exclusive_WD read_and_treat_AR_exclusive_WD
+++ working on day --- 2024-12-01 +++
read_and_treat_AR_exclusive read_and_treat_AR_exclusive
read_and_treat_AR_exclusive read_and_treat_AR_exclusive
read_and_treat_AR_exclusive read_and_treat_AR_exclusive
read_and_treat_AR_exclusive_WD read_and_treat_AR_exclusive_WD
+++ working on day --- 2024-12-02 +++
read_and_treat_AR_exclusive read_and_treat_AR_exclusive
read_and_treat_AR_exclusive read_and_treat_AR_exclusive
read_and_treat_AR_exclusive read_and_treat_AR_exclusive
read_and_treat_AR_exclusive_WD read_and_treat_AR_exclusive_WD
+++ working on day --- 2024-12-03 +++
read_and_treat_AR_exclusive read_and_treat_AR_exclusive
read_and_treat_AR_exclusive read_and_treat_AR_exclusive
read_and_treat_AR_exclusive read_and_treat_AR_exclusive
read_and_treat_AR_exclusive_WD read_and_treat_AR_exclusive_WD
+++ working on day --- 2024-12-04 +++
read_and_treat_AR_exclusive read_and_treat_AR_exclusive
read_and_treat_AR_exclusive read_and_treat_AR_exclusive
read_and_treat_AR_exclusive read_and_treat_AR_exclusive
read_and_treat_AR_exclusive_WD read_and_treat_AR_exclusive_WD
+++ working on day --- 2024-12-05 +++
read_and_treat_AR_exclusive read_and_treat_AR_exclusive
read_and_treat_AR_exclusive read_and_treat_AR_exclusive
read_and_treat_AR_exclusive read_and_treat_AR_exclusive
read_and_treat_AR_exclusive_WD read_and_treat_AR_exclusive_WD
+++ working on day --- 2024-12-06 +++
read_and_treat_AR_exclusive read_and_treat_AR_exclusive
read_and_treat_AR_exclusive read_and_treat_AR_exclusive
read_and_treat_AR_exclusive read_and_treat_AR_exclusive
read_and_treat_AR_exclusive_WD read_and_treat_AR_exclusive_WD
+++ working on day --- 2024-12-07 +++
read_and_treat_AR_exclusive read_and_treat_AR_exclusive
read_and_treat_AR_exclusive read_and_treat_AR_exclusive
read_and_treat_AR_exclusive read_and_treat_AR_exclusive
read_and_treat_AR_exclusive_WD read_and_treat_AR_exclusive_WD
+++ working on day --- 2024-12-08 +++
read_and_treat_AR_exclusive read_and_treat_AR_exclusive
read_and_treat_AR_exclusive read_and_treat_AR_exclusive
read_and_treat_AR_exclusive read_and_treat_AR_exclusive
read_and_treat_AR_exclusive_WD read_and_treat_AR_exclusive_WD
+++ working on day --- 2024-12-09 +++
read_and_treat_AR_exclusive read_and_treat_AR_exclusive
read_and_treat_AR_exclusive read_and_treat_AR_exclusive
read_and_treat_AR_exclusive read_and_treat_AR_exclusive
read_and_treat_AR_exclusive_WD read_and_treat_AR_exclusive_WD
+++ working on day --- 2024-12-10 +++
read_and_treat_AR_exclusive read_and_treat_AR_exclusive
read_and_treat_AR_exclusive read_and_treat_AR_exclusive
read_and_treat_AR_exclusive read_and_treat_AR_exclusive
read_and_treat_AR_exclusive_WD read_and_treat_AR_exclusive_WD
+++ working on day --- 2024-12-11 +++
read_and_treat_AR_exclusive read_and_treat_AR_exclusive
read_and_treat_AR_exclusive read_and_treat_AR_exclusive
read_and_treat_AR_exclusive read_and_treat_AR_exclusive
read_and_treat_AR_exclusive_WD read_and_treat_AR_exclusive_WD
+++ working on day --- 2024-12-12 +++
read_and_treat_AR_exclusive read_and_treat_AR_exclusive
read_and_treat_AR_exclusive read_and_treat_AR_exclusive
read_and_treat_AR_exclusive read_and_treat_AR_exclusive
read_and_treat_AR_exclusive_WD read_and_treat_AR_exclusive_WD
+++ working on day --- 2024-12-13 +++
read_and_treat_AR_exclusive read_and_treat_AR_exclusive
read_and_treat_AR_exclusive read_and_treat_AR_exclusive
read_and_treat_AR_exclusive read_and_treat_AR_exclusive
read_and_treat_AR_exclusive_WD read_and_treat_AR_exclusive_WD
+++ working on day --- 2024-12-14 +++
read_and_treat_AR_exclusive read_and_treat_AR_exclusive
read_and_treat_AR_exclusive read_and_treat_AR_exclusive
read_and_treat_AR_exclusive read_and_treat_AR_exclusive
read_and_treat_AR_exclusive_WD read_and_treat_AR_exclusive_WD
+++ working on day --- 2024-12-15 +++
read_and_treat_AR_exclusive read_and_treat_AR_exclusive
read_and_treat_AR_exclusive read_and_treat_AR_exclusive
read_and_treat_AR_exclusive read_and_treat_AR_exclusive
read_and_treat_AR_exclusive_WD read_and_treat_AR_exclusive_WD
+++ working on day --- 2024-12-16 +++
read_and_treat_AR_exclusive read_and_treat_AR_exclusive
read_and_treat_AR_exclusive read_and_treat_AR_exclusive
read_and_treat_AR_exclusive read_and_treat_AR_exclusive
read_and_treat_AR_exclusive_WD read_and_treat_AR_exclusive_WD
+++ working on day --- 2024-12-17 +++
read_and_treat_AR_exclusive read_and_treat_AR_exclusive
read_and_treat_AR_exclusive read_and_treat_AR_exclusive
read_and_treat_AR_exclusive read_and_treat_AR_exclusive
read_and_treat_AR_exclusive_WD read_and_treat_AR_exclusive_WD
+++ working on day --- 2024-12-18 +++
read_and_treat_AR_exclusive read_and_treat_AR_exclusive
read_and_treat_AR_exclusive read_and_treat_AR_exclusive
read_and_treat_AR_exclusive read_and_treat_AR_exclusive
read_and_treat_AR_exclusive_WD read_and_treat_AR_exclusive_WD
+++ working on day --- 2024-12-19 +++
read_and_treat_AR_exclusive read_and_treat_AR_exclusive
read_and_treat_AR_exclusive read_and_treat_AR_exclusive
read_and_treat_AR_exclusive read_and_treat_AR_exclusive
read_and_treat_AR_exclusive_WD read_and_treat_AR_exclusive_WD
+++ working on day --- 2024-12-20 +++
read_and_treat_AR_exclusive read_and_treat_AR_exclusive
read_and_treat_AR_exclusive read_and_treat_AR_exclusive
read_and_treat_AR_exclusive read_and_treat_AR_exclusive
read_and_treat_AR_exclusive_WD read_and_treat_AR_exclusive_WD
+++ working on day --- 2024-12-21 +++
read_and_treat_AR_exclusive read_and_treat_AR_exclusive
read_and_treat_AR_exclusive read_and_treat_AR_exclusive
read_and_treat_AR_exclusive read_and_treat_AR_exclusive
read_and_treat_AR_exclusive_WD read_and_treat_AR_exclusive_WD
+++ working on day --- 2024-12-22 +++
read_and_treat_AR_exclusive read_and_treat_AR_exclusive
read_and_treat_AR_exclusive read_and_treat_AR_exclusive
read_and_treat_AR_exclusive read_and_treat_AR_exclusive
read_and_treat_AR_exclusive_WD read_and_treat_AR_exclusive_WD
+++ working on day --- 2024-12-23 +++
read_and_treat_AR_exclusive read_and_treat_AR_exclusive
read_and_treat_AR_exclusive read_and_treat_AR_exclusive
read_and_treat_AR_exclusive read_and_treat_AR_exclusive
read_and_treat_AR_exclusive_WD read_and_treat_AR_exclusive_WD
+++ working on day --- 2024-12-24 +++
read_and_treat_AR_exclusive read_and_treat_AR_exclusive
read_and_treat_AR_exclusive read_and_treat_AR_exclusive
read_and_treat_AR_exclusive read_and_treat_AR_exclusive
read_and_treat_AR_exclusive_WD read_and_treat_AR_exclusive_WD
+++ working on day --- 2024-12-25 +++
read_and_treat_AR_exclusive read_and_treat_AR_exclusive
read_and_treat_AR_exclusive read_and_treat_AR_exclusive
read_and_treat_AR_exclusive read_and_treat_AR_exclusive
read_and_treat_AR_exclusive_WD read_and_treat_AR_exclusive_WD
+++ working on day --- 2024-12-26 +++
read_and_treat_AR_exclusive read_and_treat_AR_exclusive
read_and_treat_AR_exclusive read_and_treat_AR_exclusive
read_and_treat_AR_exclusive read_and_treat_AR_exclusive
read_and_treat_AR_exclusive_WD read_and_treat_AR_exclusive_WD
+++ working on day --- 2024-12-27 +++
read_and_treat_AR_exclusive read_and_treat_AR_exclusive
read_and_treat_AR_exclusive read_and_treat_AR_exclusive
read_and_treat_AR_exclusive read_and_treat_AR_exclusive
read_and_treat_AR_exclusive_WD read_and_treat_AR_exclusive_WD
+++ working on day --- 2024-12-28 +++
read_and_treat_AR_exclusive read_and_treat_AR_exclusive
read_and_treat_AR_exclusive read_and_treat_AR_exclusive
read_and_treat_AR_exclusive read_and_treat_AR_exclusive
read_and_treat_AR_exclusive_WD read_and_treat_AR_exclusive_WD
+++ working on day --- 2024-12-29 +++
read_and_treat_AR_exclusive read_and_treat_AR_exclusive
read_and_treat_AR_exclusive read_and_treat_AR_exclusive
read_and_treat_AR_exclusive read_and_treat_AR_exclusive
read_and_treat_AR_exclusive_WD read_and_treat_AR_exclusive_WD
+++ working on day --- 2024-12-30 +++
read_and_treat_AR_exclusive read_and_treat_AR_exclusive
read_and_treat_AR_exclusive read_and_treat_AR_exclusive
read_and_treat_AR_exclusive read_and_treat_AR_exclusive
read_and_treat_AR_exclusive_WD read_and_treat_AR_exclusive_WD
+++ working on day --- 2024-12-31 +++
read_and_treat_AR_exclusive read_and_treat_AR_exclusive
read_and_treat_AR_exclusive read_and_treat_AR_exclusive
read_and_treat_AR_exclusive read_and_treat_AR_exclusive
read_and_treat_AR_exclusive_WD read_and_treat_AR_exclusive_WD
+++ working on day --- 2025-01-01 +++
read_and_treat_AR_exclusive read_and_treat_AR_exclusive
read_and_treat_AR_exclusive read_and_treat_AR_exclusive
read_and_treat_AR_exclusive read_and_treat_AR_exclusive
read_and_treat_AR_exclusive_WD read_and_treat_AR_exclusive_WD
+++ working on day --- 2025-01-02 +++
read_and_treat_AR_exclusive read_and_treat_AR_exclusive
read_and_treat_AR_exclusive read_and_treat_AR_exclusive
read_and_treat_AR_exclusive read_and_treat_AR_exclusive
read_and_treat_AR_exclusive_WD read_and_treat_AR_exclusive_WD
+++ working on day --- 2025-01-03 +++
read_and_treat_AR_exclusive read_and_treat_AR_exclusive
read_and_treat_AR_exclusive read_and_treat_AR_exclusive
read_and_treat_AR_exclusive read_and_treat_AR_exclusive
read_and_treat_AR_exclusive_WD read_and_treat_AR_exclusive_WD
+++ working on day --- 2025-01-04 +++
read_and_treat_AR_exclusive read_and_treat_AR_exclusive
read_and_treat_AR_exclusive read_and_treat_AR_exclusive
read_and_treat_AR_exclusive read_and_treat_AR_exclusive
read_and_treat_AR_exclusive_WD read_and_treat_AR_exclusive_WD
+++ working on day --- 2025-01-05 +++
read_and_treat_AR_exclusive read_and_treat_AR_exclusive
read_and_treat_AR_exclusive read_and_treat_AR_exclusive
read_and_treat_AR_exclusive read_and_treat_AR_exclusive
read_and_treat_AR_exclusive_WD read_and_treat_AR_exclusive_WD
+++ working on day --- 2025-01-06 +++
read_and_treat_AR_exclusive read_and_treat_AR_exclusive
read_and_treat_AR_exclusive read_and_treat_AR_exclusive
read_and_treat_AR_exclusive read_and_treat_AR_exclusive
read_and_treat_AR_exclusive_WD read_and_treat_AR_exclusive_WD
+++ working on day --- 2025-01-07 +++
read_and_treat_AR_exclusive read_and_treat_AR_exclusive
read_and_treat_AR_exclusive read_and_treat_AR_exclusive
read_and_treat_AR_exclusive read_and_treat_AR_exclusive
read_and_treat_AR_exclusive_WD read_and_treat_AR_exclusive_WD
+++ working on day --- 2025-01-08 +++
read_and_treat_AR_exclusive read_and_treat_AR_exclusive
read_and_treat_AR_exclusive read_and_treat_AR_exclusive
read_and_treat_AR_exclusive read_and_treat_AR_exclusive
read_and_treat_AR_exclusive_WD read_and_treat_AR_exclusive_WD
+++ working on day --- 2025-01-09 +++
read_and_treat_AR_exclusive read_and_treat_AR_exclusive
read_and_treat_AR_exclusive read_and_treat_AR_exclusive
read_and_treat_AR_exclusive read_and_treat_AR_exclusive
read_and_treat_AR_exclusive_WD read_and_treat_AR_exclusive_WD
+++ working on day --- 2025-01-10 +++
read_and_treat_AR_exclusive read_and_treat_AR_exclusive
read_and_treat_AR_exclusive read_and_treat_AR_exclusive
read_and_treat_AR_exclusive read_and_treat_AR_exclusive
read_and_treat_AR_exclusive_WD read_and_treat_AR_exclusive_WD
+++ working on day --- 2025-01-11 +++
read_and_treat_AR_exclusive read_and_treat_AR_exclusive
read_and_treat_AR_exclusive read_and_treat_AR_exclusive
read_and_treat_AR_exclusive read_and_treat_AR_exclusive
read_and_treat_AR_exclusive_WD read_and_treat_AR_exclusive_WD
+++ working on day --- 2025-01-12 +++
read_and_treat_AR_exclusive read_and_treat_AR_exclusive
read_and_treat_AR_exclusive read_and_treat_AR_exclusive
read_and_treat_AR_exclusive read_and_treat_AR_exclusive
read_and_treat_AR_exclusive_WD read_and_treat_AR_exclusive_WD
+++ working on day --- 2025-01-13 +++
read_and_treat_AR_exclusive read_and_treat_AR_exclusive
read_and_treat_AR_exclusive read_and_treat_AR_exclusive
read_and_treat_AR_exclusive read_and_treat_AR_exclusive
read_and_treat_AR_exclusive_WD read_and_treat_AR_exclusive_WD
+++ working on day --- 2025-01-14 +++
read_and_treat_AR_exclusive read_and_treat_AR_exclusive
read_and_treat_AR_exclusive read_and_treat_AR_exclusive
read_and_treat_AR_exclusive read_and_treat_AR_exclusive
read_and_treat_AR_exclusive_WD read_and_treat_AR_exclusive_WD
+++ working on day --- 2025-01-15 +++
read_and_treat_AR_exclusive read_and_treat_AR_exclusive
read_and_treat_AR_exclusive read_and_treat_AR_exclusive
read_and_treat_AR_exclusive read_and_treat_AR_exclusive
read_and_treat_AR_exclusive_WD read_and_treat_AR_exclusive_WD
+++ working on day --- 2025-01-16 +++
read_and_treat_AR_exclusive read_and_treat_AR_exclusive
read_and_treat_AR_exclusive read_and_treat_AR_exclusive
read_and_treat_AR_exclusive read_and_treat_AR_exclusive
read_and_treat_AR_exclusive_WD read_and_treat_AR_exclusive_WD
+++ working on day --- 2025-01-17 +++
read_and_treat_AR_exclusive read_and_treat_AR_exclusive
read_and_treat_AR_exclusive read_and_treat_AR_exclusive
read_and_treat_AR_exclusive read_and_treat_AR_exclusive
read_and_treat_AR_exclusive_WD read_and_treat_AR_exclusive_WD
+++ working on day --- 2025-01-18 +++
read_and_treat_AR_exclusive read_and_treat_AR_exclusive
read_and_treat_AR_exclusive read_and_treat_AR_exclusive
read_and_treat_AR_exclusive read_and_treat_AR_exclusive
read_and_treat_AR_exclusive_WD read_and_treat_AR_exclusive_WD
+++ working on day --- 2025-01-19 +++
read_and_treat_AR_exclusive read_and_treat_AR_exclusive
read_and_treat_AR_exclusive read_and_treat_AR_exclusive
read_and_treat_AR_exclusive read_and_treat_AR_exclusive
read_and_treat_AR_exclusive_WD read_and_treat_AR_exclusive_WD
+++ working on day --- 2025-01-20 +++
read_and_treat_AR_exclusive read_and_treat_AR_exclusive
read_and_treat_AR_exclusive read_and_treat_AR_exclusive
read_and_treat_AR_exclusive read_and_treat_AR_exclusive
read_and_treat_AR_exclusive_WD read_and_treat_AR_exclusive_WD
+++ working on day --- 2025-01-21 +++
read_and_treat_AR_exclusive read_and_treat_AR_exclusive
read_and_treat_AR_exclusive read_and_treat_AR_exclusive
read_and_treat_AR_exclusive read_and_treat_AR_exclusive
read_and_treat_AR_exclusive_WD read_and_treat_AR_exclusive_WD
+++ working on day --- 2025-01-22 +++
read_and_treat_AR_exclusive read_and_treat_AR_exclusive
read_and_treat_AR_exclusive read_and_treat_AR_exclusive
read_and_treat_AR_exclusive read_and_treat_AR_exclusive
read_and_treat_AR_exclusive_WD read_and_treat_AR_exclusive_WD
+++ working on day --- 2025-01-23 +++
read_and_treat_AR_exclusive read_and_treat_AR_exclusive
read_and_treat_AR_exclusive read_and_treat_AR_exclusive
read_and_treat_AR_exclusive read_and_treat_AR_exclusive
read_and_treat_AR_exclusive_WD read_and_treat_AR_exclusive_WD
+++ working on day --- 2025-01-24 +++
read_and_treat_AR_exclusive read_and_treat_AR_exclusive
read_and_treat_AR_exclusive read_and_treat_AR_exclusive
read_and_treat_AR_exclusive read_and_treat_AR_exclusive
read_and_treat_AR_exclusive_WD read_and_treat_AR_exclusive_WD
+++ working on day --- 2025-01-25 +++
read_and_treat_AR_exclusive read_and_treat_AR_exclusive
read_and_treat_AR_exclusive read_and_treat_AR_exclusive
read_and_treat_AR_exclusive read_and_treat_AR_exclusive
read_and_treat_AR_exclusive_WD read_and_treat_AR_exclusive_WD
+++ working on day --- 2025-01-26 +++
read_and_treat_AR_exclusive read_and_treat_AR_exclusive
read_and_treat_AR_exclusive read_and_treat_AR_exclusive
read_and_treat_AR_exclusive read_and_treat_AR_exclusive
read_and_treat_AR_exclusive_WD read_and_treat_AR_exclusive_WD
+++ working on day --- 2025-01-27 +++
read_and_treat_AR_exclusive read_and_treat_AR_exclusive
read_and_treat_AR_exclusive read_and_treat_AR_exclusive
read_and_treat_AR_exclusive read_and_treat_AR_exclusive
read_and_treat_AR_exclusive_WD read_and_treat_AR_exclusive_WD
+++ working on day --- 2025-01-28 +++
read_and_treat_AR_exclusive read_and_treat_AR_exclusive
read_and_treat_AR_exclusive read_and_treat_AR_exclusive
read_and_treat_AR_exclusive read_and_treat_AR_exclusive
read_and_treat_AR_exclusive_WD read_and_treat_AR_exclusive_WD
+++ working on day --- 2025-01-29 +++
read_and_treat_AR_exclusive read_and_treat_AR_exclusive
read_and_treat_AR_exclusive read_and_treat_AR_exclusive
read_and_treat_AR_exclusive read_and_treat_AR_exclusive
read_and_treat_AR_exclusive_WD read_and_treat_AR_exclusive_WD
+++ working on day --- 2025-01-30 +++
read_and_treat_AR_exclusive read_and_treat_AR_exclusive
read_and_treat_AR_exclusive read_and_treat_AR_exclusive
read_and_treat_AR_exclusive read_and_treat_AR_exclusive
read_and_treat_AR_exclusive_WD read_and_treat_AR_exclusive_WD
+++ working on day --- 2025-01-31 +++
read_and_treat_AR_exclusive read_and_treat_AR_exclusive
read_and_treat_AR_exclusive read_and_treat_AR_exclusive
read_and_treat_AR_exclusive read_and_treat_AR_exclusive
read_and_treat_AR_exclusive_WD read_and_treat_AR_exclusive_WD
+++ working on day --- 2025-02-01 +++
read_and_treat_AR_exclusive read_and_treat_AR_exclusive
read_and_treat_AR_exclusive read_and_treat_AR_exclusive
read_and_treat_AR_exclusive read_and_treat_AR_exclusive
read_and_treat_AR_exclusive_WD read_and_treat_AR_exclusive_WD
+++ working on day --- 2025-02-02 +++
read_and_treat_AR_exclusive read_and_treat_AR_exclusive
read_and_treat_AR_exclusive read_and_treat_AR_exclusive
read_and_treat_AR_exclusive read_and_treat_AR_exclusive
read_and_treat_AR_exclusive_WD read_and_treat_AR_exclusive_WD
+++ working on day --- 2025-02-03 +++
read_and_treat_AR_exclusive read_and_treat_AR_exclusive
read_and_treat_AR_exclusive read_and_treat_AR_exclusive
read_and_treat_AR_exclusive read_and_treat_AR_exclusive
read_and_treat_AR_exclusive_WD read_and_treat_AR_exclusive_WD
+++ working on day --- 2025-02-04 +++
read_and_treat_AR_exclusive read_and_treat_AR_exclusive
read_and_treat_AR_exclusive read_and_treat_AR_exclusive
read_and_treat_AR_exclusive read_and_treat_AR_exclusive
read_and_treat_AR_exclusive_WD read_and_treat_AR_exclusive_WD
+++ working on day --- 2025-02-05 +++
read_and_treat_AR_exclusive read_and_treat_AR_exclusive
read_and_treat_AR_exclusive read_and_treat_AR_exclusive
read_and_treat_AR_exclusive read_and_treat_AR_exclusive
read_and_treat_AR_exclusive_WD read_and_treat_AR_exclusive_WD
+++ working on day --- 2025-02-06 +++
read_and_treat_AR_exclusive read_and_treat_AR_exclusive
read_and_treat_AR_exclusive read_and_treat_AR_exclusive
read_and_treat_AR_exclusive read_and_treat_AR_exclusive
read_and_treat_AR_exclusive_WD read_and_treat_AR_exclusive_WD
+++ working on day --- 2025-02-07 +++
read_and_treat_AR_exclusive read_and_treat_AR_exclusive
read_and_treat_AR_exclusive read_and_treat_AR_exclusive
read_and_treat_AR_exclusive read_and_treat_AR_exclusive
read_and_treat_AR_exclusive_WD read_and_treat_AR_exclusive_WD
+++ working on day --- 2025-02-08 +++
read_and_treat_AR_exclusive read_and_treat_AR_exclusive
read_and_treat_AR_exclusive read_and_treat_AR_exclusive
read_and_treat_AR_exclusive read_and_treat_AR_exclusive
read_and_treat_AR_exclusive_WD read_and_treat_AR_exclusive_WD
+++ working on day --- 2025-02-09 +++
read_and_treat_AR_exclusive read_and_treat_AR_exclusive
read_and_treat_AR_exclusive read_and_treat_AR_exclusive
read_and_treat_AR_exclusive read_and_treat_AR_exclusive
read_and_treat_AR_exclusive_WD read_and_treat_AR_exclusive_WD
+++ working on day --- 2025-02-10 +++
read_and_treat_AR_exclusive read_and_treat_AR_exclusive
read_and_treat_AR_exclusive read_and_treat_AR_exclusive
read_and_treat_AR_exclusive read_and_treat_AR_exclusive
read_and_treat_AR_exclusive_WD read_and_treat_AR_exclusive_WD
+++ working on day --- 2025-02-11 +++
read_and_treat_AR_exclusive read_and_treat_AR_exclusive
read_and_treat_AR_exclusive read_and_treat_AR_exclusive
read_and_treat_AR_exclusive read_and_treat_AR_exclusive
read_and_treat_AR_exclusive_WD read_and_treat_AR_exclusive_WD
+++ working on day --- 2025-02-12 +++
read_and_treat_AR_exclusive read_and_treat_AR_exclusive
read_and_treat_AR_exclusive read_and_treat_AR_exclusive
read_and_treat_AR_exclusive read_and_treat_AR_exclusive
read_and_treat_AR_exclusive_WD read_and_treat_AR_exclusive_WD
+++ working on day --- 2025-02-14 +++
+++ working on day --- 2025-02-15 +++
+++ working on day --- 2025-02-16 +++
+++ working on day --- 2025-02-17 +++
+++ working on day --- 2025-02-18 +++
+++ working on day --- 2025-02-19 +++
read_and_treat_AR_exclusive read_and_treat_AR_exclusive
read_and_treat_AR_exclusive read_and_treat_AR_exclusive
read_and_treat_AR_exclusive read_and_treat_AR_exclusive
read_and_treat_AR_exclusive_WD read_and_treat_AR_exclusive_WD
+++ working on day --- 2025-02-20 +++
read_and_treat_AR_exclusive read_and_treat_AR_exclusive
read_and_treat_AR_exclusive read_and_treat_AR_exclusive
read_and_treat_AR_exclusive read_and_treat_AR_exclusive
read_and_treat_AR_exclusive_WD read_and_treat_AR_exclusive_WD
+++ working on day --- 2025-02-21 +++
read_and_treat_AR_exclusive read_and_treat_AR_exclusive
read_and_treat_AR_exclusive read_and_treat_AR_exclusive
read_and_treat_AR_exclusive read_and_treat_AR_exclusive
read_and_treat_AR_exclusive_WD read_and_treat_AR_exclusive_WD
+++ working on day --- 2025-02-22 +++
read_and_treat_AR_exclusive read_and_treat_AR_exclusive
read_and_treat_AR_exclusive read_and_treat_AR_exclusive
read_and_treat_AR_exclusive read_and_treat_AR_exclusive
read_and_treat_AR_exclusive_WD read_and_treat_AR_exclusive_WD
+++ working on day --- 2025-02-23 +++
read_and_treat_AR_exclusive read_and_treat_AR_exclusive
read_and_treat_AR_exclusive read_and_treat_AR_exclusive
read_and_treat_AR_exclusive read_and_treat_AR_exclusive
read_and_treat_AR_exclusive_WD read_and_treat_AR_exclusive_WD
+++ working on day --- 2025-02-24 +++
read_and_treat_AR_exclusive read_and_treat_AR_exclusive
read_and_treat_AR_exclusive read_and_treat_AR_exclusive
read_and_treat_AR_exclusive read_and_treat_AR_exclusive
read_and_treat_AR_exclusive_WD read_and_treat_AR_exclusive_WD
+++ working on day --- 2025-02-25 +++
read_and_treat_AR_exclusive read_and_treat_AR_exclusive
read_and_treat_AR_exclusive read_and_treat_AR_exclusive
read_and_treat_AR_exclusive read_and_treat_AR_exclusive
read_and_treat_AR_exclusive_WD read_and_treat_AR_exclusive_WD
+++ working on day --- 2025-02-26 +++
read_and_treat_AR_exclusive read_and_treat_AR_exclusive
read_and_treat_AR_exclusive read_and_treat_AR_exclusive
read_and_treat_AR_exclusive read_and_treat_AR_exclusive
read_and_treat_AR_exclusive_WD read_and_treat_AR_exclusive_WD
+++ working on day --- 2025-02-27 +++
read_and_treat_AR_exclusive read_and_treat_AR_exclusive
read_and_treat_AR_exclusive read_and_treat_AR_exclusive
read_and_treat_AR_exclusive read_and_treat_AR_exclusive
read_and_treat_AR_exclusive_WD read_and_treat_AR_exclusive_WD
+++ working on day --- 2025-02-28 +++
read_and_treat_AR_exclusive read_and_treat_AR_exclusive
read_and_treat_AR_exclusive read_and_treat_AR_exclusive
read_and_treat_AR_exclusive read_and_treat_AR_exclusive
read_and_treat_AR_exclusive_WD read_and_treat_AR_exclusive_WD
+++ working on day --- 2025-03-01 +++
read_and_treat_AR_exclusive read_and_treat_AR_exclusive
read_and_treat_AR_exclusive read_and_treat_AR_exclusive
read_and_treat_AR_exclusive read_and_treat_AR_exclusive
read_and_treat_AR_exclusive_WD read_and_treat_AR_exclusive_WD
+++ working on day --- 2025-03-02 +++
read_and_treat_AR_exclusive read_and_treat_AR_exclusive
read_and_treat_AR_exclusive read_and_treat_AR_exclusive
read_and_treat_AR_exclusive read_and_treat_AR_exclusive
read_and_treat_AR_exclusive_WD read_and_treat_AR_exclusive_WD
+++ working on day --- 2025-03-03 +++
read_and_treat_AR_exclusive read_and_treat_AR_exclusive
read_and_treat_AR_exclusive read_and_treat_AR_exclusive
read_and_treat_AR_exclusive read_and_treat_AR_exclusive
read_and_treat_AR_exclusive_WD read_and_treat_AR_exclusive_WD
+++ working on day --- 2025-03-04 +++
read_and_treat_AR_exclusive read_and_treat_AR_exclusive
read_and_treat_AR_exclusive read_and_treat_AR_exclusive
read_and_treat_AR_exclusive read_and_treat_AR_exclusive
read_and_treat_AR_exclusive_WD read_and_treat_AR_exclusive_WD
+++ working on day --- 2025-03-05 +++
read_and_treat_AR_exclusive read_and_treat_AR_exclusive
read_and_treat_AR_exclusive read_and_treat_AR_exclusive
read_and_treat_AR_exclusive read_and_treat_AR_exclusive
read_and_treat_AR_exclusive_WD read_and_treat_AR_exclusive_WD
+++ working on day --- 2025-03-06 +++
read_and_treat_AR_exclusive read_and_treat_AR_exclusive
read_and_treat_AR_exclusive read_and_treat_AR_exclusive
read_and_treat_AR_exclusive read_and_treat_AR_exclusive
read_and_treat_AR_exclusive_WD read_and_treat_AR_exclusive_WD
+++ working on day --- 2025-03-07 +++
read_and_treat_AR_exclusive read_and_treat_AR_exclusive
read_and_treat_AR_exclusive read_and_treat_AR_exclusive
read_and_treat_AR_exclusive read_and_treat_AR_exclusive
read_and_treat_AR_exclusive_WD read_and_treat_AR_exclusive_WD
+++ working on day --- 2025-03-08 +++
read_and_treat_AR_exclusive read_and_treat_AR_exclusive
read_and_treat_AR_exclusive read_and_treat_AR_exclusive
read_and_treat_AR_exclusive read_and_treat_AR_exclusive
read_and_treat_AR_exclusive_WD read_and_treat_AR_exclusive_WD
+++ working on day --- 2025-03-09 +++
read_and_treat_AR_exclusive read_and_treat_AR_exclusive
read_and_treat_AR_exclusive read_and_treat_AR_exclusive
read_and_treat_AR_exclusive read_and_treat_AR_exclusive
read_and_treat_AR_exclusive_WD read_and_treat_AR_exclusive_WD
+++ working on day --- 2025-03-10 +++
read_and_treat_AR_exclusive read_and_treat_AR_exclusive
read_and_treat_AR_exclusive read_and_treat_AR_exclusive
read_and_treat_AR_exclusive read_and_treat_AR_exclusive
read_and_treat_AR_exclusive_WD read_and_treat_AR_exclusive_WD
+++ working on day --- 2025-03-11 +++
read_and_treat_AR_exclusive read_and_treat_AR_exclusive
read_and_treat_AR_exclusive read_and_treat_AR_exclusive
read_and_treat_AR_exclusive read_and_treat_AR_exclusive
read_and_treat_AR_exclusive_WD read_and_treat_AR_exclusive_WD
+++ working on day --- 2025-03-12 +++
read_and_treat_AR_exclusive read_and_treat_AR_exclusive
read_and_treat_AR_exclusive read_and_treat_AR_exclusive
read_and_treat_AR_exclusive read_and_treat_AR_exclusive
read_and_treat_AR_exclusive_WD read_and_treat_AR_exclusive_WD
+++ working on day --- 2025-03-13 +++
read_and_treat_AR_exclusive read_and_treat_AR_exclusive
read_and_treat_AR_exclusive read_and_treat_AR_exclusive
read_and_treat_AR_exclusive read_and_treat_AR_exclusive
read_and_treat_AR_exclusive_WD read_and_treat_AR_exclusive_WD
+++ working on day --- 2025-03-14 +++
read_and_treat_AR_exclusive read_and_treat_AR_exclusive
read_and_treat_AR_exclusive read_and_treat_AR_exclusive
read_and_treat_AR_exclusive read_and_treat_AR_exclusive
read_and_treat_AR_exclusive_WD read_and_treat_AR_exclusive_WD
+++ working on day --- 2025-03-15 +++
read_and_treat_AR_exclusive read_and_treat_AR_exclusive
read_and_treat_AR_exclusive read_and_treat_AR_exclusive
read_and_treat_AR_exclusive read_and_treat_AR_exclusive
read_and_treat_AR_exclusive_WD read_and_treat_AR_exclusive_WD
+++ working on day --- 2025-03-16 +++
read_and_treat_AR_exclusive read_and_treat_AR_exclusive
read_and_treat_AR_exclusive read_and_treat_AR_exclusive
read_and_treat_AR_exclusive read_and_treat_AR_exclusive
read_and_treat_AR_exclusive_WD read_and_treat_AR_exclusive_WD
+++ working on day --- 2025-03-17 +++
read_and_treat_AR_exclusive read_and_treat_AR_exclusive
read_and_treat_AR_exclusive read_and_treat_AR_exclusive
read_and_treat_AR_exclusive read_and_treat_AR_exclusive
read_and_treat_AR_exclusive_WD read_and_treat_AR_exclusive_WD
+++ working on day --- 2025-03-18 +++
read_and_treat_AR_exclusive read_and_treat_AR_exclusive
read_and_treat_AR_exclusive read_and_treat_AR_exclusive
read_and_treat_AR_exclusive read_and_treat_AR_exclusive
read_and_treat_AR_exclusive_WD read_and_treat_AR_exclusive_WD
+++ working on day --- 2025-03-19 +++
read_and_treat_AR_exclusive read_and_treat_AR_exclusive
read_and_treat_AR_exclusive read_and_treat_AR_exclusive
read_and_treat_AR_exclusive read_and_treat_AR_exclusive
read_and_treat_AR_exclusive_WD read_and_treat_AR_exclusive_WD
+++ working on day --- 2025-03-20 +++
read_and_treat_AR_exclusive read_and_treat_AR_exclusive
read_and_treat_AR_exclusive read_and_treat_AR_exclusive
read_and_treat_AR_exclusive read_and_treat_AR_exclusive
read_and_treat_AR_exclusive_WD read_and_treat_AR_exclusive_WD
+++ working on day --- 2025-03-21 +++
read_and_treat_AR_exclusive read_and_treat_AR_exclusive
read_and_treat_AR_exclusive read_and_treat_AR_exclusive
read_and_treat_AR_exclusive read_and_treat_AR_exclusive
read_and_treat_AR_exclusive_WD read_and_treat_AR_exclusive_WD
+++ working on day --- 2025-03-22 +++
read_and_treat_AR_exclusive read_and_treat_AR_exclusive
read_and_treat_AR_exclusive read_and_treat_AR_exclusive
read_and_treat_AR_exclusive read_and_treat_AR_exclusive
read_and_treat_AR_exclusive_WD read_and_treat_AR_exclusive_WD
+++ working on day --- 2025-03-23 +++
read_and_treat_AR_exclusive read_and_treat_AR_exclusive
read_and_treat_AR_exclusive read_and_treat_AR_exclusive
read_and_treat_AR_exclusive read_and_treat_AR_exclusive
read_and_treat_AR_exclusive_WD read_and_treat_AR_exclusive_WD
+++ working on day --- 2025-03-24 +++
read_and_treat_AR_exclusive read_and_treat_AR_exclusive
read_and_treat_AR_exclusive read_and_treat_AR_exclusive
read_and_treat_AR_exclusive read_and_treat_AR_exclusive
read_and_treat_AR_exclusive_WD read_and_treat_AR_exclusive_WD
+++ working on day --- 2025-03-25 +++
read_and_treat_AR_exclusive read_and_treat_AR_exclusive
read_and_treat_AR_exclusive read_and_treat_AR_exclusive
read_and_treat_AR_exclusive read_and_treat_AR_exclusive
read_and_treat_AR_exclusive_WD read_and_treat_AR_exclusive_WD
+++ working on day --- 2025-03-26 +++
read_and_treat_AR_exclusive read_and_treat_AR_exclusive
read_and_treat_AR_exclusive read_and_treat_AR_exclusive
read_and_treat_AR_exclusive read_and_treat_AR_exclusive
read_and_treat_AR_exclusive_WD read_and_treat_AR_exclusive_WD
+++ working on day --- 2025-03-27 +++
read_and_treat_AR_exclusive read_and_treat_AR_exclusive
read_and_treat_AR_exclusive read_and_treat_AR_exclusive
read_and_treat_AR_exclusive read_and_treat_AR_exclusive
read_and_treat_AR_exclusive_WD read_and_treat_AR_exclusive_WD
+++ working on day --- 2025-03-28 +++
read_and_treat_AR_exclusive read_and_treat_AR_exclusive
read_and_treat_AR_exclusive read_and_treat_AR_exclusive
read_and_treat_AR_exclusive read_and_treat_AR_exclusive
read_and_treat_AR_exclusive_WD read_and_treat_AR_exclusive_WD
+++ working on day --- 2025-03-29 +++
read_and_treat_AR_exclusive read_and_treat_AR_exclusive
read_and_treat_AR_exclusive read_and_treat_AR_exclusive
read_and_treat_AR_exclusive read_and_treat_AR_exclusive
read_and_treat_AR_exclusive_WD read_and_treat_AR_exclusive_WD
+++ working on day --- 2025-03-30 +++
read_and_treat_AR_exclusive read_and_treat_AR_exclusive
read_and_treat_AR_exclusive read_and_treat_AR_exclusive
read_and_treat_AR_exclusive read_and_treat_AR_exclusive
read_and_treat_AR_exclusive_WD read_and_treat_AR_exclusive_WD
+++ working on day --- 2025-03-31 +++
read_and_treat_AR_exclusive read_and_treat_AR_exclusive
read_and_treat_AR_exclusive read_and_treat_AR_exclusive
read_and_treat_AR_exclusive read_and_treat_AR_exclusive
read_and_treat_AR_exclusive_WD read_and_treat_AR_exclusive_WD
+++ working on day --- 2025-04-01 +++
read_and_treat_AR_exclusive read_and_treat_AR_exclusive
read_and_treat_AR_exclusive read_and_treat_AR_exclusive
read_and_treat_AR_exclusive read_and_treat_AR_exclusive
read_and_treat_AR_exclusive_WD read_and_treat_AR_exclusive_WD
+++ working on day --- 2025-04-02 +++
grep: /home/report/DATA/DA_TRATTARE/test/day/20250402_wapor_evol_time_Height_5_20000_AR_day.dat: No such file or directory
read_and_treat_AR_exclusive read_and_treat_AR_exclusive
read_and_treat_AR_exclusive read_and_treat_AR_exclusive
read_and_treat_AR_exclusive_WD read_and_treat_AR_exclusive_WD
+++ working on day --- 2025-04-03 +++
grep: /home/report/DATA/DA_TRATTARE/test/day/20250403_wapor_evol_time_Height_5_20000_AR_day.dat: No such file or directory
read_and_treat_AR_exclusive read_and_treat_AR_exclusive
read_and_treat_AR_exclusive read_and_treat_AR_exclusive
read_and_treat_AR_exclusive_WD read_and_treat_AR_exclusive_WD
+++ working on day --- 2025-04-04 +++
grep: /home/report/DATA/DA_TRATTARE/test/day/20250404_wapor_evol_time_Height_5_20000_AR_day.dat: No such file or directory
read_and_treat_AR_exclusive read_and_treat_AR_exclusive
read_and_treat_AR_exclusive read_and_treat_AR_exclusive
read_and_treat_AR_exclusive_WD read_and_treat_AR_exclusive_WD
+++ working on day --- 2025-04-05 +++
grep: /home/report/DATA/DA_TRATTARE/test/day/20250405_wapor_evol_time_Height_5_20000_AR_day.dat: No such file or directory
read_and_treat_AR_exclusive read_and_treat_AR_exclusive
read_and_treat_AR_exclusive read_and_treat_AR_exclusive
read_and_treat_AR_exclusive_WD read_and_treat_AR_exclusive_WD
+++ working on day --- 2025-04-06 +++
grep: /home/report/DATA/DA_TRATTARE/test/day/20250406_wapor_evol_time_Height_5_20000_AR_day.dat: No such file or directory
read_and_treat_AR_exclusive read_and_treat_AR_exclusive
read_and_treat_AR_exclusive read_and_treat_AR_exclusive
read_and_treat_AR_exclusive_WD read_and_treat_AR_exclusive_WD
+++ working on day --- 2025-04-07 +++
grep: /home/report/DATA/DA_TRATTARE/test/day/20250407_wapor_evol_time_Height_5_20000_AR_day.dat: No such file or directory
read_and_treat_AR_exclusive read_and_treat_AR_exclusive
read_and_treat_AR_exclusive read_and_treat_AR_exclusive
read_and_treat_AR_exclusive_WD read_and_treat_AR_exclusive_WD
+++ working on day --- 2025-04-08 +++
read_and_treat_AR_exclusive read_and_treat_AR_exclusive
read_and_treat_AR_exclusive read_and_treat_AR_exclusive
read_and_treat_AR_exclusive_WD read_and_treat_AR_exclusive_WD
+++ working on day --- 2025-04-09 +++
read_and_treat_AR_exclusive read_and_treat_AR_exclusive
read_and_treat_AR_exclusive read_and_treat_AR_exclusive
read_and_treat_AR_exclusive_WD read_and_treat_AR_exclusive_WD
+++ working on day --- 2025-04-10 +++
read_and_treat_AR_exclusive read_and_treat_AR_exclusive
read_and_treat_AR_exclusive read_and_treat_AR_exclusive
read_and_treat_AR_exclusive_WD read_and_treat_AR_exclusive_WD
+++ working on day --- 2025-04-11 +++
read_and_treat_AR_exclusive read_and_treat_AR_exclusive
read_and_treat_AR_exclusive read_and_treat_AR_exclusive
read_and_treat_AR_exclusive_WD read_and_treat_AR_exclusive_WD
+++ working on day --- 2025-04-12 +++
read_and_treat_AR_exclusive read_and_treat_AR_exclusive
read_and_treat_AR_exclusive read_and_treat_AR_exclusive
read_and_treat_AR_exclusive read_and_treat_AR_exclusive
read_and_treat_AR_exclusive_WD read_and_treat_AR_exclusive_WD
+++ working on day --- 2025-04-13 +++
read_and_treat_AR_exclusive read_and_treat_AR_exclusive
read_and_treat_AR_exclusive read_and_treat_AR_exclusive
read_and_treat_AR_exclusive read_and_treat_AR_exclusive
read_and_treat_AR_exclusive_WD read_and_treat_AR_exclusive_WD
+++ working on day --- 2025-04-14 +++
read_and_treat_AR_exclusive read_and_treat_AR_exclusive
read_and_treat_AR_exclusive read_and_treat_AR_exclusive
read_and_treat_AR_exclusive read_and_treat_AR_exclusive
read_and_treat_AR_exclusive_WD read_and_treat_AR_exclusive_WD
+++ working on day --- 2025-04-15 +++
read_and_treat_AR_exclusive read_and_treat_AR_exclusive
read_and_treat_AR_exclusive read_and_treat_AR_exclusive
read_and_treat_AR_exclusive read_and_treat_AR_exclusive
read_and_treat_AR_exclusive_WD read_and_treat_AR_exclusive_WD
+++ working on day --- 2025-04-16 +++
read_and_treat_AR_exclusive read_and_treat_AR_exclusive
read_and_treat_AR_exclusive read_and_treat_AR_exclusive
read_and_treat_AR_exclusive read_and_treat_AR_exclusive
read_and_treat_AR_exclusive_WD read_and_treat_AR_exclusive_WD
+++ working on day --- 2025-04-17 +++
read_and_treat_AR_exclusive read_and_treat_AR_exclusive
read_and_treat_AR_exclusive read_and_treat_AR_exclusive
read_and_treat_AR_exclusive read_and_treat_AR_exclusive
read_and_treat_AR_exclusive_WD read_and_treat_AR_exclusive_WD
+++ working on day --- 2025-04-18 +++
read_and_treat_AR_exclusive read_and_treat_AR_exclusive
read_and_treat_AR_exclusive read_and_treat_AR_exclusive
read_and_treat_AR_exclusive read_and_treat_AR_exclusive
read_and_treat_AR_exclusive_WD read_and_treat_AR_exclusive_WD
+++ working on day --- 2025-04-19 +++
read_and_treat_AR_exclusive read_and_treat_AR_exclusive
read_and_treat_AR_exclusive read_and_treat_AR_exclusive
read_and_treat_AR_exclusive read_and_treat_AR_exclusive
read_and_treat_AR_exclusive_WD read_and_treat_AR_exclusive_WD
+++ working on day --- 2025-04-20 +++
read_and_treat_AR_exclusive read_and_treat_AR_exclusive
read_and_treat_AR_exclusive read_and_treat_AR_exclusive
read_and_treat_AR_exclusive read_and_treat_AR_exclusive
read_and_treat_AR_exclusive_WD read_and_treat_AR_exclusive_WD
+++ working on day --- 2025-04-21 +++
read_and_treat_AR_exclusive read_and_treat_AR_exclusive
read_and_treat_AR_exclusive read_and_treat_AR_exclusive
read_and_treat_AR_exclusive read_and_treat_AR_exclusive
read_and_treat_AR_exclusive_WD read_and_treat_AR_exclusive_WD
+++ working on day --- 2025-04-22 +++
read_and_treat_AR_exclusive read_and_treat_AR_exclusive
read_and_treat_AR_exclusive read_and_treat_AR_exclusive
read_and_treat_AR_exclusive read_and_treat_AR_exclusive
read_and_treat_AR_exclusive_WD read_and_treat_AR_exclusive_WD
+++ working on day --- 2025-04-23 +++
read_and_treat_AR_exclusive read_and_treat_AR_exclusive
read_and_treat_AR_exclusive read_and_treat_AR_exclusive
read_and_treat_AR_exclusive read_and_treat_AR_exclusive
read_and_treat_AR_exclusive_WD read_and_treat_AR_exclusive_WD
+++ working on day --- 2025-04-24 +++
read_and_treat_AR_exclusive read_and_treat_AR_exclusive
read_and_treat_AR_exclusive read_and_treat_AR_exclusive
read_and_treat_AR_exclusive read_and_treat_AR_exclusive
read_and_treat_AR_exclusive_WD read_and_treat_AR_exclusive_WD
+++ working on day --- 2025-04-25 +++
read_and_treat_AR_exclusive read_and_treat_AR_exclusive
read_and_treat_AR_exclusive read_and_treat_AR_exclusive
read_and_treat_AR_exclusive read_and_treat_AR_exclusive
read_and_treat_AR_exclusive_WD read_and_treat_AR_exclusive_WD
+++ working on day --- 2025-04-26 +++
read_and_treat_AR_exclusive read_and_treat_AR_exclusive
read_and_treat_AR_exclusive read_and_treat_AR_exclusive
read_and_treat_AR_exclusive read_and_treat_AR_exclusive
read_and_treat_AR_exclusive_WD read_and_treat_AR_exclusive_WD
+++ working on day --- 2025-04-27 +++
read_and_treat_AR_exclusive read_and_treat_AR_exclusive
read_and_treat_AR_exclusive read_and_treat_AR_exclusive
read_and_treat_AR_exclusive read_and_treat_AR_exclusive
read_and_treat_AR_exclusive_WD read_and_treat_AR_exclusive_WD
+++ working on day --- 2025-04-28 +++
read_and_treat_AR_exclusive read_and_treat_AR_exclusive
read_and_treat_AR_exclusive read_and_treat_AR_exclusive
read_and_treat_AR_exclusive_WD read_and_treat_AR_exclusive_WD
+++ working on day --- 2025-04-29 +++
read_and_treat_AR_exclusive read_and_treat_AR_exclusive
read_and_treat_AR_exclusive read_and_treat_AR_exclusive
read_and_treat_AR_exclusive_WD read_and_treat_AR_exclusive_WD
+++ working on day --- 2025-04-30 +++
read_and_treat_AR_exclusive read_and_treat_AR_exclusive
read_and_treat_AR_exclusive read_and_treat_AR_exclusive
read_and_treat_AR_exclusive_WD read_and_treat_AR_exclusive_WD
+++ working on day --- 2025-05-01 +++
grep: /home/report/DATA/DA_TRATTARE/test/day/20250501_wapor_evol_time_Height_5_20000_AR_day.dat: No such file or directory
read_and_treat_AR_exclusive read_and_treat_AR_exclusive
read_and_treat_AR_exclusive read_and_treat_AR_exclusive
read_and_treat_AR_exclusive_WD read_and_treat_AR_exclusive_WD
+++ working on day --- 2025-05-02 +++
grep: /home/report/DATA/DA_TRATTARE/test/day/20250502_wapor_evol_time_Height_5_20000_AR_day.dat: No such file or directory
read_and_treat_AR_exclusive read_and_treat_AR_exclusive
read_and_treat_AR_exclusive read_and_treat_AR_exclusive
read_and_treat_AR_exclusive_WD read_and_treat_AR_exclusive_WD
+++ working on day --- 2025-05-03 +++
grep: /home/report/DATA/DA_TRATTARE/test/day/20250503_wapor_evol_time_Height_5_20000_AR_day.dat: No such file or directory
read_and_treat_AR_exclusive read_and_treat_AR_exclusive
read_and_treat_AR_exclusive read_and_treat_AR_exclusive
read_and_treat_AR_exclusive_WD read_and_treat_AR_exclusive_WD
+++ working on day --- 2025-05-04 +++
grep: /home/report/DATA/DA_TRATTARE/test/day/20250504_wapor_evol_time_Height_5_20000_AR_day.dat: No such file or directory
read_and_treat_AR_exclusive read_and_treat_AR_exclusive
read_and_treat_AR_exclusive read_and_treat_AR_exclusive
read_and_treat_AR_exclusive_WD read_and_treat_AR_exclusive_WD
+++ working on day --- 2025-05-05 +++
grep: /home/report/DATA/DA_TRATTARE/test/day/20250505_wapor_evol_time_Height_5_20000_AR_day.dat: No such file or directory
read_and_treat_AR_exclusive read_and_treat_AR_exclusive
read_and_treat_AR_exclusive read_and_treat_AR_exclusive
read_and_treat_AR_exclusive_WD read_and_treat_AR_exclusive_WD
+++ working on day --- 2025-05-06 +++
grep: /home/report/DATA/DA_TRATTARE/test/day/20250506_wapor_evol_time_Height_5_20000_AR_day.dat: No such file or directory
read_and_treat_AR_exclusive read_and_treat_AR_exclusive
read_and_treat_AR_exclusive read_and_treat_AR_exclusive
read_and_treat_AR_exclusive_WD read_and_treat_AR_exclusive_WD
+++ working on day --- 2025-05-07 +++
grep: /home/report/DATA/DA_TRATTARE/test/day/20250507_wapor_evol_time_Height_5_20000_AR_day.dat: No such file or directory
read_and_treat_AR_exclusive read_and_treat_AR_exclusive
read_and_treat_AR_exclusive read_and_treat_AR_exclusive
read_and_treat_AR_exclusive_WD read_and_treat_AR_exclusive_WD
+++ working on day --- 2025-05-08 +++
grep: /home/report/DATA/DA_TRATTARE/test/day/20250508_wapor_evol_time_Height_5_20000_AR_day.dat: No such file or directory
read_and_treat_AR_exclusive read_and_treat_AR_exclusive
read_and_treat_AR_exclusive read_and_treat_AR_exclusive
read_and_treat_AR_exclusive_WD read_and_treat_AR_exclusive_WD
+++ working on day --- 2025-05-09 +++
grep: /home/report/DATA/DA_TRATTARE/test/day/20250509_wapor_evol_time_Height_5_20000_AR_day.dat: No such file or directory
read_and_treat_AR_exclusive read_and_treat_AR_exclusive
read_and_treat_AR_exclusive read_and_treat_AR_exclusive
read_and_treat_AR_exclusive_WD read_and_treat_AR_exclusive_WD
+++ working on day --- 2025-05-10 +++
grep: /home/report/DATA/DA_TRATTARE/test/day/20250510_wapor_evol_time_Height_5_20000_AR_day.dat: No such file or directory
read_and_treat_AR_exclusive read_and_treat_AR_exclusive
read_and_treat_AR_exclusive read_and_treat_AR_exclusive
read_and_treat_AR_exclusive_WD read_and_treat_AR_exclusive_WD
+++ working on day --- 2025-05-11 +++
grep: /home/report/DATA/DA_TRATTARE/test/day/20250511_wapor_evol_time_Height_5_20000_AR_day.dat: No such file or directory
read_and_treat_AR_exclusive read_and_treat_AR_exclusive
read_and_treat_AR_exclusive read_and_treat_AR_exclusive
read_and_treat_AR_exclusive_WD read_and_treat_AR_exclusive_WD
+++ working on day --- 2025-05-12 +++
grep: /home/report/DATA/DA_TRATTARE/test/day/20250512_wapor_evol_time_Height_5_20000_AR_day.dat: No such file or directory
read_and_treat_AR_exclusive read_and_treat_AR_exclusive
read_and_treat_AR_exclusive read_and_treat_AR_exclusive
read_and_treat_AR_exclusive_WD read_and_treat_AR_exclusive_WD
+++ working on day --- 2025-05-13 +++
grep: /home/report/DATA/DA_TRATTARE/test/day/20250513_wapor_evol_time_Height_5_20000_AR_day.dat: No such file or directory
read_and_treat_AR_exclusive read_and_treat_AR_exclusive
read_and_treat_AR_exclusive read_and_treat_AR_exclusive
read_and_treat_AR_exclusive_WD read_and_treat_AR_exclusive_WD
+++ working on day --- 2025-05-14 +++
grep: /home/report/DATA/DA_TRATTARE/test/day/20250514_wapor_evol_time_Height_5_20000_AR_day.dat: No such file or directory
read_and_treat_AR_exclusive read_and_treat_AR_exclusive
read_and_treat_AR_exclusive read_and_treat_AR_exclusive
read_and_treat_AR_exclusive_WD read_and_treat_AR_exclusive_WD
+++ working on day --- 2025-05-15 +++
grep: /home/report/DATA/DA_TRATTARE/test/day/20250515_wapor_evol_time_Height_5_20000_AR_day.dat: No such file or directory
read_and_treat_AR_exclusive read_and_treat_AR_exclusive
read_and_treat_AR_exclusive read_and_treat_AR_exclusive
read_and_treat_AR_exclusive_WD read_and_treat_AR_exclusive_WD
+++ working on day --- 2025-05-16 +++
grep: /home/report/DATA/DA_TRATTARE/test/day/20250516_wapor_evol_time_Height_5_20000_AR_day.dat: No such file or directory
read_and_treat_AR_exclusive read_and_treat_AR_exclusive
read_and_treat_AR_exclusive read_and_treat_AR_exclusive
read_and_treat_AR_exclusive_WD read_and_treat_AR_exclusive_WD
+++ working on day --- 2025-05-17 +++
grep: /home/report/DATA/DA_TRATTARE/test/day/20250517_wapor_evol_time_Height_5_20000_AR_day.dat: No such file or directory
read_and_treat_AR_exclusive read_and_treat_AR_exclusive
read_and_treat_AR_exclusive read_and_treat_AR_exclusive
read_and_treat_AR_exclusive_WD read_and_treat_AR_exclusive_WD
+++ working on day --- 2025-05-18 +++
grep: /home/report/DATA/DA_TRATTARE/test/day/20250518_wapor_evol_time_Height_5_20000_AR_day.dat: No such file or directory
read_and_treat_AR_exclusive read_and_treat_AR_exclusive
read_and_treat_AR_exclusive read_and_treat_AR_exclusive
read_and_treat_AR_exclusive_WD read_and_treat_AR_exclusive_WD
+++ working on day --- 2025-05-19 +++
grep: /home/report/DATA/DA_TRATTARE/test/day/20250519_wapor_evol_time_Height_5_20000_AR_day.dat: No such file or directory
read_and_treat_AR_exclusive read_and_treat_AR_exclusive
read_and_treat_AR_exclusive read_and_treat_AR_exclusive
read_and_treat_AR_exclusive_WD read_and_treat_AR_exclusive_WD
+++ working on day --- 2025-05-20 +++
grep: /home/report/DATA/DA_TRATTARE/test/day/20250520_wapor_evol_time_Height_5_20000_AR_day.dat: No such file or directory
read_and_treat_AR_exclusive read_and_treat_AR_exclusive
read_and_treat_AR_exclusive read_and_treat_AR_exclusive
read_and_treat_AR_exclusive_WD read_and_treat_AR_exclusive_WD
+++ working on day --- 2025-05-21 +++
grep: /home/report/DATA/DA_TRATTARE/test/day/20250521_wapor_evol_time_Height_5_20000_AR_day.dat: No such file or directory
read_and_treat_AR_exclusive read_and_treat_AR_exclusive
read_and_treat_AR_exclusive read_and_treat_AR_exclusive
read_and_treat_AR_exclusive_WD read_and_treat_AR_exclusive_WD
+++ working on day --- 2025-05-22 +++
grep: /home/report/DATA/DA_TRATTARE/test/day/20250522_wapor_evol_time_Height_5_20000_AR_day.dat: No such file or directory
read_and_treat_AR_exclusive read_and_treat_AR_exclusive
read_and_treat_AR_exclusive read_and_treat_AR_exclusive
read_and_treat_AR_exclusive_WD read_and_treat_AR_exclusive_WD
+++ working on day --- 2025-05-23 +++
grep: /home/report/DATA/DA_TRATTARE/test/day/20250523_wapor_evol_time_Height_5_20000_AR_day.dat: No such file or directory
read_and_treat_AR_exclusive read_and_treat_AR_exclusive
read_and_treat_AR_exclusive read_and_treat_AR_exclusive
read_and_treat_AR_exclusive_WD read_and_treat_AR_exclusive_WD
+++ working on day --- 2025-05-24 +++
grep: /home/report/DATA/DA_TRATTARE/test/day/20250524_wapor_evol_time_Height_5_20000_AR_day.dat: No such file or directory
read_and_treat_AR_exclusive read_and_treat_AR_exclusive
read_and_treat_AR_exclusive read_and_treat_AR_exclusive
read_and_treat_AR_exclusive_WD read_and_treat_AR_exclusive_WD
+++ working on day --- 2025-05-25 +++
grep: /home/report/DATA/DA_TRATTARE/test/day/20250525_wapor_evol_time_Height_5_20000_AR_day.dat: No such file or directory
read_and_treat_AR_exclusive read_and_treat_AR_exclusive
read_and_treat_AR_exclusive read_and_treat_AR_exclusive
read_and_treat_AR_exclusive_WD read_and_treat_AR_exclusive_WD
+++ working on day --- 2025-05-26 +++
grep: /home/report/DATA/DA_TRATTARE/test/day/20250526_wapor_evol_time_Height_5_20000_AR_day.dat: No such file or directory
read_and_treat_AR_exclusive read_and_treat_AR_exclusive
read_and_treat_AR_exclusive read_and_treat_AR_exclusive
read_and_treat_AR_exclusive_WD read_and_treat_AR_exclusive_WD
+++ working on day --- 2025-05-27 +++
grep: /home/report/DATA/DA_TRATTARE/test/day/20250527_wapor_evol_time_Height_5_20000_AR_day.dat: No such file or directory
read_and_treat_AR_exclusive read_and_treat_AR_exclusive
read_and_treat_AR_exclusive read_and_treat_AR_exclusive
read_and_treat_AR_exclusive_WD read_and_treat_AR_exclusive_WD
+++ working on day --- 2025-05-28 +++
grep: /home/report/DATA/DA_TRATTARE/test/day/20250528_wapor_evol_time_Height_5_20000_AR_day.dat: No such file or directory
read_and_treat_AR_exclusive read_and_treat_AR_exclusive
read_and_treat_AR_exclusive read_and_treat_AR_exclusive
read_and_treat_AR_exclusive_WD read_and_treat_AR_exclusive_WD
+++ working on day --- 2025-05-29 +++
grep: /home/report/DATA/DA_TRATTARE/test/day/20250529_wapor_evol_time_Height_5_20000_AR_day.dat: No such file or directory
read_and_treat_AR_exclusive read_and_treat_AR_exclusive
read_and_treat_AR_exclusive read_and_treat_AR_exclusive
read_and_treat_AR_exclusive_WD read_and_treat_AR_exclusive_WD
+++ working on day --- 2025-05-30 +++
grep: /home/report/DATA/DA_TRATTARE/test/day/20250530_wapor_evol_time_Height_5_20000_AR_day.dat: No such file or directory
read_and_treat_AR_exclusive read_and_treat_AR_exclusive
read_and_treat_AR_exclusive read_and_treat_AR_exclusive
read_and_treat_AR_exclusive_WD read_and_treat_AR_exclusive_WD
+++ working on day --- 2025-05-31 +++
grep: /home/report/DATA/DA_TRATTARE/test/day/20250531_wapor_evol_time_Height_5_20000_AR_day.dat: No such file or directory
read_and_treat_AR_exclusive read_and_treat_AR_exclusive
read_and_treat_AR_exclusive read_and_treat_AR_exclusive
read_and_treat_AR_exclusive_WD read_and_treat_AR_exclusive_WD
+++ working on day --- 2025-06-01 +++
grep: /home/report/DATA/DA_TRATTARE/test/day/20250601_wapor_evol_time_Height_5_20000_AR_day.dat: No such file or directory
read_and_treat_AR_exclusive read_and_treat_AR_exclusive
read_and_treat_AR_exclusive read_and_treat_AR_exclusive
read_and_treat_AR_exclusive_WD read_and_treat_AR_exclusive_WD
+++ working on day --- 2025-06-02 +++
grep: /home/report/DATA/DA_TRATTARE/test/day/20250602_wapor_evol_time_Height_5_20000_AR_day.dat: No such file or directory
read_and_treat_AR_exclusive read_and_treat_AR_exclusive
read_and_treat_AR_exclusive read_and_treat_AR_exclusive
read_and_treat_AR_exclusive_WD read_and_treat_AR_exclusive_WD
+++ working on day --- 2025-06-03 +++
grep: /home/report/DATA/DA_TRATTARE/test/day/20250603_wapor_evol_time_Height_5_20000_AR_day.dat: No such file or directory
read_and_treat_AR_exclusive read_and_treat_AR_exclusive
read_and_treat_AR_exclusive read_and_treat_AR_exclusive
read_and_treat_AR_exclusive_WD read_and_treat_AR_exclusive_WD
+++ working on day --- 2025-06-04 +++
grep: /home/report/DATA/DA_TRATTARE/test/day/20250604_wapor_evol_time_Height_5_20000_AR_day.dat: No such file or directory
read_and_treat_AR_exclusive read_and_treat_AR_exclusive
read_and_treat_AR_exclusive read_and_treat_AR_exclusive
read_and_treat_AR_exclusive_WD read_and_treat_AR_exclusive_WD
+++ working on day --- 2025-06-05 +++
grep: /home/report/DATA/DA_TRATTARE/test/day/20250605_wapor_evol_time_Height_5_20000_AR_day.dat: No such file or directory
read_and_treat_AR_exclusive read_and_treat_AR_exclusive
read_and_treat_AR_exclusive read_and_treat_AR_exclusive
read_and_treat_AR_exclusive_WD read_and_treat_AR_exclusive_WD
+++ working on day --- 2025-06-06 +++
grep: /home/report/DATA/DA_TRATTARE/test/day/20250606_wapor_evol_time_Height_5_20000_AR_day.dat: No such file or directory
read_and_treat_AR_exclusive read_and_treat_AR_exclusive
read_and_treat_AR_exclusive read_and_treat_AR_exclusive
read_and_treat_AR_exclusive_WD read_and_treat_AR_exclusive_WD
+++ working on day --- 2025-06-07 +++
grep: /home/report/DATA/DA_TRATTARE/test/day/20250607_wapor_evol_time_Height_5_20000_AR_day.dat: No such file or directory
read_and_treat_AR_exclusive read_and_treat_AR_exclusive
read_and_treat_AR_exclusive read_and_treat_AR_exclusive
read_and_treat_AR_exclusive_WD read_and_treat_AR_exclusive_WD
+++ working on day --- 2025-06-08 +++
grep: /home/report/DATA/DA_TRATTARE/test/day/20250608_wapor_evol_time_Height_5_20000_AR_day.dat: No such file or directory
read_and_treat_AR_exclusive read_and_treat_AR_exclusive
read_and_treat_AR_exclusive read_and_treat_AR_exclusive
read_and_treat_AR_exclusive_WD read_and_treat_AR_exclusive_WD
+++ working on day --- 2025-06-09 +++
grep: /home/report/DATA/DA_TRATTARE/test/day/20250609_wapor_evol_time_Height_5_20000_AR_day.dat: No such file or directory
read_and_treat_AR_exclusive read_and_treat_AR_exclusive
read_and_treat_AR_exclusive read_and_treat_AR_exclusive
read_and_treat_AR_exclusive_WD read_and_treat_AR_exclusive_WD
+++ working on day --- 2025-06-10 +++
grep: /home/report/DATA/DA_TRATTARE/test/day/20250610_wapor_evol_time_Height_5_20000_AR_day.dat: No such file or directory
read_and_treat_AR_exclusive read_and_treat_AR_exclusive
read_and_treat_AR_exclusive read_and_treat_AR_exclusive
read_and_treat_AR_exclusive_WD read_and_treat_AR_exclusive_WD
+++ working on day --- 2025-06-11 +++
grep: /home/report/DATA/DA_TRATTARE/test/day/20250611_wapor_evol_time_Height_5_20000_AR_day.dat: No such file or directory
read_and_treat_AR_exclusive read_and_treat_AR_exclusive
read_and_treat_AR_exclusive read_and_treat_AR_exclusive
read_and_treat_AR_exclusive_WD read_and_treat_AR_exclusive_WD
+++ working on day --- 2025-06-12 +++
grep: /home/report/DATA/DA_TRATTARE/test/day/20250612_wapor_evol_time_Height_5_20000_AR_day.dat: No such file or directory
read_and_treat_AR_exclusive read_and_treat_AR_exclusive
read_and_treat_AR_exclusive read_and_treat_AR_exclusive
read_and_treat_AR_exclusive_WD read_and_treat_AR_exclusive_WD
+++ working on day --- 2025-06-13 +++
grep: /home/report/DATA/DA_TRATTARE/test/day/20250613_wapor_evol_time_Height_5_20000_AR_day.dat: No such file or directory
read_and_treat_AR_exclusive read_and_treat_AR_exclusive
read_and_treat_AR_exclusive read_and_treat_AR_exclusive
read_and_treat_AR_exclusive_WD read_and_treat_AR_exclusive_WD
+++ working on day --- 2025-06-14 +++
grep: /home/report/DATA/DA_TRATTARE/test/day/20250614_wapor_evol_time_Height_5_20000_AR_day.dat: No such file or directory
read_and_treat_AR_exclusive read_and_treat_AR_exclusive
read_and_treat_AR_exclusive read_and_treat_AR_exclusive
read_and_treat_AR_exclusive_WD read_and_treat_AR_exclusive_WD
+++ working on day --- 2025-06-15 +++
grep: /home/report/DATA/DA_TRATTARE/test/day/20250615_wapor_evol_time_Height_5_20000_AR_day.dat: No such file or directory
read_and_treat_AR_exclusive read_and_treat_AR_exclusive
read_and_treat_AR_exclusive read_and_treat_AR_exclusive
read_and_treat_AR_exclusive_WD read_and_treat_AR_exclusive_WD
+++ working on day --- 2025-06-16 +++
grep: /home/report/DATA/DA_TRATTARE/test/day/20250616_wapor_evol_time_Height_5_20000_AR_day.dat: No such file or directory
read_and_treat_AR_exclusive read_and_treat_AR_exclusive
read_and_treat_AR_exclusive read_and_treat_AR_exclusive
read_and_treat_AR_exclusive_WD read_and_treat_AR_exclusive_WD
+++ working on day --- 2025-06-17 +++
grep: /home/report/DATA/DA_TRATTARE/test/day/20250617_wapor_evol_time_Height_5_20000_AR_day.dat: No such file or directory
read_and_treat_AR_exclusive read_and_treat_AR_exclusive
read_and_treat_AR_exclusive read_and_treat_AR_exclusive
read_and_treat_AR_exclusive_WD read_and_treat_AR_exclusive_WD
+++ working on day --- 2025-06-18 +++
grep: /home/report/DATA/DA_TRATTARE/test/day/20250618_wapor_evol_time_Height_5_20000_AR_day.dat: No such file or directory
read_and_treat_AR_exclusive read_and_treat_AR_exclusive
read_and_treat_AR_exclusive read_and_treat_AR_exclusive
read_and_treat_AR_exclusive_WD read_and_treat_AR_exclusive_WD
+++ working on day --- 2025-06-19 +++
grep: /home/report/DATA/DA_TRATTARE/test/day/20250619_wapor_evol_time_Height_5_20000_AR_day.dat: No such file or directory
read_and_treat_AR_exclusive read_and_treat_AR_exclusive
read_and_treat_AR_exclusive read_and_treat_AR_exclusive
read_and_treat_AR_exclusive_WD read_and_treat_AR_exclusive_WD
+++ working on day --- 2025-06-20 +++
grep: /home/report/DATA/DA_TRATTARE/test/day/20250620_wapor_evol_time_Height_5_20000_AR_day.dat: No such file or directory
read_and_treat_AR_exclusive read_and_treat_AR_exclusive
read_and_treat_AR_exclusive read_and_treat_AR_exclusive
read_and_treat_AR_exclusive_WD read_and_treat_AR_exclusive_WD
+++ working on day --- 2025-06-21 +++
grep: /home/report/DATA/DA_TRATTARE/test/day/20250621_wapor_evol_time_Height_5_20000_AR_day.dat: No such file or directory
read_and_treat_AR_exclusive read_and_treat_AR_exclusive
read_and_treat_AR_exclusive read_and_treat_AR_exclusive
read_and_treat_AR_exclusive_WD read_and_treat_AR_exclusive_WD
+++ working on day --- 2025-06-22 +++
grep: /home/report/DATA/DA_TRATTARE/test/day/20250622_wapor_evol_time_Height_5_20000_AR_day.dat: No such file or directory
read_and_treat_AR_exclusive read_and_treat_AR_exclusive
read_and_treat_AR_exclusive read_and_treat_AR_exclusive
read_and_treat_AR_exclusive_WD read_and_treat_AR_exclusive_WD
+++ working on day --- 2025-06-23 +++
grep: /home/report/DATA/DA_TRATTARE/test/day/20250623_wapor_evol_time_Height_5_20000_AR_day.dat: No such file or directory
read_and_treat_AR_exclusive read_and_treat_AR_exclusive
read_and_treat_AR_exclusive read_and_treat_AR_exclusive
read_and_treat_AR_exclusive_WD read_and_treat_AR_exclusive_WD
+++ working on day --- 2025-06-24 +++
grep: /home/report/DATA/DA_TRATTARE/test/day/20250624_wapor_evol_time_Height_5_20000_AR_day.dat: No such file or directory
read_and_treat_AR_exclusive read_and_treat_AR_exclusive
read_and_treat_AR_exclusive read_and_treat_AR_exclusive
read_and_treat_AR_exclusive_WD read_and_treat_AR_exclusive_WD
+++ working on day --- 2025-06-25 +++
grep: /home/report/DATA/DA_TRATTARE/test/day/20250625_wapor_evol_time_Height_5_20000_AR_day.dat: No such file or directory
read_and_treat_AR_exclusive read_and_treat_AR_exclusive
read_and_treat_AR_exclusive read_and_treat_AR_exclusive
read_and_treat_AR_exclusive_WD read_and_treat_AR_exclusive_WD
+++ working on day --- 2025-06-27 +++
grep: /home/report/DATA/DA_TRATTARE/test/day/20250627_wapor_evol_time_Height_5_20000_AR_day.dat: No such file or directory
+++ working on day --- 2025-06-28 +++
grep: /home/report/DATA/DA_TRATTARE/test/day/20250628_wapor_evol_time_Height_5_20000_AR_day.dat: No such file or directory
+++ working on day --- 2025-06-29 +++
grep: /home/report/DATA/DA_TRATTARE/test/day/20250629_wapor_evol_time_Height_5_20000_AR_day.dat: No such file or directory
+++ working on day --- 2025-06-30 +++
grep: /home/report/DATA/DA_TRATTARE/test/day/20250630_wapor_evol_time_Height_5_20000_AR_day.dat: No such file or directory
+++ working on day --- 2025-07-01 +++
grep: /home/report/DATA/DA_TRATTARE/test/day/20250701_wapor_evol_time_Height_5_20000_AR_day.dat: No such file or directory
+++ working on day --- 2025-07-02 +++
grep: /home/report/DATA/DA_TRATTARE/test/day/20250702_wapor_evol_time_Height_5_20000_AR_day.dat: No such file or directory
read_and_treat_AR_exclusive read_and_treat_AR_exclusive
read_and_treat_AR_exclusive read_and_treat_AR_exclusive
read_and_treat_AR_exclusive_WD read_and_treat_AR_exclusive_WD
+++ working on day --- 2025-07-03 +++
grep: /home/report/DATA/DA_TRATTARE/test/day/20250703_wapor_evol_time_Height_5_20000_AR_day.dat: No such file or directory
read_and_treat_AR_exclusive read_and_treat_AR_exclusive
read_and_treat_AR_exclusive read_and_treat_AR_exclusive
read_and_treat_AR_exclusive_WD read_and_treat_AR_exclusive_WD
+++ working on day --- 2025-07-04 +++
grep: /home/report/DATA/DA_TRATTARE/test/day/20250704_wapor_evol_time_Height_5_20000_AR_day.dat: No such file or directory
read_and_treat_AR_exclusive read_and_treat_AR_exclusive
read_and_treat_AR_exclusive read_and_treat_AR_exclusive
read_and_treat_AR_exclusive_WD read_and_treat_AR_exclusive_WD
+++ working on day --- 2025-07-05 +++
grep: /home/report/DATA/DA_TRATTARE/test/day/20250705_wapor_evol_time_Height_5_20000_AR_day.dat: No such file or directory
read_and_treat_AR_exclusive read_and_treat_AR_exclusive
read_and_treat_AR_exclusive read_and_treat_AR_exclusive
read_and_treat_AR_exclusive_WD read_and_treat_AR_exclusive_WD
+++ working on day --- 2025-07-06 +++
grep: /home/report/DATA/DA_TRATTARE/test/day/20250706_wapor_evol_time_Height_5_20000_AR_day.dat: No such file or directory
read_and_treat_AR_exclusive read_and_treat_AR_exclusive
read_and_treat_AR_exclusive read_and_treat_AR_exclusive
read_and_treat_AR_exclusive_WD read_and_treat_AR_exclusive_WD
+++ working on day --- 2025-07-07 +++
grep: /home/report/DATA/DA_TRATTARE/test/day/20250707_wapor_evol_time_Height_5_20000_AR_day.dat: No such file or directory
read_and_treat_AR_exclusive read_and_treat_AR_exclusive
read_and_treat_AR_exclusive read_and_treat_AR_exclusive
read_and_treat_AR_exclusive_WD read_and_treat_AR_exclusive_WD
+++ working on day --- 2025-07-08 +++
read_and_treat_AR_exclusive read_and_treat_AR_exclusive
read_and_treat_AR_exclusive read_and_treat_AR_exclusive
read_and_treat_AR_exclusive_WD read_and_treat_AR_exclusive_WD
+++ working on day --- 2025-07-09 +++
read_and_treat_AR_exclusive read_and_treat_AR_exclusive
read_and_treat_AR_exclusive read_and_treat_AR_exclusive
read_and_treat_AR_exclusive_WD read_and_treat_AR_exclusive_WD
+++ working on day --- 2025-07-10 +++
read_and_treat_AR_exclusive read_and_treat_AR_exclusive
read_and_treat_AR_exclusive read_and_treat_AR_exclusive
read_and_treat_AR_exclusive_WD read_and_treat_AR_exclusive_WD
+++ working on day --- 2025-07-11 +++
read_and_treat_AR_exclusive read_and_treat_AR_exclusive
read_and_treat_AR_exclusive read_and_treat_AR_exclusive
read_and_treat_AR_exclusive read_and_treat_AR_exclusive
read_and_treat_AR_exclusive_WD read_and_treat_AR_exclusive_WD
+++ working on day --- 2025-07-12 +++
read_and_treat_AR_exclusive read_and_treat_AR_exclusive
read_and_treat_AR_exclusive read_and_treat_AR_exclusive
read_and_treat_AR_exclusive read_and_treat_AR_exclusive
read_and_treat_AR_exclusive_WD read_and_treat_AR_exclusive_WD
+++ working on day --- 2025-07-13 +++
read_and_treat_AR_exclusive read_and_treat_AR_exclusive
read_and_treat_AR_exclusive read_and_treat_AR_exclusive
read_and_treat_AR_exclusive read_and_treat_AR_exclusive
read_and_treat_AR_exclusive_WD read_and_treat_AR_exclusive_WD
+++ working on day --- 2025-07-14 +++
read_and_treat_AR_exclusive read_and_treat_AR_exclusive
read_and_treat_AR_exclusive read_and_treat_AR_exclusive
read_and_treat_AR_exclusive read_and_treat_AR_exclusive
read_and_treat_AR_exclusive_WD read_and_treat_AR_exclusive_WD
+++ working on day --- 2025-07-15 +++
read_and_treat_AR_exclusive read_and_treat_AR_exclusive
read_and_treat_AR_exclusive read_and_treat_AR_exclusive
read_and_treat_AR_exclusive read_and_treat_AR_exclusive
read_and_treat_AR_exclusive_WD read_and_treat_AR_exclusive_WD
+++ working on day --- 2025-07-16 +++
read_and_treat_AR_exclusive read_and_treat_AR_exclusive
read_and_treat_AR_exclusive read_and_treat_AR_exclusive
read_and_treat_AR_exclusive read_and_treat_AR_exclusive
read_and_treat_AR_exclusive_WD read_and_treat_AR_exclusive_WD
+++ working on day --- 2025-07-17 +++
read_and_treat_AR_exclusive read_and_treat_AR_exclusive
read_and_treat_AR_exclusive read_and_treat_AR_exclusive
read_and_treat_AR_exclusive read_and_treat_AR_exclusive
read_and_treat_AR_exclusive_WD read_and_treat_AR_exclusive_WD
+++ working on day --- 2025-07-18 +++
read_and_treat_AR_exclusive read_and_treat_AR_exclusive
read_and_treat_AR_exclusive read_and_treat_AR_exclusive
read_and_treat_AR_exclusive read_and_treat_AR_exclusive
read_and_treat_AR_exclusive_WD read_and_treat_AR_exclusive_WD
+++ working on day --- 2025-07-19 +++
read_and_treat_AR_exclusive read_and_treat_AR_exclusive
read_and_treat_AR_exclusive read_and_treat_AR_exclusive
read_and_treat_AR_exclusive read_and_treat_AR_exclusive
read_and_treat_AR_exclusive_WD read_and_treat_AR_exclusive_WD
+++ working on day --- 2025-07-20 +++
read_and_treat_AR_exclusive read_and_treat_AR_exclusive
read_and_treat_AR_exclusive read_and_treat_AR_exclusive
read_and_treat_AR_exclusive read_and_treat_AR_exclusive
read_and_treat_AR_exclusive_WD read_and_treat_AR_exclusive_WD
+++ working on day --- 2025-07-21 +++
read_and_treat_AR_exclusive read_and_treat_AR_exclusive
read_and_treat_AR_exclusive read_and_treat_AR_exclusive
read_and_treat_AR_exclusive read_and_treat_AR_exclusive
read_and_treat_AR_exclusive_WD read_and_treat_AR_exclusive_WD
+++ working on day --- 2025-07-22 +++
read_and_treat_AR_exclusive read_and_treat_AR_exclusive
read_and_treat_AR_exclusive read_and_treat_AR_exclusive
read_and_treat_AR_exclusive read_and_treat_AR_exclusive
read_and_treat_AR_exclusive_WD read_and_treat_AR_exclusive_WD
+++ working on day --- 2025-07-23 +++
read_and_treat_AR_exclusive read_and_treat_AR_exclusive
read_and_treat_AR_exclusive read_and_treat_AR_exclusive
read_and_treat_AR_exclusive read_and_treat_AR_exclusive
read_and_treat_AR_exclusive_WD read_and_treat_AR_exclusive_WD
+++ working on day --- 2025-07-24 +++
read_and_treat_AR_exclusive read_and_treat_AR_exclusive
read_and_treat_AR_exclusive read_and_treat_AR_exclusive
read_and_treat_AR_exclusive read_and_treat_AR_exclusive
read_and_treat_AR_exclusive_WD read_and_treat_AR_exclusive_WD
+++ working on day --- 2025-07-25 +++
read_and_treat_AR_exclusive read_and_treat_AR_exclusive
read_and_treat_AR_exclusive read_and_treat_AR_exclusive
read_and_treat_AR_exclusive read_and_treat_AR_exclusive
read_and_treat_AR_exclusive_WD read_and_treat_AR_exclusive_WD
+++ working on day --- 2025-07-26 +++
read_and_treat_AR_exclusive read_and_treat_AR_exclusive
read_and_treat_AR_exclusive read_and_treat_AR_exclusive
read_and_treat_AR_exclusive read_and_treat_AR_exclusive
read_and_treat_AR_exclusive_WD read_and_treat_AR_exclusive_WD
+++ working on day --- 2025-07-27 +++
read_and_treat_AR_exclusive read_and_treat_AR_exclusive
read_and_treat_AR_exclusive read_and_treat_AR_exclusive
read_and_treat_AR_exclusive read_and_treat_AR_exclusive
read_and_treat_AR_exclusive_WD read_and_treat_AR_exclusive_WD
+++ working on day --- 2025-07-28 +++
read_and_treat_AR_exclusive read_and_treat_AR_exclusive
read_and_treat_AR_exclusive read_and_treat_AR_exclusive
read_and_treat_AR_exclusive read_and_treat_AR_exclusive
read_and_treat_AR_exclusive_WD read_and_treat_AR_exclusive_WD
+++ working on day --- 2025-07-29 +++
read_and_treat_AR_exclusive read_and_treat_AR_exclusive
read_and_treat_AR_exclusive read_and_treat_AR_exclusive
read_and_treat_AR_exclusive read_and_treat_AR_exclusive
read_and_treat_AR_exclusive_WD read_and_treat_AR_exclusive_WD
+++ working on day --- 2025-07-30 +++
read_and_treat_AR_exclusive read_and_treat_AR_exclusive
read_and_treat_AR_exclusive read_and_treat_AR_exclusive
read_and_treat_AR_exclusive read_and_treat_AR_exclusive
read_and_treat_AR_exclusive_WD read_and_treat_AR_exclusive_WD
+++ working on day --- 2025-07-31 +++
read_and_treat_AR_exclusive read_and_treat_AR_exclusive
read_and_treat_AR_exclusive read_and_treat_AR_exclusive
read_and_treat_AR_exclusive read_and_treat_AR_exclusive
read_and_treat_AR_exclusive_WD read_and_treat_AR_exclusive_WD
+++ working on day --- 2025-08-01 +++
read_and_treat_AR_exclusive read_and_treat_AR_exclusive
read_and_treat_AR_exclusive read_and_treat_AR_exclusive
read_and_treat_AR_exclusive read_and_treat_AR_exclusive
read_and_treat_AR_exclusive_WD read_and_treat_AR_exclusive_WD
+++ working on day --- 2025-08-02 +++
read_and_treat_AR_exclusive read_and_treat_AR_exclusive
read_and_treat_AR_exclusive read_and_treat_AR_exclusive
read_and_treat_AR_exclusive read_and_treat_AR_exclusive
read_and_treat_AR_exclusive_WD read_and_treat_AR_exclusive_WD
+++ working on day --- 2025-08-03 +++
read_and_treat_AR_exclusive read_and_treat_AR_exclusive
read_and_treat_AR_exclusive read_and_treat_AR_exclusive
read_and_treat_AR_exclusive read_and_treat_AR_exclusive
read_and_treat_AR_exclusive_WD read_and_treat_AR_exclusive_WD
+++ working on day --- 2025-08-04 +++
read_and_treat_AR_exclusive read_and_treat_AR_exclusive
read_and_treat_AR_exclusive read_and_treat_AR_exclusive
read_and_treat_AR_exclusive read_and_treat_AR_exclusive
read_and_treat_AR_exclusive_WD read_and_treat_AR_exclusive_WD
+++ working on day --- 2025-08-05 +++
read_and_treat_AR_exclusive read_and_treat_AR_exclusive
read_and_treat_AR_exclusive read_and_treat_AR_exclusive
read_and_treat_AR_exclusive read_and_treat_AR_exclusive
read_and_treat_AR_exclusive_WD read_and_treat_AR_exclusive_WD
+++ working on day --- 2025-08-06 +++
read_and_treat_AR_exclusive read_and_treat_AR_exclusive
read_and_treat_AR_exclusive read_and_treat_AR_exclusive
read_and_treat_AR_exclusive read_and_treat_AR_exclusive
read_and_treat_AR_exclusive_WD read_and_treat_AR_exclusive_WD
+++ working on day --- 2025-08-07 +++
read_and_treat_AR_exclusive read_and_treat_AR_exclusive
read_and_treat_AR_exclusive read_and_treat_AR_exclusive
read_and_treat_AR_exclusive read_and_treat_AR_exclusive
read_and_treat_AR_exclusive_WD read_and_treat_AR_exclusive_WD
+++ working on day --- 2025-08-08 +++
read_and_treat_AR_exclusive read_and_treat_AR_exclusive
read_and_treat_AR_exclusive read_and_treat_AR_exclusive
read_and_treat_AR_exclusive read_and_treat_AR_exclusive
read_and_treat_AR_exclusive_WD read_and_treat_AR_exclusive_WD
+++ working on day --- 2025-08-09 +++
read_and_treat_AR_exclusive read_and_treat_AR_exclusive
read_and_treat_AR_exclusive read_and_treat_AR_exclusive
read_and_treat_AR_exclusive read_and_treat_AR_exclusive
read_and_treat_AR_exclusive_WD read_and_treat_AR_exclusive_WD
+++ working on day --- 2025-08-10 +++
read_and_treat_AR_exclusive read_and_treat_AR_exclusive
read_and_treat_AR_exclusive read_and_treat_AR_exclusive
read_and_treat_AR_exclusive read_and_treat_AR_exclusive
read_and_treat_AR_exclusive_WD read_and_treat_AR_exclusive_WD
+++ working on day --- 2025-08-11 +++
read_and_treat_AR_exclusive read_and_treat_AR_exclusive
read_and_treat_AR_exclusive read_and_treat_AR_exclusive
read_and_treat_AR_exclusive read_and_treat_AR_exclusive
read_and_treat_AR_exclusive_WD read_and_treat_AR_exclusive_WD
+++ working on day --- 2025-08-12 +++
read_and_treat_AR_exclusive read_and_treat_AR_exclusive
read_and_treat_AR_exclusive read_and_treat_AR_exclusive
read_and_treat_AR_exclusive read_and_treat_AR_exclusive
read_and_treat_AR_exclusive_WD read_and_treat_AR_exclusive_WD
+++ working on day --- 2025-08-13 +++
grep: /home/report/DATA/DA_TRATTARE/test/day/20250813_winddir_k6_evol_time_AR_day.dat: No such file or directory
+++ working on day --- 2025-08-14 +++
grep: /home/report/DATA/DA_TRATTARE/test/day/20250814_winddir_k6_evol_time_AR_day.dat: No such file or directory
+++ working on day --- 2025-08-15 +++
grep: /home/report/DATA/DA_TRATTARE/test/day/20250815_winddir_k6_evol_time_AR_day.dat: No such file or directory
+++ working on day --- 2025-08-16 +++
grep: /home/report/DATA/DA_TRATTARE/test/day/20250816_wapor_evol_time_Height_5_20000_AR_day.dat: No such file or directory
grep: /home/report/DATA/DA_TRATTARE/test/day/20250816_winddir_k6_evol_time_AR_day.dat: No such file or directory
+++ working on day --- 2025-08-17 +++
grep: /home/report/DATA/DA_TRATTARE/test/day/20250817_wapor_evol_time_Height_5_20000_AR_day.dat: No such file or directory
grep: /home/report/DATA/DA_TRATTARE/test/day/20250817_winddir_k6_evol_time_AR_day.dat: No such file or directory
+++ working on day --- 2025-08-18 +++
grep: /home/report/DATA/DA_TRATTARE/test/day/20250818_wapor_evol_time_Height_5_20000_AR_day.dat: No such file or directory
read_and_treat_AR_exclusive read_and_treat_AR_exclusive
read_and_treat_AR_exclusive read_and_treat_AR_exclusive
read_and_treat_AR_exclusive_WD read_and_treat_AR_exclusive_WD
+++ working on day --- 2025-08-19 +++
grep: /home/report/DATA/DA_TRATTARE/test/day/20250819_wapor_evol_time_Height_5_20000_AR_day.dat: No such file or directory
read_and_treat_AR_exclusive read_and_treat_AR_exclusive
read_and_treat_AR_exclusive read_and_treat_AR_exclusive
read_and_treat_AR_exclusive_WD read_and_treat_AR_exclusive_WD
+++ working on day --- 2025-08-20 +++
grep: /home/report/DATA/DA_TRATTARE/test/day/20250820_wapor_evol_time_Height_5_20000_AR_day.dat: No such file or directory
read_and_treat_AR_exclusive read_and_treat_AR_exclusive
read_and_treat_AR_exclusive read_and_treat_AR_exclusive
read_and_treat_AR_exclusive_WD read_and_treat_AR_exclusive_WD
+++ working on day --- 2025-08-21 +++
grep: /home/report/DATA/DA_TRATTARE/test/day/20250821_wapor_evol_time_Height_5_20000_AR_day.dat: No such file or directory
read_and_treat_AR_exclusive read_and_treat_AR_exclusive
read_and_treat_AR_exclusive read_and_treat_AR_exclusive
read_and_treat_AR_exclusive_WD read_and_treat_AR_exclusive_WD
+++ working on day --- 2025-08-22 +++
grep: /home/report/DATA/DA_TRATTARE/test/day/20250822_wapor_evol_time_Height_5_20000_AR_day.dat: No such file or directory
read_and_treat_AR_exclusive read_and_treat_AR_exclusive
read_and_treat_AR_exclusive read_and_treat_AR_exclusive
read_and_treat_AR_exclusive_WD read_and_treat_AR_exclusive_WD
+++ working on day --- 2025-08-23 +++
grep: /home/report/DATA/DA_TRATTARE/test/day/20250823_wapor_evol_time_Height_5_20000_AR_day.dat: No such file or directory
read_and_treat_AR_exclusive read_and_treat_AR_exclusive
read_and_treat_AR_exclusive read_and_treat_AR_exclusive
read_and_treat_AR_exclusive_WD read_and_treat_AR_exclusive_WD
+++ working on day --- 2025-08-24 +++
grep: /home/report/DATA/DA_TRATTARE/test/day/20250824_wapor_evol_time_Height_5_20000_AR_day.dat: No such file or directory
read_and_treat_AR_exclusive read_and_treat_AR_exclusive
read_and_treat_AR_exclusive read_and_treat_AR_exclusive
read_and_treat_AR_exclusive_WD read_and_treat_AR_exclusive_WD
+++ working on day --- 2025-08-25 +++
grep: /home/report/DATA/DA_TRATTARE/test/day/20250825_wapor_evol_time_Height_5_20000_AR_day.dat: No such file or directory
read_and_treat_AR_exclusive read_and_treat_AR_exclusive
read_and_treat_AR_exclusive read_and_treat_AR_exclusive
read_and_treat_AR_exclusive_WD read_and_treat_AR_exclusive_WD
+++ working on day --- 2025-08-26 +++
grep: /home/report/DATA/DA_TRATTARE/test/day/20250826_wapor_evol_time_Height_5_20000_AR_day.dat: No such file or directory
read_and_treat_AR_exclusive read_and_treat_AR_exclusive
read_and_treat_AR_exclusive read_and_treat_AR_exclusive
read_and_treat_AR_exclusive_WD read_and_treat_AR_exclusive_WD
+++ working on day --- 2025-08-27 +++
grep: /home/report/DATA/DA_TRATTARE/test/day/20250827_wapor_evol_time_Height_5_20000_AR_day.dat: No such file or directory
read_and_treat_AR_exclusive read_and_treat_AR_exclusive
read_and_treat_AR_exclusive read_and_treat_AR_exclusive
read_and_treat_AR_exclusive_WD read_and_treat_AR_exclusive_WD
+++ working on day --- 2025-08-28 +++
grep: /home/report/DATA/DA_TRATTARE/test/day/20250828_wapor_evol_time_Height_5_20000_AR_day.dat: No such file or directory
read_and_treat_AR_exclusive read_and_treat_AR_exclusive
read_and_treat_AR_exclusive read_and_treat_AR_exclusive
read_and_treat_AR_exclusive_WD read_and_treat_AR_exclusive_WD
+++ working on day --- 2025-08-29 +++
grep: /home/report/DATA/DA_TRATTARE/test/day/20250829_wapor_evol_time_Height_5_20000_AR_day.dat: No such file or directory
read_and_treat_AR_exclusive read_and_treat_AR_exclusive
read_and_treat_AR_exclusive read_and_treat_AR_exclusive
read_and_treat_AR_exclusive_WD read_and_treat_AR_exclusive_WD
+++ working on day --- 2025-08-30 +++
grep: /home/report/DATA/DA_TRATTARE/test/day/20250830_wapor_evol_time_Height_5_20000_AR_day.dat: No such file or directory
read_and_treat_AR_exclusive read_and_treat_AR_exclusive
read_and_treat_AR_exclusive read_and_treat_AR_exclusive
read_and_treat_AR_exclusive_WD read_and_treat_AR_exclusive_WD
+++ working on day --- 2025-08-31 +++
grep: /home/report/DATA/DA_TRATTARE/test/day/20250831_wapor_evol_time_Height_5_20000_AR_day.dat: No such file or directory
read_and_treat_AR_exclusive read_and_treat_AR_exclusive
read_and_treat_AR_exclusive read_and_treat_AR_exclusive
read_and_treat_AR_exclusive_WD read_and_treat_AR_exclusive_WD
+++ working on day --- 2025-09-01 +++
grep: /home/report/DATA/DA_TRATTARE/test/day/20250901_wapor_evol_time_Height_5_20000_AR_day.dat: No such file or directory
read_and_treat_AR_exclusive read_and_treat_AR_exclusive
read_and_treat_AR_exclusive read_and_treat_AR_exclusive
read_and_treat_AR_exclusive_WD read_and_treat_AR_exclusive_WD
+++ working on day --- 2025-09-02 +++
grep: /home/report/DATA/DA_TRATTARE/test/day/20250902_wapor_evol_time_Height_5_20000_AR_day.dat: No such file or directory
read_and_treat_AR_exclusive read_and_treat_AR_exclusive
read_and_treat_AR_exclusive read_and_treat_AR_exclusive
read_and_treat_AR_exclusive_WD read_and_treat_AR_exclusive_WD
+++ working on day --- 2025-09-03 +++
grep: /home/report/DATA/DA_TRATTARE/test/day/20250903_wapor_evol_time_Height_5_20000_AR_day.dat: No such file or directory
read_and_treat_AR_exclusive read_and_treat_AR_exclusive
read_and_treat_AR_exclusive read_and_treat_AR_exclusive
read_and_treat_AR_exclusive_WD read_and_treat_AR_exclusive_WD
+++ working on day --- 2025-09-04 +++
grep: /home/report/DATA/DA_TRATTARE/test/day/20250904_wapor_evol_time_Height_5_20000_AR_day.dat: No such file or directory
read_and_treat_AR_exclusive read_and_treat_AR_exclusive
read_and_treat_AR_exclusive read_and_treat_AR_exclusive
read_and_treat_AR_exclusive_WD read_and_treat_AR_exclusive_WD
+++ working on day --- 2025-09-05 +++
grep: /home/report/DATA/DA_TRATTARE/test/day/20250905_wapor_evol_time_Height_5_20000_AR_day.dat: No such file or directory
read_and_treat_AR_exclusive read_and_treat_AR_exclusive
read_and_treat_AR_exclusive read_and_treat_AR_exclusive
read_and_treat_AR_exclusive_WD read_and_treat_AR_exclusive_WD
+++ working on day --- 2025-09-06 +++
grep: /home/report/DATA/DA_TRATTARE/test/day/20250906_wapor_evol_time_Height_5_20000_AR_day.dat: No such file or directory
read_and_treat_AR_exclusive read_and_treat_AR_exclusive
read_and_treat_AR_exclusive read_and_treat_AR_exclusive
read_and_treat_AR_exclusive_WD read_and_treat_AR_exclusive_WD
+++ working on day --- 2025-09-07 +++
grep: /home/report/DATA/DA_TRATTARE/test/day/20250907_wapor_evol_time_Height_5_20000_AR_day.dat: No such file or directory
read_and_treat_AR_exclusive read_and_treat_AR_exclusive
read_and_treat_AR_exclusive read_and_treat_AR_exclusive
read_and_treat_AR_exclusive_WD read_and_treat_AR_exclusive_WD
+++ working on day --- 2025-09-08 +++
grep: /home/report/DATA/DA_TRATTARE/test/day/20250908_wapor_evol_time_Height_5_20000_AR_day.dat: No such file or directory
read_and_treat_AR_exclusive read_and_treat_AR_exclusive
read_and_treat_AR_exclusive read_and_treat_AR_exclusive
read_and_treat_AR_exclusive_WD read_and_treat_AR_exclusive_WD
+++ working on day --- 2025-09-09 +++
grep: /home/report/DATA/DA_TRATTARE/test/day/20250909_wapor_evol_time_Height_5_20000_AR_day.dat: No such file or directory
read_and_treat_AR_exclusive read_and_treat_AR_exclusive
read_and_treat_AR_exclusive read_and_treat_AR_exclusive
read_and_treat_AR_exclusive_WD read_and_treat_AR_exclusive_WD
+++ working on day --- 2025-09-10 +++
grep: /home/report/DATA/DA_TRATTARE/test/day/20250910_wapor_evol_time_Height_5_20000_AR_day.dat: No such file or directory
read_and_treat_AR_exclusive read_and_treat_AR_exclusive
read_and_treat_AR_exclusive read_and_treat_AR_exclusive
read_and_treat_AR_exclusive_WD read_and_treat_AR_exclusive_WD
+++ working on day --- 2025-09-11 +++
grep: /home/report/DATA/DA_TRATTARE/test/day/20250911_wapor_evol_time_Height_5_20000_AR_day.dat: No such file or directory
read_and_treat_AR_exclusive read_and_treat_AR_exclusive
read_and_treat_AR_exclusive read_and_treat_AR_exclusive
read_and_treat_AR_exclusive_WD read_and_treat_AR_exclusive_WD
+++ working on day --- 2025-09-12 +++
grep: /home/report/DATA/DA_TRATTARE/test/day/20250912_wapor_evol_time_Height_5_20000_AR_day.dat: No such file or directory
read_and_treat_AR_exclusive read_and_treat_AR_exclusive
read_and_treat_AR_exclusive read_and_treat_AR_exclusive
read_and_treat_AR_exclusive_WD read_and_treat_AR_exclusive_WD
+++ working on day --- 2025-09-13 +++
grep: /home/report/DATA/DA_TRATTARE/test/day/20250913_wapor_evol_time_Height_5_20000_AR_day.dat: No such file or directory
read_and_treat_AR_exclusive read_and_treat_AR_exclusive
read_and_treat_AR_exclusive read_and_treat_AR_exclusive
read_and_treat_AR_exclusive_WD read_and_treat_AR_exclusive_WD
+++ working on day --- 2025-09-14 +++
grep: /home/report/DATA/DA_TRATTARE/test/day/20250914_wapor_evol_time_Height_5_20000_AR_day.dat: No such file or directory
read_and_treat_AR_exclusive read_and_treat_AR_exclusive
read_and_treat_AR_exclusive read_and_treat_AR_exclusive
read_and_treat_AR_exclusive_WD read_and_treat_AR_exclusive_WD
+++ working on day --- 2025-09-15 +++
read_and_treat_AR_exclusive read_and_treat_AR_exclusive
read_and_treat_AR_exclusive read_and_treat_AR_exclusive
read_and_treat_AR_exclusive_WD read_and_treat_AR_exclusive_WD
+++ working on day --- 2025-09-16 +++
read_and_treat_AR_exclusive read_and_treat_AR_exclusive
read_and_treat_AR_exclusive read_and_treat_AR_exclusive
read_and_treat_AR_exclusive_WD read_and_treat_AR_exclusive_WD
+++ working on day --- 2025-09-17 +++
read_and_treat_AR_exclusive read_and_treat_AR_exclusive
read_and_treat_AR_exclusive read_and_treat_AR_exclusive
read_and_treat_AR_exclusive_WD read_and_treat_AR_exclusive_WD
+++ working on day --- 2025-09-18 +++
read_and_treat_AR_exclusive read_and_treat_AR_exclusive
read_and_treat_AR_exclusive read_and_treat_AR_exclusive
read_and_treat_AR_exclusive_WD read_and_treat_AR_exclusive_WD
+++ working on day --- 2025-09-19 +++
grep: /home/report/DATA/DA_TRATTARE/test/day/20250919_wapor_evol_time_Height_5_20000_AR_day.dat: No such file or directory
read_and_treat_AR_exclusive read_and_treat_AR_exclusive
read_and_treat_AR_exclusive read_and_treat_AR_exclusive
read_and_treat_AR_exclusive_WD read_and_treat_AR_exclusive_WD
+++ working on day --- 2025-09-20 +++
grep: /home/report/DATA/DA_TRATTARE/test/day/20250920_wapor_evol_time_Height_5_20000_AR_day.dat: No such file or directory
read_and_treat_AR_exclusive read_and_treat_AR_exclusive
read_and_treat_AR_exclusive read_and_treat_AR_exclusive
read_and_treat_AR_exclusive_WD read_and_treat_AR_exclusive_WD
+++ working on day --- 2025-09-21 +++
read_and_treat_AR_exclusive read_and_treat_AR_exclusive
read_and_treat_AR_exclusive read_and_treat_AR_exclusive
read_and_treat_AR_exclusive_WD read_and_treat_AR_exclusive_WD
+++ working on day --- 2025-09-22 +++
read_and_treat_AR_exclusive read_and_treat_AR_exclusive
read_and_treat_AR_exclusive read_and_treat_AR_exclusive
read_and_treat_AR_exclusive_WD read_and_treat_AR_exclusive_WD
+++ working on day --- 2025-09-23 +++
read_and_treat_AR_exclusive read_and_treat_AR_exclusive
read_and_treat_AR_exclusive read_and_treat_AR_exclusive
read_and_treat_AR_exclusive_WD read_and_treat_AR_exclusive_WD
+++ working on day --- 2025-09-24 +++
read_and_treat_AR_exclusive read_and_treat_AR_exclusive
read_and_treat_AR_exclusive read_and_treat_AR_exclusive
read_and_treat_AR_exclusive_WD read_and_treat_AR_exclusive_WD
+++ working on day --- 2025-09-25 +++
read_and_treat_AR_exclusive read_and_treat_AR_exclusive
read_and_treat_AR_exclusive read_and_treat_AR_exclusive
read_and_treat_AR_exclusive_WD read_and_treat_AR_exclusive_WD
+++ working on day --- 2025-09-26 +++
read_and_treat_AR_exclusive read_and_treat_AR_exclusive
read_and_treat_AR_exclusive read_and_treat_AR_exclusive
read_and_treat_AR_exclusive read_and_treat_AR_exclusive
read_and_treat_AR_exclusive_WD read_and_treat_AR_exclusive_WD
+++ working on day --- 2025-09-27 +++
read_and_treat_AR_exclusive read_and_treat_AR_exclusive
read_and_treat_AR_exclusive read_and_treat_AR_exclusive
read_and_treat_AR_exclusive read_and_treat_AR_exclusive
read_and_treat_AR_exclusive_WD read_and_treat_AR_exclusive_WD
+++ working on day --- 2025-09-28 +++
read_and_treat_AR_exclusive read_and_treat_AR_exclusive
read_and_treat_AR_exclusive read_and_treat_AR_exclusive
read_and_treat_AR_exclusive read_and_treat_AR_exclusive
read_and_treat_AR_exclusive_WD read_and_treat_AR_exclusive_WD
+++ working on day --- 2025-09-29 +++
read_and_treat_AR_exclusive read_and_treat_AR_exclusive
read_and_treat_AR_exclusive read_and_treat_AR_exclusive
read_and_treat_AR_exclusive read_and_treat_AR_exclusive
read_and_treat_AR_exclusive_WD read_and_treat_AR_exclusive_WD
+++ working on day --- 2025-09-30 +++
read_and_treat_AR_exclusive read_and_treat_AR_exclusive
read_and_treat_AR_exclusive read_and_treat_AR_exclusive
read_and_treat_AR_exclusive read_and_treat_AR_exclusive
read_and_treat_AR_exclusive_WD read_and_treat_AR_exclusive_WD
+++ working on day --- 2025-10-01 +++
read_and_treat_AR_exclusive read_and_treat_AR_exclusive
read_and_treat_AR_exclusive read_and_treat_AR_exclusive
read_and_treat_AR_exclusive read_and_treat_AR_exclusive
read_and_treat_AR_exclusive_WD read_and_treat_AR_exclusive_WD
+++ working on day --- 2025-10-02 +++
read_and_treat_AR_exclusive read_and_treat_AR_exclusive
read_and_treat_AR_exclusive read_and_treat_AR_exclusive
read_and_treat_AR_exclusive read_and_treat_AR_exclusive
read_and_treat_AR_exclusive_WD read_and_treat_AR_exclusive_WD
+++ working on day --- 2025-10-03 +++
read_and_treat_AR_exclusive read_and_treat_AR_exclusive
read_and_treat_AR_exclusive read_and_treat_AR_exclusive
read_and_treat_AR_exclusive read_and_treat_AR_exclusive
read_and_treat_AR_exclusive_WD read_and_treat_AR_exclusive_WD
+++ working on day --- 2025-10-04 +++
read_and_treat_AR_exclusive read_and_treat_AR_exclusive
read_and_treat_AR_exclusive read_and_treat_AR_exclusive
read_and_treat_AR_exclusive read_and_treat_AR_exclusive
read_and_treat_AR_exclusive_WD read_and_treat_AR_exclusive_WD
+++ working on day --- 2025-10-05 +++
read_and_treat_AR_exclusive read_and_treat_AR_exclusive
read_and_treat_AR_exclusive read_and_treat_AR_exclusive
read_and_treat_AR_exclusive read_and_treat_AR_exclusive
read_and_treat_AR_exclusive_WD read_and_treat_AR_exclusive_WD
+++ working on day --- 2025-10-06 +++
read_and_treat_AR_exclusive read_and_treat_AR_exclusive
read_and_treat_AR_exclusive read_and_treat_AR_exclusive
read_and_treat_AR_exclusive read_and_treat_AR_exclusive
read_and_treat_AR_exclusive_WD read_and_treat_AR_exclusive_WD
+++ working on day --- 2025-10-07 +++
read_and_treat_AR_exclusive read_and_treat_AR_exclusive
read_and_treat_AR_exclusive read_and_treat_AR_exclusive
read_and_treat_AR_exclusive read_and_treat_AR_exclusive
read_and_treat_AR_exclusive_WD read_and_treat_AR_exclusive_WD
+++ working on day --- 2025-10-08 +++
read_and_treat_AR_exclusive read_and_treat_AR_exclusive
read_and_treat_AR_exclusive read_and_treat_AR_exclusive
read_and_treat_AR_exclusive read_and_treat_AR_exclusive
read_and_treat_AR_exclusive_WD read_and_treat_AR_exclusive_WD
+++ working on day --- 2025-10-09 +++
read_and_treat_AR_exclusive read_and_treat_AR_exclusive
read_and_treat_AR_exclusive read_and_treat_AR_exclusive
read_and_treat_AR_exclusive read_and_treat_AR_exclusive
read_and_treat_AR_exclusive_WD read_and_treat_AR_exclusive_WD
+++ working on day --- 2025-10-10 +++
read_and_treat_AR_exclusive read_and_treat_AR_exclusive
read_and_treat_AR_exclusive read_and_treat_AR_exclusive
read_and_treat_AR_exclusive read_and_treat_AR_exclusive
read_and_treat_AR_exclusive_WD read_and_treat_AR_exclusive_WD
+++ working on day --- 2025-10-11 +++
read_and_treat_AR_exclusive read_and_treat_AR_exclusive
read_and_treat_AR_exclusive read_and_treat_AR_exclusive
read_and_treat_AR_exclusive read_and_treat_AR_exclusive
read_and_treat_AR_exclusive_WD read_and_treat_AR_exclusive_WD
+++ working on day --- 2025-10-12 +++
read_and_treat_AR_exclusive read_and_treat_AR_exclusive
read_and_treat_AR_exclusive read_and_treat_AR_exclusive
read_and_treat_AR_exclusive read_and_treat_AR_exclusive
read_and_treat_AR_exclusive_WD read_and_treat_AR_exclusive_WD
+++ working on day --- 2025-10-13 +++
read_and_treat_AR_exclusive read_and_treat_AR_exclusive
read_and_treat_AR_exclusive read_and_treat_AR_exclusive
read_and_treat_AR_exclusive read_and_treat_AR_exclusive
read_and_treat_AR_exclusive_WD read_and_treat_AR_exclusive_WD
+++ working on day --- 2025-10-14 +++
read_and_treat_AR_exclusive read_and_treat_AR_exclusive
read_and_treat_AR_exclusive read_and_treat_AR_exclusive
read_and_treat_AR_exclusive read_and_treat_AR_exclusive
read_and_treat_AR_exclusive_WD read_and_treat_AR_exclusive_WD
+++ working on day --- 2025-10-15 +++
read_and_treat_AR_exclusive read_and_treat_AR_exclusive
read_and_treat_AR_exclusive read_and_treat_AR_exclusive
read_and_treat_AR_exclusive read_and_treat_AR_exclusive
read_and_treat_AR_exclusive_WD read_and_treat_AR_exclusive_WD
+++ working on day --- 2025-10-16 +++
read_and_treat_AR_exclusive read_and_treat_AR_exclusive
read_and_treat_AR_exclusive read_and_treat_AR_exclusive
read_and_treat_AR_exclusive read_and_treat_AR_exclusive
read_and_treat_AR_exclusive_WD read_and_treat_AR_exclusive_WD
+++ working on day --- 2025-10-17 +++
read_and_treat_AR_exclusive read_and_treat_AR_exclusive
read_and_treat_AR_exclusive read_and_treat_AR_exclusive
read_and_treat_AR_exclusive read_and_treat_AR_exclusive
read_and_treat_AR_exclusive_WD read_and_treat_AR_exclusive_WD
+++ working on day --- 2025-10-18 +++
read_and_treat_AR_exclusive read_and_treat_AR_exclusive
read_and_treat_AR_exclusive read_and_treat_AR_exclusive
read_and_treat_AR_exclusive read_and_treat_AR_exclusive
read_and_treat_AR_exclusive_WD read_and_treat_AR_exclusive_WD
+++ working on day --- 2025-10-19 +++
read_and_treat_AR_exclusive read_and_treat_AR_exclusive
read_and_treat_AR_exclusive read_and_treat_AR_exclusive
read_and_treat_AR_exclusive read_and_treat_AR_exclusive
read_and_treat_AR_exclusive_WD read_and_treat_AR_exclusive_WD
+++ working on day --- 2025-10-21 +++
+++ working on day --- 2025-10-22 +++
+++ working on day --- 2025-10-23 +++
+++ working on day --- 2025-10-24 +++
+++ working on day --- 2025-10-25 +++
+++ working on day --- 2025-10-26 +++
read_and_treat_AR_exclusive read_and_treat_AR_exclusive
read_and_treat_AR_exclusive read_and_treat_AR_exclusive
read_and_treat_AR_exclusive read_and_treat_AR_exclusive
read_and_treat_AR_exclusive_WD read_and_treat_AR_exclusive_WD
+++ working on day --- 2025-10-27 +++
read_and_treat_AR_exclusive read_and_treat_AR_exclusive
read_and_treat_AR_exclusive read_and_treat_AR_exclusive
read_and_treat_AR_exclusive read_and_treat_AR_exclusive
read_and_treat_AR_exclusive_WD read_and_treat_AR_exclusive_WD
+++ working on day --- 2025-10-28 +++
read_and_treat_AR_exclusive read_and_treat_AR_exclusive
read_and_treat_AR_exclusive read_and_treat_AR_exclusive
read_and_treat_AR_exclusive read_and_treat_AR_exclusive
read_and_treat_AR_exclusive_WD read_and_treat_AR_exclusive_WD
+++ working on day --- 2025-10-29 +++
read_and_treat_AR_exclusive read_and_treat_AR_exclusive
read_and_treat_AR_exclusive read_and_treat_AR_exclusive
read_and_treat_AR_exclusive read_and_treat_AR_exclusive
read_and_treat_AR_exclusive_WD read_and_treat_AR_exclusive_WD
+++ working on day --- 2025-10-30 +++
read_and_treat_AR_exclusive read_and_treat_AR_exclusive
read_and_treat_AR_exclusive read_and_treat_AR_exclusive
read_and_treat_AR_exclusive read_and_treat_AR_exclusive
read_and_treat_AR_exclusive_WD read_and_treat_AR_exclusive_WD
+++ working on day --- 2025-10-31 +++
read_and_treat_AR_exclusive read_and_treat_AR_exclusive
read_and_treat_AR_exclusive read_and_treat_AR_exclusive
read_and_treat_AR_exclusive read_and_treat_AR_exclusive
read_and_treat_AR_exclusive_WD read_and_treat_AR_exclusive_WD
+++ working on day --- 2025-11-01 +++
read_and_treat_AR_exclusive read_and_treat_AR_exclusive
read_and_treat_AR_exclusive read_and_treat_AR_exclusive
read_and_treat_AR_exclusive read_and_treat_AR_exclusive
read_and_treat_AR_exclusive_WD read_and_treat_AR_exclusive_WD
+++ working on day --- 2025-11-02 +++
read_and_treat_AR_exclusive read_and_treat_AR_exclusive
read_and_treat_AR_exclusive read_and_treat_AR_exclusive
read_and_treat_AR_exclusive read_and_treat_AR_exclusive
read_and_treat_AR_exclusive_WD read_and_treat_AR_exclusive_WD
+++ working on day --- 2025-11-03 +++
read_and_treat_AR_exclusive read_and_treat_AR_exclusive
read_and_treat_AR_exclusive read_and_treat_AR_exclusive
read_and_treat_AR_exclusive read_and_treat_AR_exclusive
read_and_treat_AR_exclusive_WD read_and_treat_AR_exclusive_WD
+++ working on day --- 2025-11-04 +++
read_and_treat_AR_exclusive read_and_treat_AR_exclusive
read_and_treat_AR_exclusive read_and_treat_AR_exclusive
read_and_treat_AR_exclusive read_and_treat_AR_exclusive
read_and_treat_AR_exclusive_WD read_and_treat_AR_exclusive_WD
+++ working on day --- 2025-11-05 +++
read_and_treat_AR_exclusive read_and_treat_AR_exclusive
read_and_treat_AR_exclusive read_and_treat_AR_exclusive
read_and_treat_AR_exclusive read_and_treat_AR_exclusive
read_and_treat_AR_exclusive_WD read_and_treat_AR_exclusive_WD
+++ working on day --- 2025-11-06 +++
read_and_treat_AR_exclusive read_and_treat_AR_exclusive
read_and_treat_AR_exclusive read_and_treat_AR_exclusive
read_and_treat_AR_exclusive read_and_treat_AR_exclusive
read_and_treat_AR_exclusive_WD read_and_treat_AR_exclusive_WD
+++ working on day --- 2025-11-07 +++
read_and_treat_AR_exclusive read_and_treat_AR_exclusive
read_and_treat_AR_exclusive read_and_treat_AR_exclusive
read_and_treat_AR_exclusive read_and_treat_AR_exclusive
read_and_treat_AR_exclusive_WD read_and_treat_AR_exclusive_WD
+++ working on day --- 2025-11-08 +++
read_and_treat_AR_exclusive read_and_treat_AR_exclusive
read_and_treat_AR_exclusive read_and_treat_AR_exclusive
read_and_treat_AR_exclusive read_and_treat_AR_exclusive
read_and_treat_AR_exclusive_WD read_and_treat_AR_exclusive_WD
+++ working on day --- 2025-11-09 +++
read_and_treat_AR_exclusive read_and_treat_AR_exclusive
read_and_treat_AR_exclusive read_and_treat_AR_exclusive
read_and_treat_AR_exclusive read_and_treat_AR_exclusive
read_and_treat_AR_exclusive_WD read_and_treat_AR_exclusive_WD
+++ working on day --- 2025-11-10 +++
read_and_treat_AR_exclusive read_and_treat_AR_exclusive
read_and_treat_AR_exclusive read_and_treat_AR_exclusive
read_and_treat_AR_exclusive read_and_treat_AR_exclusive
read_and_treat_AR_exclusive_WD read_and_treat_AR_exclusive_WD
+++ working on day --- 2025-11-11 +++
read_and_treat_AR_exclusive read_and_treat_AR_exclusive
read_and_treat_AR_exclusive read_and_treat_AR_exclusive
read_and_treat_AR_exclusive read_and_treat_AR_exclusive
read_and_treat_AR_exclusive_WD read_and_treat_AR_exclusive_WD
+++ working on day --- 2025-11-12 +++
read_and_treat_AR_exclusive read_and_treat_AR_exclusive
read_and_treat_AR_exclusive read_and_treat_AR_exclusive
read_and_treat_AR_exclusive read_and_treat_AR_exclusive
read_and_treat_AR_exclusive_WD read_and_treat_AR_exclusive_WD
+++ working on day --- 2025-11-13 +++
read_and_treat_AR_exclusive read_and_treat_AR_exclusive
read_and_treat_AR_exclusive read_and_treat_AR_exclusive
read_and_treat_AR_exclusive read_and_treat_AR_exclusive
read_and_treat_AR_exclusive_WD read_and_treat_AR_exclusive_WD
+++ working on day --- 2025-11-14 +++
read_and_treat_AR_exclusive read_and_treat_AR_exclusive
read_and_treat_AR_exclusive read_and_treat_AR_exclusive
read_and_treat_AR_exclusive read_and_treat_AR_exclusive
read_and_treat_AR_exclusive_WD read_and_treat_AR_exclusive_WD
+++ working on day --- 2025-11-15 +++
read_and_treat_AR_exclusive read_and_treat_AR_exclusive
read_and_treat_AR_exclusive read_and_treat_AR_exclusive
read_and_treat_AR_exclusive read_and_treat_AR_exclusive
read_and_treat_AR_exclusive_WD read_and_treat_AR_exclusive_WD
+++ working on day --- 2025-11-16 +++
read_and_treat_AR_exclusive read_and_treat_AR_exclusive
read_and_treat_AR_exclusive read_and_treat_AR_exclusive
read_and_treat_AR_exclusive read_and_treat_AR_exclusive
read_and_treat_AR_exclusive_WD read_and_treat_AR_exclusive_WD
+++ working on day --- 2025-11-17 +++
read_and_treat_AR_exclusive read_and_treat_AR_exclusive
read_and_treat_AR_exclusive read_and_treat_AR_exclusive
read_and_treat_AR_exclusive read_and_treat_AR_exclusive
read_and_treat_AR_exclusive_WD read_and_treat_AR_exclusive_WD
+++ working on day --- 2025-11-18 +++
read_and_treat_AR_exclusive read_and_treat_AR_exclusive
read_and_treat_AR_exclusive read_and_treat_AR_exclusive
read_and_treat_AR_exclusive read_and_treat_AR_exclusive
read_and_treat_AR_exclusive_WD read_and_treat_AR_exclusive_WD
+++ working on day --- 2025-11-19 +++
read_and_treat_AR_exclusive read_and_treat_AR_exclusive
read_and_treat_AR_exclusive read_and_treat_AR_exclusive
read_and_treat_AR_exclusive read_and_treat_AR_exclusive
read_and_treat_AR_exclusive_WD read_and_treat_AR_exclusive_WD
+++ working on day --- 2025-11-20 +++
read_and_treat_AR_exclusive read_and_treat_AR_exclusive
read_and_treat_AR_exclusive read_and_treat_AR_exclusive
read_and_treat_AR_exclusive read_and_treat_AR_exclusive
read_and_treat_AR_exclusive_WD read_and_treat_AR_exclusive_WD
+++ working on day --- 2025-11-21 +++
read_and_treat_AR_exclusive read_and_treat_AR_exclusive
read_and_treat_AR_exclusive read_and_treat_AR_exclusive
read_and_treat_AR_exclusive read_and_treat_AR_exclusive
read_and_treat_AR_exclusive_WD read_and_treat_AR_exclusive_WD
+++ working on day --- 2025-11-22 +++
read_and_treat_AR_exclusive read_and_treat_AR_exclusive
read_and_treat_AR_exclusive read_and_treat_AR_exclusive
read_and_treat_AR_exclusive read_and_treat_AR_exclusive
read_and_treat_AR_exclusive_WD read_and_treat_AR_exclusive_WD
+++ working on day --- 2025-11-23 +++
read_and_treat_AR_exclusive read_and_treat_AR_exclusive
read_and_treat_AR_exclusive read_and_treat_AR_exclusive
read_and_treat_AR_exclusive read_and_treat_AR_exclusive
read_and_treat_AR_exclusive_WD read_and_treat_AR_exclusive_WD
+++ working on day --- 2025-11-24 +++
read_and_treat_AR_exclusive read_and_treat_AR_exclusive
read_and_treat_AR_exclusive read_and_treat_AR_exclusive
read_and_treat_AR_exclusive read_and_treat_AR_exclusive
read_and_treat_AR_exclusive_WD read_and_treat_AR_exclusive_WD
+++ working on day --- 2025-11-25 +++
read_and_treat_AR_exclusive read_and_treat_AR_exclusive
read_and_treat_AR_exclusive read_and_treat_AR_exclusive
read_and_treat_AR_exclusive read_and_treat_AR_exclusive
read_and_treat_AR_exclusive_WD read_and_treat_AR_exclusive_WD
+++ working on day --- 2025-11-26 +++
read_and_treat_AR_exclusive read_and_treat_AR_exclusive
read_and_treat_AR_exclusive read_and_treat_AR_exclusive
read_and_treat_AR_exclusive read_and_treat_AR_exclusive
read_and_treat_AR_exclusive_WD read_and_treat_AR_exclusive_WD
+++ working on day --- 2025-11-27 +++
read_and_treat_AR_exclusive read_and_treat_AR_exclusive
read_and_treat_AR_exclusive read_and_treat_AR_exclusive
read_and_treat_AR_exclusive read_and_treat_AR_exclusive
read_and_treat_AR_exclusive_WD read_and_treat_AR_exclusive_WD
+++ working on day --- 2025-11-28 +++
read_and_treat_AR_exclusive read_and_treat_AR_exclusive
read_and_treat_AR_exclusive read_and_treat_AR_exclusive
read_and_treat_AR_exclusive read_and_treat_AR_exclusive
read_and_treat_AR_exclusive_WD read_and_treat_AR_exclusive_WD
+++ working on day --- 2025-11-29 +++
read_and_treat_AR_exclusive read_and_treat_AR_exclusive
read_and_treat_AR_exclusive read_and_treat_AR_exclusive
read_and_treat_AR_exclusive read_and_treat_AR_exclusive
read_and_treat_AR_exclusive_WD read_and_treat_AR_exclusive_WD
+++ working on day --- 2025-11-30 +++
read_and_treat_AR_exclusive read_and_treat_AR_exclusive
read_and_treat_AR_exclusive read_and_treat_AR_exclusive
read_and_treat_AR_exclusive read_and_treat_AR_exclusive
read_and_treat_AR_exclusive_WD read_and_treat_AR_exclusive_WD
+++ working on day --- 2025-12-01 +++
read_and_treat_AR_exclusive read_and_treat_AR_exclusive
read_and_treat_AR_exclusive read_and_treat_AR_exclusive
read_and_treat_AR_exclusive read_and_treat_AR_exclusive
read_and_treat_AR_exclusive_WD read_and_treat_AR_exclusive_WD
+++ working on day --- 2025-12-02 +++
read_and_treat_AR_exclusive read_and_treat_AR_exclusive
read_and_treat_AR_exclusive read_and_treat_AR_exclusive
read_and_treat_AR_exclusive read_and_treat_AR_exclusive
read_and_treat_AR_exclusive_WD read_and_treat_AR_exclusive_WD
+++ working on day --- 2025-12-03 +++
read_and_treat_AR_exclusive read_and_treat_AR_exclusive
read_and_treat_AR_exclusive read_and_treat_AR_exclusive
read_and_treat_AR_exclusive read_and_treat_AR_exclusive
read_and_treat_AR_exclusive_WD read_and_treat_AR_exclusive_WD
+++ working on day --- 2025-12-04 +++
read_and_treat_AR_exclusive read_and_treat_AR_exclusive
read_and_treat_AR_exclusive read_and_treat_AR_exclusive
read_and_treat_AR_exclusive read_and_treat_AR_exclusive
read_and_treat_AR_exclusive_WD read_and_treat_AR_exclusive_WD
+++ working on day --- 2025-12-05 +++
read_and_treat_AR_exclusive read_and_treat_AR_exclusive
read_and_treat_AR_exclusive read_and_treat_AR_exclusive
read_and_treat_AR_exclusive read_and_treat_AR_exclusive
read_and_treat_AR_exclusive_WD read_and_treat_AR_exclusive_WD
+++ working on day --- 2025-12-06 +++
read_and_treat_AR_exclusive read_and_treat_AR_exclusive
read_and_treat_AR_exclusive read_and_treat_AR_exclusive
read_and_treat_AR_exclusive read_and_treat_AR_exclusive
read_and_treat_AR_exclusive_WD read_and_treat_AR_exclusive_WD
+++ working on day --- 2025-12-07 +++
read_and_treat_AR_exclusive read_and_treat_AR_exclusive
read_and_treat_AR_exclusive read_and_treat_AR_exclusive
read_and_treat_AR_exclusive read_and_treat_AR_exclusive
read_and_treat_AR_exclusive_WD read_and_treat_AR_exclusive_WD
+++ working on day --- 2025-12-08 +++
read_and_treat_AR_exclusive read_and_treat_AR_exclusive
read_and_treat_AR_exclusive read_and_treat_AR_exclusive
read_and_treat_AR_exclusive read_and_treat_AR_exclusive
read_and_treat_AR_exclusive_WD read_and_treat_AR_exclusive_WD
+++ working on day --- 2025-12-09 +++
read_and_treat_AR_exclusive read_and_treat_AR_exclusive
read_and_treat_AR_exclusive read_and_treat_AR_exclusive
read_and_treat_AR_exclusive read_and_treat_AR_exclusive
read_and_treat_AR_exclusive_WD read_and_treat_AR_exclusive_WD
+++ working on day --- 2025-12-10 +++
read_and_treat_AR_exclusive read_and_treat_AR_exclusive
read_and_treat_AR_exclusive read_and_treat_AR_exclusive
read_and_treat_AR_exclusive read_and_treat_AR_exclusive
read_and_treat_AR_exclusive_WD read_and_treat_AR_exclusive_WD
+++ working on day --- 2025-12-11 +++
read_and_treat_AR_exclusive read_and_treat_AR_exclusive
read_and_treat_AR_exclusive read_and_treat_AR_exclusive
read_and_treat_AR_exclusive read_and_treat_AR_exclusive
read_and_treat_AR_exclusive_WD read_and_treat_AR_exclusive_WD
+++ working on day --- 2025-12-12 +++
read_and_treat_AR_exclusive read_and_treat_AR_exclusive
read_and_treat_AR_exclusive read_and_treat_AR_exclusive
read_and_treat_AR_exclusive read_and_treat_AR_exclusive
read_and_treat_AR_exclusive_WD read_and_treat_AR_exclusive_WD
+++ working on day --- 2025-12-13 +++
read_and_treat_AR_exclusive read_and_treat_AR_exclusive
read_and_treat_AR_exclusive read_and_treat_AR_exclusive
read_and_treat_AR_exclusive read_and_treat_AR_exclusive
read_and_treat_AR_exclusive_WD read_and_treat_AR_exclusive_WD
+++ working on day --- 2025-12-14 +++
read_and_treat_AR_exclusive read_and_treat_AR_exclusive
read_and_treat_AR_exclusive read_and_treat_AR_exclusive
read_and_treat_AR_exclusive read_and_treat_AR_exclusive
read_and_treat_AR_exclusive_WD read_and_treat_AR_exclusive_WD
+++ working on day --- 2025-12-15 +++
read_and_treat_AR_exclusive read_and_treat_AR_exclusive
read_and_treat_AR_exclusive read_and_treat_AR_exclusive
read_and_treat_AR_exclusive read_and_treat_AR_exclusive
read_and_treat_AR_exclusive_WD read_and_treat_AR_exclusive_WD
+++ working on day --- 2025-12-16 +++
read_and_treat_AR_exclusive read_and_treat_AR_exclusive
read_and_treat_AR_exclusive read_and_treat_AR_exclusive
read_and_treat_AR_exclusive read_and_treat_AR_exclusive
read_and_treat_AR_exclusive_WD read_and_treat_AR_exclusive_WD
+++ working on day --- 2025-12-17 +++
read_and_treat_AR_exclusive read_and_treat_AR_exclusive
read_and_treat_AR_exclusive read_and_treat_AR_exclusive
read_and_treat_AR_exclusive read_and_treat_AR_exclusive
read_and_treat_AR_exclusive_WD read_and_treat_AR_exclusive_WD
+++ working on day --- 2025-12-18 +++
read_and_treat_AR_exclusive read_and_treat_AR_exclusive
read_and_treat_AR_exclusive read_and_treat_AR_exclusive
read_and_treat_AR_exclusive read_and_treat_AR_exclusive
read_and_treat_AR_exclusive_WD read_and_treat_AR_exclusive_WD
+++ working on day --- 2025-12-19 +++
read_and_treat_AR_exclusive read_and_treat_AR_exclusive
read_and_treat_AR_exclusive read_and_treat_AR_exclusive
read_and_treat_AR_exclusive read_and_treat_AR_exclusive
read_and_treat_AR_exclusive_WD read_and_treat_AR_exclusive_WD
+++ working on day --- 2025-12-20 +++
read_and_treat_AR_exclusive read_and_treat_AR_exclusive
read_and_treat_AR_exclusive read_and_treat_AR_exclusive
read_and_treat_AR_exclusive read_and_treat_AR_exclusive
read_and_treat_AR_exclusive_WD read_and_treat_AR_exclusive_WD
+++ working on day --- 2025-12-21 +++
read_and_treat_AR_exclusive read_and_treat_AR_exclusive
read_and_treat_AR_exclusive read_and_treat_AR_exclusive
read_and_treat_AR_exclusive read_and_treat_AR_exclusive
read_and_treat_AR_exclusive_WD read_and_treat_AR_exclusive_WD
+++ working on day --- 2025-12-22 +++
read_and_treat_AR_exclusive read_and_treat_AR_exclusive
read_and_treat_AR_exclusive read_and_treat_AR_exclusive
read_and_treat_AR_exclusive read_and_treat_AR_exclusive
read_and_treat_AR_exclusive_WD read_and_treat_AR_exclusive_WD
+++ working on day --- 2025-12-23 +++
read_and_treat_AR_exclusive read_and_treat_AR_exclusive
read_and_treat_AR_exclusive read_and_treat_AR_exclusive
read_and_treat_AR_exclusive read_and_treat_AR_exclusive
read_and_treat_AR_exclusive_WD read_and_treat_AR_exclusive_WD
+++ working on day --- 2025-12-24 +++
read_and_treat_AR_exclusive read_and_treat_AR_exclusive
read_and_treat_AR_exclusive read_and_treat_AR_exclusive
read_and_treat_AR_exclusive read_and_treat_AR_exclusive
read_and_treat_AR_exclusive_WD read_and_treat_AR_exclusive_WD
+++ working on day --- 2025-12-25 +++
read_and_treat_AR_exclusive read_and_treat_AR_exclusive
read_and_treat_AR_exclusive read_and_treat_AR_exclusive
read_and_treat_AR_exclusive read_and_treat_AR_exclusive
read_and_treat_AR_exclusive_WD read_and_treat_AR_exclusive_WD
+++ working on day --- 2025-12-26 +++
read_and_treat_AR_exclusive read_and_treat_AR_exclusive
read_and_treat_AR_exclusive read_and_treat_AR_exclusive
read_and_treat_AR_exclusive read_and_treat_AR_exclusive
read_and_treat_AR_exclusive_WD read_and_treat_AR_exclusive_WD
+++ working on day --- 2025-12-27 +++
read_and_treat_AR_exclusive read_and_treat_AR_exclusive
read_and_treat_AR_exclusive read_and_treat_AR_exclusive
read_and_treat_AR_exclusive read_and_treat_AR_exclusive
read_and_treat_AR_exclusive_WD read_and_treat_AR_exclusive_WD
+++ working on day --- 2025-12-28 +++
read_and_treat_AR_exclusive read_and_treat_AR_exclusive
read_and_treat_AR_exclusive read_and_treat_AR_exclusive
read_and_treat_AR_exclusive read_and_treat_AR_exclusive
read_and_treat_AR_exclusive_WD read_and_treat_AR_exclusive_WD
+++ working on day --- 2025-12-29 +++
read_and_treat_AR_exclusive read_and_treat_AR_exclusive
read_and_treat_AR_exclusive read_and_treat_AR_exclusive
read_and_treat_AR_exclusive read_and_treat_AR_exclusive
read_and_treat_AR_exclusive_WD read_and_treat_AR_exclusive_WD
+++ working on day --- 2025-12-30 +++
read_and_treat_AR_exclusive read_and_treat_AR_exclusive
read_and_treat_AR_exclusive read_and_treat_AR_exclusive
read_and_treat_AR_exclusive read_and_treat_AR_exclusive
read_and_treat_AR_exclusive_WD read_and_treat_AR_exclusive_WD
+++ working on day --- 2025-12-31 +++
read_and_treat_AR_exclusive read_and_treat_AR_exclusive
read_and_treat_AR_exclusive read_and_treat_AR_exclusive
read_and_treat_AR_exclusive read_and_treat_AR_exclusive
read_and_treat_AR_exclusive_WD read_and_treat_AR_exclusive_WD
+++ working on night --- 2024-01-01 +++
read_and_treat_AR_exclusive read_and_treat_AR_exclusive
read_and_treat_AR_exclusive read_and_treat_AR_exclusive
read_and_treat_AR_exclusive read_and_treat_AR_exclusive
read_and_treat_AR_exclusive read_and_treat_AR_exclusive
read_and_treat_AR_exclusive read_and_treat_AR_exclusive
read_and_treat_AR_exclusive read_and_treat_AR_exclusive
read_and_treat_AR_exclusive_WD read_and_treat_AR_exclusive_WD
+++ working on night --- 2024-01-02 +++
read_and_treat_AR_exclusive read_and_treat_AR_exclusive
read_and_treat_AR_exclusive read_and_treat_AR_exclusive
read_and_treat_AR_exclusive read_and_treat_AR_exclusive
read_and_treat_AR_exclusive read_and_treat_AR_exclusive
read_and_treat_AR_exclusive read_and_treat_AR_exclusive
read_and_treat_AR_exclusive read_and_treat_AR_exclusive
read_and_treat_AR_exclusive_WD read_and_treat_AR_exclusive_WD
+++ working on night --- 2024-01-03 +++
read_and_treat_AR_exclusive read_and_treat_AR_exclusive
read_and_treat_AR_exclusive read_and_treat_AR_exclusive
read_and_treat_AR_exclusive read_and_treat_AR_exclusive
read_and_treat_AR_exclusive read_and_treat_AR_exclusive
read_and_treat_AR_exclusive read_and_treat_AR_exclusive
read_and_treat_AR_exclusive read_and_treat_AR_exclusive
read_and_treat_AR_exclusive_WD read_and_treat_AR_exclusive_WD
+++ working on night --- 2024-01-04 +++
read_and_treat_AR_exclusive read_and_treat_AR_exclusive
read_and_treat_AR_exclusive read_and_treat_AR_exclusive
read_and_treat_AR_exclusive read_and_treat_AR_exclusive
read_and_treat_AR_exclusive read_and_treat_AR_exclusive
read_and_treat_AR_exclusive read_and_treat_AR_exclusive
read_and_treat_AR_exclusive read_and_treat_AR_exclusive
read_and_treat_AR_exclusive_WD read_and_treat_AR_exclusive_WD
+++ working on night --- 2024-01-05 +++
read_and_treat_AR_exclusive read_and_treat_AR_exclusive
read_and_treat_AR_exclusive read_and_treat_AR_exclusive
read_and_treat_AR_exclusive read_and_treat_AR_exclusive
read_and_treat_AR_exclusive read_and_treat_AR_exclusive
read_and_treat_AR_exclusive read_and_treat_AR_exclusive
read_and_treat_AR_exclusive read_and_treat_AR_exclusive
read_and_treat_AR_exclusive_WD read_and_treat_AR_exclusive_WD
+++ working on night --- 2024-01-06 +++
read_and_treat_AR_exclusive read_and_treat_AR_exclusive
read_and_treat_AR_exclusive read_and_treat_AR_exclusive
read_and_treat_AR_exclusive read_and_treat_AR_exclusive
read_and_treat_AR_exclusive read_and_treat_AR_exclusive
read_and_treat_AR_exclusive read_and_treat_AR_exclusive
read_and_treat_AR_exclusive read_and_treat_AR_exclusive
read_and_treat_AR_exclusive_WD read_and_treat_AR_exclusive_WD
+++ working on night --- 2024-01-07 +++
read_and_treat_AR_exclusive read_and_treat_AR_exclusive
read_and_treat_AR_exclusive read_and_treat_AR_exclusive
read_and_treat_AR_exclusive read_and_treat_AR_exclusive
read_and_treat_AR_exclusive read_and_treat_AR_exclusive
read_and_treat_AR_exclusive read_and_treat_AR_exclusive
read_and_treat_AR_exclusive read_and_treat_AR_exclusive
read_and_treat_AR_exclusive_WD read_and_treat_AR_exclusive_WD
+++ working on night --- 2024-01-08 +++
read_and_treat_AR_exclusive read_and_treat_AR_exclusive
read_and_treat_AR_exclusive read_and_treat_AR_exclusive
read_and_treat_AR_exclusive read_and_treat_AR_exclusive
read_and_treat_AR_exclusive read_and_treat_AR_exclusive
read_and_treat_AR_exclusive read_and_treat_AR_exclusive
read_and_treat_AR_exclusive read_and_treat_AR_exclusive
read_and_treat_AR_exclusive_WD read_and_treat_AR_exclusive_WD
+++ working on night --- 2024-01-09 +++
read_and_treat_AR_exclusive read_and_treat_AR_exclusive
read_and_treat_AR_exclusive read_and_treat_AR_exclusive
read_and_treat_AR_exclusive read_and_treat_AR_exclusive
read_and_treat_AR_exclusive read_and_treat_AR_exclusive
read_and_treat_AR_exclusive read_and_treat_AR_exclusive
read_and_treat_AR_exclusive read_and_treat_AR_exclusive
read_and_treat_AR_exclusive_WD read_and_treat_AR_exclusive_WD
+++ working on night --- 2024-01-10 +++
read_and_treat_AR_exclusive read_and_treat_AR_exclusive
read_and_treat_AR_exclusive read_and_treat_AR_exclusive
read_and_treat_AR_exclusive read_and_treat_AR_exclusive
read_and_treat_AR_exclusive read_and_treat_AR_exclusive
read_and_treat_AR_exclusive read_and_treat_AR_exclusive
read_and_treat_AR_exclusive read_and_treat_AR_exclusive
read_and_treat_AR_exclusive_WD read_and_treat_AR_exclusive_WD
+++ working on night --- 2024-01-11 +++
read_and_treat_AR_exclusive read_and_treat_AR_exclusive
read_and_treat_AR_exclusive read_and_treat_AR_exclusive
read_and_treat_AR_exclusive read_and_treat_AR_exclusive
read_and_treat_AR_exclusive read_and_treat_AR_exclusive
read_and_treat_AR_exclusive read_and_treat_AR_exclusive
read_and_treat_AR_exclusive read_and_treat_AR_exclusive
read_and_treat_AR_exclusive_WD read_and_treat_AR_exclusive_WD
+++ working on night --- 2024-01-12 +++
read_and_treat_AR_exclusive read_and_treat_AR_exclusive
read_and_treat_AR_exclusive read_and_treat_AR_exclusive
read_and_treat_AR_exclusive read_and_treat_AR_exclusive
read_and_treat_AR_exclusive read_and_treat_AR_exclusive
read_and_treat_AR_exclusive read_and_treat_AR_exclusive
read_and_treat_AR_exclusive read_and_treat_AR_exclusive
read_and_treat_AR_exclusive_WD read_and_treat_AR_exclusive_WD
+++ working on night --- 2024-01-13 +++
read_and_treat_AR_exclusive read_and_treat_AR_exclusive
read_and_treat_AR_exclusive read_and_treat_AR_exclusive
read_and_treat_AR_exclusive read_and_treat_AR_exclusive
read_and_treat_AR_exclusive read_and_treat_AR_exclusive
read_and_treat_AR_exclusive read_and_treat_AR_exclusive
read_and_treat_AR_exclusive read_and_treat_AR_exclusive
read_and_treat_AR_exclusive_WD read_and_treat_AR_exclusive_WD
+++ working on night --- 2024-01-14 +++
grep: /home/report/DATA/DA_TRATTARE/test/night/20240114_see_evol_time_Height_5_20000_AR_night.dat: No such file or directory
grep: /home/report/DATA/DA_TRATTARE/test/night/20240114_tau_evol_time_Height_5_20000_AR_night.dat: No such file or directory
grep: /home/report/DATA/DA_TRATTARE/test/night/20240114_glf_evol_time_Height_5_20000_AR_night.dat: No such file or directory
read_and_treat_AR_exclusive read_and_treat_AR_exclusive
read_and_treat_AR_exclusive read_and_treat_AR_exclusive
read_and_treat_AR_exclusive read_and_treat_AR_exclusive
read_and_treat_AR_exclusive_WD read_and_treat_AR_exclusive_WD
+++ working on night --- 2024-01-15 +++
grep: /home/report/DATA/DA_TRATTARE/test/night/20240115_see_evol_time_Height_5_20000_AR_night.dat: No such file or directory
grep: /home/report/DATA/DA_TRATTARE/test/night/20240115_tau_evol_time_Height_5_20000_AR_night.dat: No such file or directory
grep: /home/report/DATA/DA_TRATTARE/test/night/20240115_glf_evol_time_Height_5_20000_AR_night.dat: No such file or directory
read_and_treat_AR_exclusive read_and_treat_AR_exclusive
read_and_treat_AR_exclusive read_and_treat_AR_exclusive
read_and_treat_AR_exclusive read_and_treat_AR_exclusive
read_and_treat_AR_exclusive_WD read_and_treat_AR_exclusive_WD
+++ working on night --- 2024-01-16 +++
read_and_treat_AR_exclusive read_and_treat_AR_exclusive
read_and_treat_AR_exclusive read_and_treat_AR_exclusive
read_and_treat_AR_exclusive read_and_treat_AR_exclusive
read_and_treat_AR_exclusive_WD read_and_treat_AR_exclusive_WD
+++ working on night --- 2024-01-17 +++
read_and_treat_AR_exclusive read_and_treat_AR_exclusive
read_and_treat_AR_exclusive read_and_treat_AR_exclusive
read_and_treat_AR_exclusive read_and_treat_AR_exclusive
read_and_treat_AR_exclusive_WD read_and_treat_AR_exclusive_WD
+++ working on night --- 2024-01-18 +++
read_and_treat_AR_exclusive read_and_treat_AR_exclusive
read_and_treat_AR_exclusive read_and_treat_AR_exclusive
read_and_treat_AR_exclusive read_and_treat_AR_exclusive
read_and_treat_AR_exclusive_WD read_and_treat_AR_exclusive_WD
+++ working on night --- 2024-01-19 +++
read_and_treat_AR_exclusive read_and_treat_AR_exclusive
read_and_treat_AR_exclusive read_and_treat_AR_exclusive
read_and_treat_AR_exclusive read_and_treat_AR_exclusive
read_and_treat_AR_exclusive_WD read_and_treat_AR_exclusive_WD
+++ working on night --- 2024-01-20 +++
read_and_treat_AR_exclusive read_and_treat_AR_exclusive
read_and_treat_AR_exclusive read_and_treat_AR_exclusive
read_and_treat_AR_exclusive read_and_treat_AR_exclusive
read_and_treat_AR_exclusive_WD read_and_treat_AR_exclusive_WD
+++ working on night --- 2024-01-21 +++
read_and_treat_AR_exclusive read_and_treat_AR_exclusive
read_and_treat_AR_exclusive read_and_treat_AR_exclusive
read_and_treat_AR_exclusive read_and_treat_AR_exclusive
read_and_treat_AR_exclusive read_and_treat_AR_exclusive
read_and_treat_AR_exclusive read_and_treat_AR_exclusive
read_and_treat_AR_exclusive read_and_treat_AR_exclusive
read_and_treat_AR_exclusive_WD read_and_treat_AR_exclusive_WD
+++ working on night --- 2024-01-22 +++
read_and_treat_AR_exclusive read_and_treat_AR_exclusive
read_and_treat_AR_exclusive read_and_treat_AR_exclusive
read_and_treat_AR_exclusive read_and_treat_AR_exclusive
read_and_treat_AR_exclusive read_and_treat_AR_exclusive
read_and_treat_AR_exclusive read_and_treat_AR_exclusive
read_and_treat_AR_exclusive read_and_treat_AR_exclusive
read_and_treat_AR_exclusive_WD read_and_treat_AR_exclusive_WD
+++ working on night --- 2024-01-23 +++
read_and_treat_AR_exclusive read_and_treat_AR_exclusive
read_and_treat_AR_exclusive read_and_treat_AR_exclusive
read_and_treat_AR_exclusive read_and_treat_AR_exclusive
read_and_treat_AR_exclusive read_and_treat_AR_exclusive
read_and_treat_AR_exclusive read_and_treat_AR_exclusive
read_and_treat_AR_exclusive read_and_treat_AR_exclusive
read_and_treat_AR_exclusive_WD read_and_treat_AR_exclusive_WD
+++ working on night --- 2024-01-24 +++
read_and_treat_AR_exclusive read_and_treat_AR_exclusive
read_and_treat_AR_exclusive read_and_treat_AR_exclusive
read_and_treat_AR_exclusive read_and_treat_AR_exclusive
read_and_treat_AR_exclusive read_and_treat_AR_exclusive
read_and_treat_AR_exclusive read_and_treat_AR_exclusive
read_and_treat_AR_exclusive read_and_treat_AR_exclusive
read_and_treat_AR_exclusive_WD read_and_treat_AR_exclusive_WD
+++ working on night --- 2024-01-25 +++
read_and_treat_AR_exclusive read_and_treat_AR_exclusive
read_and_treat_AR_exclusive read_and_treat_AR_exclusive
read_and_treat_AR_exclusive read_and_treat_AR_exclusive
read_and_treat_AR_exclusive read_and_treat_AR_exclusive
read_and_treat_AR_exclusive read_and_treat_AR_exclusive
read_and_treat_AR_exclusive read_and_treat_AR_exclusive
read_and_treat_AR_exclusive_WD read_and_treat_AR_exclusive_WD
+++ working on night --- 2024-01-26 +++
read_and_treat_AR_exclusive read_and_treat_AR_exclusive
read_and_treat_AR_exclusive read_and_treat_AR_exclusive
read_and_treat_AR_exclusive read_and_treat_AR_exclusive
read_and_treat_AR_exclusive read_and_treat_AR_exclusive
read_and_treat_AR_exclusive read_and_treat_AR_exclusive
read_and_treat_AR_exclusive read_and_treat_AR_exclusive
read_and_treat_AR_exclusive_WD read_and_treat_AR_exclusive_WD
+++ working on night --- 2024-01-27 +++
read_and_treat_AR_exclusive read_and_treat_AR_exclusive
read_and_treat_AR_exclusive read_and_treat_AR_exclusive
read_and_treat_AR_exclusive read_and_treat_AR_exclusive
read_and_treat_AR_exclusive read_and_treat_AR_exclusive
read_and_treat_AR_exclusive read_and_treat_AR_exclusive
read_and_treat_AR_exclusive read_and_treat_AR_exclusive
read_and_treat_AR_exclusive_WD read_and_treat_AR_exclusive_WD
+++ working on night --- 2024-01-28 +++
read_and_treat_AR_exclusive read_and_treat_AR_exclusive
read_and_treat_AR_exclusive read_and_treat_AR_exclusive
read_and_treat_AR_exclusive read_and_treat_AR_exclusive
read_and_treat_AR_exclusive read_and_treat_AR_exclusive
read_and_treat_AR_exclusive read_and_treat_AR_exclusive
read_and_treat_AR_exclusive read_and_treat_AR_exclusive
read_and_treat_AR_exclusive_WD read_and_treat_AR_exclusive_WD
+++ working on night --- 2024-01-29 +++
read_and_treat_AR_exclusive read_and_treat_AR_exclusive
read_and_treat_AR_exclusive read_and_treat_AR_exclusive
read_and_treat_AR_exclusive read_and_treat_AR_exclusive
read_and_treat_AR_exclusive read_and_treat_AR_exclusive
read_and_treat_AR_exclusive read_and_treat_AR_exclusive
read_and_treat_AR_exclusive read_and_treat_AR_exclusive
read_and_treat_AR_exclusive_WD read_and_treat_AR_exclusive_WD
+++ working on night --- 2024-01-30 +++
read_and_treat_AR_exclusive read_and_treat_AR_exclusive
read_and_treat_AR_exclusive read_and_treat_AR_exclusive
read_and_treat_AR_exclusive read_and_treat_AR_exclusive
read_and_treat_AR_exclusive read_and_treat_AR_exclusive
read_and_treat_AR_exclusive read_and_treat_AR_exclusive
read_and_treat_AR_exclusive read_and_treat_AR_exclusive
read_and_treat_AR_exclusive_WD read_and_treat_AR_exclusive_WD
+++ working on night --- 2024-01-31 +++
read_and_treat_AR_exclusive read_and_treat_AR_exclusive
read_and_treat_AR_exclusive read_and_treat_AR_exclusive
read_and_treat_AR_exclusive read_and_treat_AR_exclusive
read_and_treat_AR_exclusive read_and_treat_AR_exclusive
read_and_treat_AR_exclusive read_and_treat_AR_exclusive
read_and_treat_AR_exclusive read_and_treat_AR_exclusive
read_and_treat_AR_exclusive_WD read_and_treat_AR_exclusive_WD
+++ working on night --- 2024-02-01 +++
read_and_treat_AR_exclusive read_and_treat_AR_exclusive
read_and_treat_AR_exclusive read_and_treat_AR_exclusive
read_and_treat_AR_exclusive read_and_treat_AR_exclusive
read_and_treat_AR_exclusive read_and_treat_AR_exclusive
read_and_treat_AR_exclusive read_and_treat_AR_exclusive
read_and_treat_AR_exclusive read_and_treat_AR_exclusive
read_and_treat_AR_exclusive_WD read_and_treat_AR_exclusive_WD
+++ working on night --- 2024-02-02 +++
read_and_treat_AR_exclusive read_and_treat_AR_exclusive
read_and_treat_AR_exclusive read_and_treat_AR_exclusive
read_and_treat_AR_exclusive read_and_treat_AR_exclusive
read_and_treat_AR_exclusive read_and_treat_AR_exclusive
read_and_treat_AR_exclusive read_and_treat_AR_exclusive
read_and_treat_AR_exclusive read_and_treat_AR_exclusive
read_and_treat_AR_exclusive_WD read_and_treat_AR_exclusive_WD
+++ working on night --- 2024-02-03 +++
read_and_treat_AR_exclusive read_and_treat_AR_exclusive
read_and_treat_AR_exclusive read_and_treat_AR_exclusive
read_and_treat_AR_exclusive read_and_treat_AR_exclusive
read_and_treat_AR_exclusive read_and_treat_AR_exclusive
read_and_treat_AR_exclusive read_and_treat_AR_exclusive
read_and_treat_AR_exclusive read_and_treat_AR_exclusive
read_and_treat_AR_exclusive_WD read_and_treat_AR_exclusive_WD
+++ working on night --- 2024-02-04 +++
read_and_treat_AR_exclusive read_and_treat_AR_exclusive
read_and_treat_AR_exclusive read_and_treat_AR_exclusive
read_and_treat_AR_exclusive read_and_treat_AR_exclusive
read_and_treat_AR_exclusive read_and_treat_AR_exclusive
read_and_treat_AR_exclusive read_and_treat_AR_exclusive
read_and_treat_AR_exclusive read_and_treat_AR_exclusive
read_and_treat_AR_exclusive_WD read_and_treat_AR_exclusive_WD
+++ working on night --- 2024-02-05 +++
read_and_treat_AR_exclusive read_and_treat_AR_exclusive
read_and_treat_AR_exclusive read_and_treat_AR_exclusive
read_and_treat_AR_exclusive read_and_treat_AR_exclusive
read_and_treat_AR_exclusive read_and_treat_AR_exclusive
read_and_treat_AR_exclusive read_and_treat_AR_exclusive
read_and_treat_AR_exclusive read_and_treat_AR_exclusive
read_and_treat_AR_exclusive_WD read_and_treat_AR_exclusive_WD
+++ working on night --- 2024-02-06 +++
read_and_treat_AR_exclusive read_and_treat_AR_exclusive
read_and_treat_AR_exclusive read_and_treat_AR_exclusive
read_and_treat_AR_exclusive read_and_treat_AR_exclusive
read_and_treat_AR_exclusive read_and_treat_AR_exclusive
read_and_treat_AR_exclusive read_and_treat_AR_exclusive
read_and_treat_AR_exclusive read_and_treat_AR_exclusive
read_and_treat_AR_exclusive_WD read_and_treat_AR_exclusive_WD
+++ working on night --- 2024-02-07 +++
read_and_treat_AR_exclusive read_and_treat_AR_exclusive
read_and_treat_AR_exclusive read_and_treat_AR_exclusive
read_and_treat_AR_exclusive read_and_treat_AR_exclusive
read_and_treat_AR_exclusive read_and_treat_AR_exclusive
read_and_treat_AR_exclusive read_and_treat_AR_exclusive
read_and_treat_AR_exclusive read_and_treat_AR_exclusive
read_and_treat_AR_exclusive_WD read_and_treat_AR_exclusive_WD
+++ working on night --- 2024-02-08 +++
read_and_treat_AR_exclusive read_and_treat_AR_exclusive
read_and_treat_AR_exclusive read_and_treat_AR_exclusive
read_and_treat_AR_exclusive read_and_treat_AR_exclusive
read_and_treat_AR_exclusive read_and_treat_AR_exclusive
read_and_treat_AR_exclusive read_and_treat_AR_exclusive
read_and_treat_AR_exclusive read_and_treat_AR_exclusive
read_and_treat_AR_exclusive_WD read_and_treat_AR_exclusive_WD
+++ working on night --- 2024-02-09 +++
read_and_treat_AR_exclusive read_and_treat_AR_exclusive
read_and_treat_AR_exclusive read_and_treat_AR_exclusive
read_and_treat_AR_exclusive read_and_treat_AR_exclusive
read_and_treat_AR_exclusive read_and_treat_AR_exclusive
read_and_treat_AR_exclusive read_and_treat_AR_exclusive
read_and_treat_AR_exclusive read_and_treat_AR_exclusive
read_and_treat_AR_exclusive_WD read_and_treat_AR_exclusive_WD
+++ working on night --- 2024-02-10 +++
read_and_treat_AR_exclusive read_and_treat_AR_exclusive
read_and_treat_AR_exclusive read_and_treat_AR_exclusive
read_and_treat_AR_exclusive read_and_treat_AR_exclusive
read_and_treat_AR_exclusive read_and_treat_AR_exclusive
read_and_treat_AR_exclusive read_and_treat_AR_exclusive
read_and_treat_AR_exclusive read_and_treat_AR_exclusive
read_and_treat_AR_exclusive_WD read_and_treat_AR_exclusive_WD
+++ working on night --- 2024-02-11 +++
read_and_treat_AR_exclusive read_and_treat_AR_exclusive
read_and_treat_AR_exclusive read_and_treat_AR_exclusive
read_and_treat_AR_exclusive read_and_treat_AR_exclusive
read_and_treat_AR_exclusive read_and_treat_AR_exclusive
read_and_treat_AR_exclusive read_and_treat_AR_exclusive
read_and_treat_AR_exclusive read_and_treat_AR_exclusive
read_and_treat_AR_exclusive_WD read_and_treat_AR_exclusive_WD
+++ working on night --- 2024-02-12 +++
grep: /home/report/DATA/DA_TRATTARE/test/night/20240212_see_evol_time_Height_5_20000_AR_night.dat: No such file or directory
read_and_treat_AR_exclusive read_and_treat_AR_exclusive
read_and_treat_AR_exclusive read_and_treat_AR_exclusive
read_and_treat_AR_exclusive read_and_treat_AR_exclusive
read_and_treat_AR_exclusive_WD read_and_treat_AR_exclusive_WD
+++ working on night --- 2024-02-13 +++
read_and_treat_AR_exclusive read_and_treat_AR_exclusive
read_and_treat_AR_exclusive read_and_treat_AR_exclusive
read_and_treat_AR_exclusive read_and_treat_AR_exclusive
read_and_treat_AR_exclusive read_and_treat_AR_exclusive
read_and_treat_AR_exclusive_WD read_and_treat_AR_exclusive_WD
+++ working on night --- 2024-02-14 +++
read_and_treat_AR_exclusive read_and_treat_AR_exclusive
read_and_treat_AR_exclusive read_and_treat_AR_exclusive
read_and_treat_AR_exclusive read_and_treat_AR_exclusive
read_and_treat_AR_exclusive read_and_treat_AR_exclusive
read_and_treat_AR_exclusive_WD read_and_treat_AR_exclusive_WD
+++ working on night --- 2024-02-15 +++
read_and_treat_AR_exclusive read_and_treat_AR_exclusive
read_and_treat_AR_exclusive read_and_treat_AR_exclusive
read_and_treat_AR_exclusive read_and_treat_AR_exclusive
read_and_treat_AR_exclusive read_and_treat_AR_exclusive
read_and_treat_AR_exclusive_WD read_and_treat_AR_exclusive_WD
+++ working on night --- 2024-02-16 +++
read_and_treat_AR_exclusive read_and_treat_AR_exclusive
read_and_treat_AR_exclusive read_and_treat_AR_exclusive
read_and_treat_AR_exclusive read_and_treat_AR_exclusive
read_and_treat_AR_exclusive read_and_treat_AR_exclusive
read_and_treat_AR_exclusive_WD read_and_treat_AR_exclusive_WD
+++ working on night --- 2024-02-17 +++
read_and_treat_AR_exclusive read_and_treat_AR_exclusive
read_and_treat_AR_exclusive read_and_treat_AR_exclusive
read_and_treat_AR_exclusive read_and_treat_AR_exclusive
read_and_treat_AR_exclusive read_and_treat_AR_exclusive
read_and_treat_AR_exclusive_WD read_and_treat_AR_exclusive_WD
+++ working on night --- 2024-02-18 +++
read_and_treat_AR_exclusive read_and_treat_AR_exclusive
read_and_treat_AR_exclusive read_and_treat_AR_exclusive
read_and_treat_AR_exclusive read_and_treat_AR_exclusive
read_and_treat_AR_exclusive read_and_treat_AR_exclusive
read_and_treat_AR_exclusive read_and_treat_AR_exclusive
read_and_treat_AR_exclusive read_and_treat_AR_exclusive
read_and_treat_AR_exclusive_WD read_and_treat_AR_exclusive_WD
+++ working on night --- 2024-02-19 +++
read_and_treat_AR_exclusive read_and_treat_AR_exclusive
read_and_treat_AR_exclusive read_and_treat_AR_exclusive
read_and_treat_AR_exclusive read_and_treat_AR_exclusive
read_and_treat_AR_exclusive read_and_treat_AR_exclusive
read_and_treat_AR_exclusive read_and_treat_AR_exclusive
read_and_treat_AR_exclusive read_and_treat_AR_exclusive
read_and_treat_AR_exclusive_WD read_and_treat_AR_exclusive_WD
+++ working on night --- 2024-02-20 +++
read_and_treat_AR_exclusive read_and_treat_AR_exclusive
read_and_treat_AR_exclusive read_and_treat_AR_exclusive
read_and_treat_AR_exclusive read_and_treat_AR_exclusive
read_and_treat_AR_exclusive_WD read_and_treat_AR_exclusive_WD
+++ working on night --- 2024-02-21 +++
read_and_treat_AR_exclusive read_and_treat_AR_exclusive
read_and_treat_AR_exclusive read_and_treat_AR_exclusive
read_and_treat_AR_exclusive read_and_treat_AR_exclusive
read_and_treat_AR_exclusive_WD read_and_treat_AR_exclusive_WD
+++ working on night --- 2024-02-22 +++
read_and_treat_AR_exclusive read_and_treat_AR_exclusive
read_and_treat_AR_exclusive read_and_treat_AR_exclusive
read_and_treat_AR_exclusive read_and_treat_AR_exclusive
read_and_treat_AR_exclusive_WD read_and_treat_AR_exclusive_WD
+++ working on night --- 2024-02-23 +++
grep: /home/report/DATA/DA_TRATTARE/test/night/20240223_tau_evol_time_Height_5_20000_AR_night.dat: No such file or directory
grep: /home/report/DATA/DA_TRATTARE/test/night/20240223_glf_evol_time_Height_5_20000_AR_night.dat: No such file or directory
read_and_treat_AR_exclusive read_and_treat_AR_exclusive
read_and_treat_AR_exclusive read_and_treat_AR_exclusive
read_and_treat_AR_exclusive read_and_treat_AR_exclusive
read_and_treat_AR_exclusive_WD read_and_treat_AR_exclusive_WD
+++ working on night --- 2024-02-24 +++
grep: /home/report/DATA/DA_TRATTARE/test/night/20240224_tau_evol_time_Height_5_20000_AR_night.dat: No such file or directory
grep: /home/report/DATA/DA_TRATTARE/test/night/20240224_glf_evol_time_Height_5_20000_AR_night.dat: No such file or directory
read_and_treat_AR_exclusive read_and_treat_AR_exclusive
read_and_treat_AR_exclusive read_and_treat_AR_exclusive
read_and_treat_AR_exclusive read_and_treat_AR_exclusive
read_and_treat_AR_exclusive_WD read_and_treat_AR_exclusive_WD
+++ working on night --- 2024-02-25 +++
grep: /home/report/DATA/DA_TRATTARE/test/night/20240225_see_evol_time_Height_5_20000_AR_night.dat: No such file or directory
grep: /home/report/DATA/DA_TRATTARE/test/night/20240225_tau_evol_time_Height_5_20000_AR_night.dat: No such file or directory
grep: /home/report/DATA/DA_TRATTARE/test/night/20240225_glf_evol_time_Height_5_20000_AR_night.dat: No such file or directory
read_and_treat_AR_exclusive read_and_treat_AR_exclusive
read_and_treat_AR_exclusive read_and_treat_AR_exclusive
read_and_treat_AR_exclusive read_and_treat_AR_exclusive
read_and_treat_AR_exclusive_WD read_and_treat_AR_exclusive_WD
+++ working on night --- 2024-02-26 +++
grep: /home/report/DATA/DA_TRATTARE/test/night/20240226_tau_evol_time_Height_5_20000_AR_night.dat: No such file or directory
grep: /home/report/DATA/DA_TRATTARE/test/night/20240226_glf_evol_time_Height_5_20000_AR_night.dat: No such file or directory
read_and_treat_AR_exclusive read_and_treat_AR_exclusive
read_and_treat_AR_exclusive read_and_treat_AR_exclusive
read_and_treat_AR_exclusive read_and_treat_AR_exclusive
read_and_treat_AR_exclusive_WD read_and_treat_AR_exclusive_WD
+++ working on night --- 2024-02-27 +++
read_and_treat_AR_exclusive read_and_treat_AR_exclusive
read_and_treat_AR_exclusive read_and_treat_AR_exclusive
read_and_treat_AR_exclusive read_and_treat_AR_exclusive
read_and_treat_AR_exclusive_WD read_and_treat_AR_exclusive_WD
+++ working on night --- 2024-02-28 +++
read_and_treat_AR_exclusive read_and_treat_AR_exclusive
read_and_treat_AR_exclusive read_and_treat_AR_exclusive
read_and_treat_AR_exclusive read_and_treat_AR_exclusive
read_and_treat_AR_exclusive_WD read_and_treat_AR_exclusive_WD
+++ working on night --- 2024-02-29 +++
read_and_treat_AR_exclusive read_and_treat_AR_exclusive
read_and_treat_AR_exclusive read_and_treat_AR_exclusive
read_and_treat_AR_exclusive read_and_treat_AR_exclusive
read_and_treat_AR_exclusive_WD read_and_treat_AR_exclusive_WD
+++ working on night --- 2024-03-01 +++
read_and_treat_AR_exclusive read_and_treat_AR_exclusive
read_and_treat_AR_exclusive read_and_treat_AR_exclusive
read_and_treat_AR_exclusive read_and_treat_AR_exclusive
read_and_treat_AR_exclusive_WD read_and_treat_AR_exclusive_WD
+++ working on night --- 2024-03-02 +++
read_and_treat_AR_exclusive read_and_treat_AR_exclusive
read_and_treat_AR_exclusive read_and_treat_AR_exclusive
read_and_treat_AR_exclusive read_and_treat_AR_exclusive
read_and_treat_AR_exclusive_WD read_and_treat_AR_exclusive_WD
+++ working on night --- 2024-03-03 +++
read_and_treat_AR_exclusive read_and_treat_AR_exclusive
read_and_treat_AR_exclusive read_and_treat_AR_exclusive
read_and_treat_AR_exclusive read_and_treat_AR_exclusive
read_and_treat_AR_exclusive_WD read_and_treat_AR_exclusive_WD
+++ working on night --- 2024-03-04 +++
read_and_treat_AR_exclusive read_and_treat_AR_exclusive
read_and_treat_AR_exclusive read_and_treat_AR_exclusive
read_and_treat_AR_exclusive read_and_treat_AR_exclusive
read_and_treat_AR_exclusive_WD read_and_treat_AR_exclusive_WD
+++ working on night --- 2024-03-05 +++
read_and_treat_AR_exclusive read_and_treat_AR_exclusive
read_and_treat_AR_exclusive read_and_treat_AR_exclusive
read_and_treat_AR_exclusive read_and_treat_AR_exclusive
read_and_treat_AR_exclusive_WD read_and_treat_AR_exclusive_WD
+++ working on night --- 2024-03-06 +++
read_and_treat_AR_exclusive read_and_treat_AR_exclusive
read_and_treat_AR_exclusive read_and_treat_AR_exclusive
read_and_treat_AR_exclusive read_and_treat_AR_exclusive
read_and_treat_AR_exclusive_WD read_and_treat_AR_exclusive_WD
+++ working on night --- 2024-03-07 +++
read_and_treat_AR_exclusive read_and_treat_AR_exclusive
read_and_treat_AR_exclusive read_and_treat_AR_exclusive
read_and_treat_AR_exclusive read_and_treat_AR_exclusive
read_and_treat_AR_exclusive_WD read_and_treat_AR_exclusive_WD
+++ working on night --- 2024-03-08 +++
read_and_treat_AR_exclusive read_and_treat_AR_exclusive
read_and_treat_AR_exclusive read_and_treat_AR_exclusive
read_and_treat_AR_exclusive read_and_treat_AR_exclusive
read_and_treat_AR_exclusive read_and_treat_AR_exclusive
read_and_treat_AR_exclusive read_and_treat_AR_exclusive
read_and_treat_AR_exclusive read_and_treat_AR_exclusive
read_and_treat_AR_exclusive_WD read_and_treat_AR_exclusive_WD
+++ working on night --- 2024-03-09 +++
read_and_treat_AR_exclusive read_and_treat_AR_exclusive
read_and_treat_AR_exclusive read_and_treat_AR_exclusive
read_and_treat_AR_exclusive read_and_treat_AR_exclusive
read_and_treat_AR_exclusive read_and_treat_AR_exclusive
read_and_treat_AR_exclusive read_and_treat_AR_exclusive
read_and_treat_AR_exclusive read_and_treat_AR_exclusive
read_and_treat_AR_exclusive_WD read_and_treat_AR_exclusive_WD
+++ working on night --- 2024-03-10 +++
read_and_treat_AR_exclusive read_and_treat_AR_exclusive
read_and_treat_AR_exclusive read_and_treat_AR_exclusive
read_and_treat_AR_exclusive read_and_treat_AR_exclusive
read_and_treat_AR_exclusive read_and_treat_AR_exclusive
read_and_treat_AR_exclusive read_and_treat_AR_exclusive
read_and_treat_AR_exclusive read_and_treat_AR_exclusive
read_and_treat_AR_exclusive_WD read_and_treat_AR_exclusive_WD
+++ working on night --- 2024-03-11 +++
read_and_treat_AR_exclusive read_and_treat_AR_exclusive
read_and_treat_AR_exclusive read_and_treat_AR_exclusive
read_and_treat_AR_exclusive read_and_treat_AR_exclusive
read_and_treat_AR_exclusive read_and_treat_AR_exclusive
read_and_treat_AR_exclusive read_and_treat_AR_exclusive
read_and_treat_AR_exclusive read_and_treat_AR_exclusive
read_and_treat_AR_exclusive_WD read_and_treat_AR_exclusive_WD
+++ working on night --- 2024-03-12 +++
read_and_treat_AR_exclusive read_and_treat_AR_exclusive
read_and_treat_AR_exclusive read_and_treat_AR_exclusive
read_and_treat_AR_exclusive read_and_treat_AR_exclusive
read_and_treat_AR_exclusive read_and_treat_AR_exclusive
read_and_treat_AR_exclusive read_and_treat_AR_exclusive
read_and_treat_AR_exclusive read_and_treat_AR_exclusive
read_and_treat_AR_exclusive_WD read_and_treat_AR_exclusive_WD
+++ working on night --- 2024-03-13 +++
read_and_treat_AR_exclusive read_and_treat_AR_exclusive
read_and_treat_AR_exclusive read_and_treat_AR_exclusive
read_and_treat_AR_exclusive read_and_treat_AR_exclusive
read_and_treat_AR_exclusive read_and_treat_AR_exclusive
read_and_treat_AR_exclusive read_and_treat_AR_exclusive
read_and_treat_AR_exclusive read_and_treat_AR_exclusive
read_and_treat_AR_exclusive_WD read_and_treat_AR_exclusive_WD
+++ working on night --- 2024-03-14 +++
read_and_treat_AR_exclusive read_and_treat_AR_exclusive
read_and_treat_AR_exclusive read_and_treat_AR_exclusive
read_and_treat_AR_exclusive read_and_treat_AR_exclusive
read_and_treat_AR_exclusive read_and_treat_AR_exclusive
read_and_treat_AR_exclusive read_and_treat_AR_exclusive
read_and_treat_AR_exclusive read_and_treat_AR_exclusive
read_and_treat_AR_exclusive_WD read_and_treat_AR_exclusive_WD
+++ working on night --- 2024-03-15 +++
read_and_treat_AR_exclusive read_and_treat_AR_exclusive
read_and_treat_AR_exclusive read_and_treat_AR_exclusive
read_and_treat_AR_exclusive read_and_treat_AR_exclusive
read_and_treat_AR_exclusive read_and_treat_AR_exclusive
read_and_treat_AR_exclusive read_and_treat_AR_exclusive
read_and_treat_AR_exclusive read_and_treat_AR_exclusive
read_and_treat_AR_exclusive_WD read_and_treat_AR_exclusive_WD
+++ working on night --- 2024-03-16 +++
read_and_treat_AR_exclusive read_and_treat_AR_exclusive
read_and_treat_AR_exclusive read_and_treat_AR_exclusive
read_and_treat_AR_exclusive read_and_treat_AR_exclusive
read_and_treat_AR_exclusive read_and_treat_AR_exclusive
read_and_treat_AR_exclusive read_and_treat_AR_exclusive
read_and_treat_AR_exclusive read_and_treat_AR_exclusive
read_and_treat_AR_exclusive_WD read_and_treat_AR_exclusive_WD
+++ working on night --- 2024-03-17 +++
read_and_treat_AR_exclusive read_and_treat_AR_exclusive
read_and_treat_AR_exclusive read_and_treat_AR_exclusive
read_and_treat_AR_exclusive read_and_treat_AR_exclusive
read_and_treat_AR_exclusive read_and_treat_AR_exclusive
read_and_treat_AR_exclusive read_and_treat_AR_exclusive
read_and_treat_AR_exclusive read_and_treat_AR_exclusive
read_and_treat_AR_exclusive_WD read_and_treat_AR_exclusive_WD
+++ working on night --- 2024-03-18 +++
read_and_treat_AR_exclusive read_and_treat_AR_exclusive
read_and_treat_AR_exclusive read_and_treat_AR_exclusive
read_and_treat_AR_exclusive read_and_treat_AR_exclusive
read_and_treat_AR_exclusive read_and_treat_AR_exclusive
read_and_treat_AR_exclusive read_and_treat_AR_exclusive
read_and_treat_AR_exclusive read_and_treat_AR_exclusive
read_and_treat_AR_exclusive_WD read_and_treat_AR_exclusive_WD
+++ working on night --- 2024-03-19 +++
read_and_treat_AR_exclusive read_and_treat_AR_exclusive
read_and_treat_AR_exclusive read_and_treat_AR_exclusive
read_and_treat_AR_exclusive read_and_treat_AR_exclusive
read_and_treat_AR_exclusive read_and_treat_AR_exclusive
read_and_treat_AR_exclusive read_and_treat_AR_exclusive
read_and_treat_AR_exclusive read_and_treat_AR_exclusive
read_and_treat_AR_exclusive_WD read_and_treat_AR_exclusive_WD
+++ working on night --- 2024-03-20 +++
read_and_treat_AR_exclusive read_and_treat_AR_exclusive
read_and_treat_AR_exclusive read_and_treat_AR_exclusive
read_and_treat_AR_exclusive read_and_treat_AR_exclusive
read_and_treat_AR_exclusive read_and_treat_AR_exclusive
read_and_treat_AR_exclusive read_and_treat_AR_exclusive
read_and_treat_AR_exclusive read_and_treat_AR_exclusive
read_and_treat_AR_exclusive_WD read_and_treat_AR_exclusive_WD
+++ working on night --- 2024-03-21 +++
read_and_treat_AR_exclusive read_and_treat_AR_exclusive
read_and_treat_AR_exclusive read_and_treat_AR_exclusive
read_and_treat_AR_exclusive read_and_treat_AR_exclusive
read_and_treat_AR_exclusive read_and_treat_AR_exclusive
read_and_treat_AR_exclusive read_and_treat_AR_exclusive
read_and_treat_AR_exclusive read_and_treat_AR_exclusive
read_and_treat_AR_exclusive_WD read_and_treat_AR_exclusive_WD
+++ working on night --- 2024-03-22 +++
read_and_treat_AR_exclusive read_and_treat_AR_exclusive
read_and_treat_AR_exclusive read_and_treat_AR_exclusive
read_and_treat_AR_exclusive read_and_treat_AR_exclusive
read_and_treat_AR_exclusive read_and_treat_AR_exclusive
read_and_treat_AR_exclusive read_and_treat_AR_exclusive
read_and_treat_AR_exclusive read_and_treat_AR_exclusive
read_and_treat_AR_exclusive_WD read_and_treat_AR_exclusive_WD
+++ working on night --- 2024-03-23 +++
read_and_treat_AR_exclusive read_and_treat_AR_exclusive
read_and_treat_AR_exclusive read_and_treat_AR_exclusive
read_and_treat_AR_exclusive read_and_treat_AR_exclusive
read_and_treat_AR_exclusive read_and_treat_AR_exclusive
read_and_treat_AR_exclusive read_and_treat_AR_exclusive
read_and_treat_AR_exclusive read_and_treat_AR_exclusive
read_and_treat_AR_exclusive_WD read_and_treat_AR_exclusive_WD
+++ working on night --- 2024-03-24 +++
read_and_treat_AR_exclusive read_and_treat_AR_exclusive
read_and_treat_AR_exclusive read_and_treat_AR_exclusive
read_and_treat_AR_exclusive read_and_treat_AR_exclusive
read_and_treat_AR_exclusive read_and_treat_AR_exclusive
read_and_treat_AR_exclusive read_and_treat_AR_exclusive
read_and_treat_AR_exclusive read_and_treat_AR_exclusive
read_and_treat_AR_exclusive_WD read_and_treat_AR_exclusive_WD
+++ working on night --- 2024-03-25 +++
read_and_treat_AR_exclusive read_and_treat_AR_exclusive
read_and_treat_AR_exclusive read_and_treat_AR_exclusive
read_and_treat_AR_exclusive read_and_treat_AR_exclusive
read_and_treat_AR_exclusive read_and_treat_AR_exclusive
read_and_treat_AR_exclusive read_and_treat_AR_exclusive
read_and_treat_AR_exclusive read_and_treat_AR_exclusive
read_and_treat_AR_exclusive_WD read_and_treat_AR_exclusive_WD
+++ working on night --- 2024-03-26 +++
read_and_treat_AR_exclusive read_and_treat_AR_exclusive
read_and_treat_AR_exclusive read_and_treat_AR_exclusive
read_and_treat_AR_exclusive read_and_treat_AR_exclusive
read_and_treat_AR_exclusive read_and_treat_AR_exclusive
read_and_treat_AR_exclusive read_and_treat_AR_exclusive
read_and_treat_AR_exclusive read_and_treat_AR_exclusive
read_and_treat_AR_exclusive_WD read_and_treat_AR_exclusive_WD
+++ working on night --- 2024-03-27 +++
read_and_treat_AR_exclusive read_and_treat_AR_exclusive
read_and_treat_AR_exclusive read_and_treat_AR_exclusive
read_and_treat_AR_exclusive read_and_treat_AR_exclusive
read_and_treat_AR_exclusive read_and_treat_AR_exclusive
read_and_treat_AR_exclusive read_and_treat_AR_exclusive
read_and_treat_AR_exclusive read_and_treat_AR_exclusive
read_and_treat_AR_exclusive_WD read_and_treat_AR_exclusive_WD
+++ working on night --- 2024-03-28 +++
read_and_treat_AR_exclusive read_and_treat_AR_exclusive
read_and_treat_AR_exclusive read_and_treat_AR_exclusive
read_and_treat_AR_exclusive read_and_treat_AR_exclusive
read_and_treat_AR_exclusive read_and_treat_AR_exclusive
read_and_treat_AR_exclusive read_and_treat_AR_exclusive
read_and_treat_AR_exclusive read_and_treat_AR_exclusive
read_and_treat_AR_exclusive_WD read_and_treat_AR_exclusive_WD
+++ working on night --- 2024-03-29 +++
read_and_treat_AR_exclusive read_and_treat_AR_exclusive
read_and_treat_AR_exclusive read_and_treat_AR_exclusive
read_and_treat_AR_exclusive read_and_treat_AR_exclusive
read_and_treat_AR_exclusive read_and_treat_AR_exclusive
read_and_treat_AR_exclusive read_and_treat_AR_exclusive
read_and_treat_AR_exclusive read_and_treat_AR_exclusive
read_and_treat_AR_exclusive_WD read_and_treat_AR_exclusive_WD
+++ working on night --- 2024-03-30 +++
read_and_treat_AR_exclusive read_and_treat_AR_exclusive
read_and_treat_AR_exclusive read_and_treat_AR_exclusive
read_and_treat_AR_exclusive read_and_treat_AR_exclusive
read_and_treat_AR_exclusive read_and_treat_AR_exclusive
read_and_treat_AR_exclusive read_and_treat_AR_exclusive
read_and_treat_AR_exclusive read_and_treat_AR_exclusive
read_and_treat_AR_exclusive_WD read_and_treat_AR_exclusive_WD
+++ working on night --- 2024-03-31 +++
read_and_treat_AR_exclusive read_and_treat_AR_exclusive
read_and_treat_AR_exclusive read_and_treat_AR_exclusive
read_and_treat_AR_exclusive read_and_treat_AR_exclusive
read_and_treat_AR_exclusive read_and_treat_AR_exclusive
read_and_treat_AR_exclusive read_and_treat_AR_exclusive
read_and_treat_AR_exclusive read_and_treat_AR_exclusive
read_and_treat_AR_exclusive_WD read_and_treat_AR_exclusive_WD
+++ working on night --- 2024-04-01 +++
read_and_treat_AR_exclusive read_and_treat_AR_exclusive
read_and_treat_AR_exclusive read_and_treat_AR_exclusive
read_and_treat_AR_exclusive read_and_treat_AR_exclusive
read_and_treat_AR_exclusive read_and_treat_AR_exclusive
read_and_treat_AR_exclusive read_and_treat_AR_exclusive
read_and_treat_AR_exclusive read_and_treat_AR_exclusive
read_and_treat_AR_exclusive_WD read_and_treat_AR_exclusive_WD
+++ working on night --- 2024-04-02 +++
read_and_treat_AR_exclusive read_and_treat_AR_exclusive
read_and_treat_AR_exclusive read_and_treat_AR_exclusive
read_and_treat_AR_exclusive read_and_treat_AR_exclusive
read_and_treat_AR_exclusive read_and_treat_AR_exclusive
read_and_treat_AR_exclusive read_and_treat_AR_exclusive
read_and_treat_AR_exclusive read_and_treat_AR_exclusive
read_and_treat_AR_exclusive_WD read_and_treat_AR_exclusive_WD
+++ working on night --- 2024-04-03 +++
read_and_treat_AR_exclusive read_and_treat_AR_exclusive
read_and_treat_AR_exclusive read_and_treat_AR_exclusive
read_and_treat_AR_exclusive read_and_treat_AR_exclusive
read_and_treat_AR_exclusive read_and_treat_AR_exclusive
read_and_treat_AR_exclusive read_and_treat_AR_exclusive
read_and_treat_AR_exclusive read_and_treat_AR_exclusive
read_and_treat_AR_exclusive_WD read_and_treat_AR_exclusive_WD
+++ working on night --- 2024-04-04 +++
read_and_treat_AR_exclusive read_and_treat_AR_exclusive
read_and_treat_AR_exclusive read_and_treat_AR_exclusive
read_and_treat_AR_exclusive read_and_treat_AR_exclusive
read_and_treat_AR_exclusive read_and_treat_AR_exclusive
read_and_treat_AR_exclusive read_and_treat_AR_exclusive
read_and_treat_AR_exclusive read_and_treat_AR_exclusive
read_and_treat_AR_exclusive_WD read_and_treat_AR_exclusive_WD
+++ working on night --- 2024-04-05 +++
read_and_treat_AR_exclusive read_and_treat_AR_exclusive
read_and_treat_AR_exclusive read_and_treat_AR_exclusive
read_and_treat_AR_exclusive read_and_treat_AR_exclusive
read_and_treat_AR_exclusive read_and_treat_AR_exclusive
read_and_treat_AR_exclusive read_and_treat_AR_exclusive
read_and_treat_AR_exclusive read_and_treat_AR_exclusive
read_and_treat_AR_exclusive_WD read_and_treat_AR_exclusive_WD
+++ working on night --- 2024-04-06 +++
read_and_treat_AR_exclusive read_and_treat_AR_exclusive
read_and_treat_AR_exclusive read_and_treat_AR_exclusive
read_and_treat_AR_exclusive read_and_treat_AR_exclusive
read_and_treat_AR_exclusive read_and_treat_AR_exclusive
read_and_treat_AR_exclusive read_and_treat_AR_exclusive
read_and_treat_AR_exclusive read_and_treat_AR_exclusive
read_and_treat_AR_exclusive_WD read_and_treat_AR_exclusive_WD
+++ working on night --- 2024-04-07 +++
read_and_treat_AR_exclusive read_and_treat_AR_exclusive
read_and_treat_AR_exclusive read_and_treat_AR_exclusive
read_and_treat_AR_exclusive read_and_treat_AR_exclusive
read_and_treat_AR_exclusive read_and_treat_AR_exclusive
read_and_treat_AR_exclusive read_and_treat_AR_exclusive
read_and_treat_AR_exclusive read_and_treat_AR_exclusive
read_and_treat_AR_exclusive_WD read_and_treat_AR_exclusive_WD
+++ working on night --- 2024-04-08 +++
read_and_treat_AR_exclusive read_and_treat_AR_exclusive
read_and_treat_AR_exclusive read_and_treat_AR_exclusive
read_and_treat_AR_exclusive read_and_treat_AR_exclusive
read_and_treat_AR_exclusive read_and_treat_AR_exclusive
read_and_treat_AR_exclusive read_and_treat_AR_exclusive
read_and_treat_AR_exclusive read_and_treat_AR_exclusive
read_and_treat_AR_exclusive_WD read_and_treat_AR_exclusive_WD
+++ working on night --- 2024-04-09 +++
read_and_treat_AR_exclusive read_and_treat_AR_exclusive
read_and_treat_AR_exclusive read_and_treat_AR_exclusive
read_and_treat_AR_exclusive read_and_treat_AR_exclusive
read_and_treat_AR_exclusive read_and_treat_AR_exclusive
read_and_treat_AR_exclusive read_and_treat_AR_exclusive
read_and_treat_AR_exclusive read_and_treat_AR_exclusive
read_and_treat_AR_exclusive_WD read_and_treat_AR_exclusive_WD
+++ working on night --- 2024-04-10 +++
read_and_treat_AR_exclusive read_and_treat_AR_exclusive
read_and_treat_AR_exclusive read_and_treat_AR_exclusive
read_and_treat_AR_exclusive read_and_treat_AR_exclusive
read_and_treat_AR_exclusive read_and_treat_AR_exclusive
read_and_treat_AR_exclusive read_and_treat_AR_exclusive
read_and_treat_AR_exclusive read_and_treat_AR_exclusive
read_and_treat_AR_exclusive_WD read_and_treat_AR_exclusive_WD
+++ working on night --- 2024-04-11 +++
read_and_treat_AR_exclusive read_and_treat_AR_exclusive
read_and_treat_AR_exclusive read_and_treat_AR_exclusive
read_and_treat_AR_exclusive read_and_treat_AR_exclusive
read_and_treat_AR_exclusive read_and_treat_AR_exclusive
read_and_treat_AR_exclusive read_and_treat_AR_exclusive
read_and_treat_AR_exclusive read_and_treat_AR_exclusive
read_and_treat_AR_exclusive_WD read_and_treat_AR_exclusive_WD
+++ working on night --- 2024-04-12 +++
read_and_treat_AR_exclusive read_and_treat_AR_exclusive
read_and_treat_AR_exclusive read_and_treat_AR_exclusive
read_and_treat_AR_exclusive read_and_treat_AR_exclusive
read_and_treat_AR_exclusive read_and_treat_AR_exclusive
read_and_treat_AR_exclusive read_and_treat_AR_exclusive
read_and_treat_AR_exclusive read_and_treat_AR_exclusive
read_and_treat_AR_exclusive_WD read_and_treat_AR_exclusive_WD
+++ working on night --- 2024-04-13 +++
read_and_treat_AR_exclusive read_and_treat_AR_exclusive
read_and_treat_AR_exclusive read_and_treat_AR_exclusive
read_and_treat_AR_exclusive read_and_treat_AR_exclusive
read_and_treat_AR_exclusive_WD read_and_treat_AR_exclusive_WD
+++ working on night --- 2024-04-14 +++
read_and_treat_AR_exclusive read_and_treat_AR_exclusive
read_and_treat_AR_exclusive read_and_treat_AR_exclusive
read_and_treat_AR_exclusive_WD read_and_treat_AR_exclusive_WD
+++ working on night --- 2024-04-15 +++
read_and_treat_AR_exclusive read_and_treat_AR_exclusive
read_and_treat_AR_exclusive read_and_treat_AR_exclusive
read_and_treat_AR_exclusive_WD read_and_treat_AR_exclusive_WD
+++ working on night --- 2024-04-16 +++
grep: /home/report/DATA/DA_TRATTARE/test/night/20240416_tau_evol_time_Height_5_20000_AR_night.dat: No such file or directory
grep: /home/report/DATA/DA_TRATTARE/test/night/20240416_glf_evol_time_Height_5_20000_AR_night.dat: No such file or directory
read_and_treat_AR_exclusive read_and_treat_AR_exclusive
read_and_treat_AR_exclusive read_and_treat_AR_exclusive
read_and_treat_AR_exclusive_WD read_and_treat_AR_exclusive_WD
+++ working on night --- 2024-04-17 +++
grep: /home/report/DATA/DA_TRATTARE/test/night/20240417_tau_evol_time_Height_5_20000_AR_night.dat: No such file or directory
grep: /home/report/DATA/DA_TRATTARE/test/night/20240417_glf_evol_time_Height_5_20000_AR_night.dat: No such file or directory
read_and_treat_AR_exclusive read_and_treat_AR_exclusive
read_and_treat_AR_exclusive read_and_treat_AR_exclusive
read_and_treat_AR_exclusive_WD read_and_treat_AR_exclusive_WD
+++ working on night --- 2024-04-18 +++
grep: /home/report/DATA/DA_TRATTARE/test/night/20240418_tau_evol_time_Height_5_20000_AR_night.dat: No such file or directory
grep: /home/report/DATA/DA_TRATTARE/test/night/20240418_glf_evol_time_Height_5_20000_AR_night.dat: No such file or directory
read_and_treat_AR_exclusive read_and_treat_AR_exclusive
read_and_treat_AR_exclusive read_and_treat_AR_exclusive
read_and_treat_AR_exclusive_WD read_and_treat_AR_exclusive_WD
+++ working on night --- 2024-04-19 +++
read_and_treat_AR_exclusive read_and_treat_AR_exclusive
read_and_treat_AR_exclusive read_and_treat_AR_exclusive
read_and_treat_AR_exclusive_WD read_and_treat_AR_exclusive_WD
+++ working on night --- 2024-04-20 +++
read_and_treat_AR_exclusive read_and_treat_AR_exclusive
read_and_treat_AR_exclusive read_and_treat_AR_exclusive
read_and_treat_AR_exclusive read_and_treat_AR_exclusive
read_and_treat_AR_exclusive_WD read_and_treat_AR_exclusive_WD
+++ working on night --- 2024-04-21 +++
read_and_treat_AR_exclusive read_and_treat_AR_exclusive
read_and_treat_AR_exclusive read_and_treat_AR_exclusive
read_and_treat_AR_exclusive read_and_treat_AR_exclusive
read_and_treat_AR_exclusive_WD read_and_treat_AR_exclusive_WD
+++ working on night --- 2024-04-22 +++
read_and_treat_AR_exclusive read_and_treat_AR_exclusive
read_and_treat_AR_exclusive read_and_treat_AR_exclusive
read_and_treat_AR_exclusive read_and_treat_AR_exclusive
read_and_treat_AR_exclusive read_and_treat_AR_exclusive
read_and_treat_AR_exclusive read_and_treat_AR_exclusive
read_and_treat_AR_exclusive read_and_treat_AR_exclusive
read_and_treat_AR_exclusive_WD read_and_treat_AR_exclusive_WD
+++ working on night --- 2024-04-23 +++
read_and_treat_AR_exclusive read_and_treat_AR_exclusive
read_and_treat_AR_exclusive read_and_treat_AR_exclusive
read_and_treat_AR_exclusive read_and_treat_AR_exclusive
read_and_treat_AR_exclusive read_and_treat_AR_exclusive
read_and_treat_AR_exclusive read_and_treat_AR_exclusive
read_and_treat_AR_exclusive read_and_treat_AR_exclusive
read_and_treat_AR_exclusive_WD read_and_treat_AR_exclusive_WD
+++ working on night --- 2024-04-24 +++
read_and_treat_AR_exclusive read_and_treat_AR_exclusive
read_and_treat_AR_exclusive read_and_treat_AR_exclusive
read_and_treat_AR_exclusive read_and_treat_AR_exclusive
read_and_treat_AR_exclusive read_and_treat_AR_exclusive
read_and_treat_AR_exclusive read_and_treat_AR_exclusive
read_and_treat_AR_exclusive read_and_treat_AR_exclusive
read_and_treat_AR_exclusive_WD read_and_treat_AR_exclusive_WD
+++ working on night --- 2024-04-25 +++
read_and_treat_AR_exclusive read_and_treat_AR_exclusive
read_and_treat_AR_exclusive read_and_treat_AR_exclusive
read_and_treat_AR_exclusive read_and_treat_AR_exclusive
read_and_treat_AR_exclusive read_and_treat_AR_exclusive
read_and_treat_AR_exclusive read_and_treat_AR_exclusive
read_and_treat_AR_exclusive read_and_treat_AR_exclusive
read_and_treat_AR_exclusive_WD read_and_treat_AR_exclusive_WD
+++ working on night --- 2024-04-26 +++
read_and_treat_AR_exclusive read_and_treat_AR_exclusive
read_and_treat_AR_exclusive read_and_treat_AR_exclusive
read_and_treat_AR_exclusive read_and_treat_AR_exclusive
read_and_treat_AR_exclusive read_and_treat_AR_exclusive
read_and_treat_AR_exclusive read_and_treat_AR_exclusive
read_and_treat_AR_exclusive read_and_treat_AR_exclusive
read_and_treat_AR_exclusive_WD read_and_treat_AR_exclusive_WD
+++ working on night --- 2024-04-27 +++
read_and_treat_AR_exclusive read_and_treat_AR_exclusive
read_and_treat_AR_exclusive read_and_treat_AR_exclusive
read_and_treat_AR_exclusive read_and_treat_AR_exclusive
read_and_treat_AR_exclusive read_and_treat_AR_exclusive
read_and_treat_AR_exclusive read_and_treat_AR_exclusive
read_and_treat_AR_exclusive read_and_treat_AR_exclusive
read_and_treat_AR_exclusive_WD read_and_treat_AR_exclusive_WD
+++ working on night --- 2024-04-28 +++
read_and_treat_AR_exclusive read_and_treat_AR_exclusive
read_and_treat_AR_exclusive read_and_treat_AR_exclusive
read_and_treat_AR_exclusive read_and_treat_AR_exclusive
read_and_treat_AR_exclusive read_and_treat_AR_exclusive
read_and_treat_AR_exclusive read_and_treat_AR_exclusive
read_and_treat_AR_exclusive read_and_treat_AR_exclusive
read_and_treat_AR_exclusive_WD read_and_treat_AR_exclusive_WD
+++ working on night --- 2024-04-29 +++
read_and_treat_AR_exclusive read_and_treat_AR_exclusive
read_and_treat_AR_exclusive read_and_treat_AR_exclusive
read_and_treat_AR_exclusive read_and_treat_AR_exclusive
read_and_treat_AR_exclusive read_and_treat_AR_exclusive
read_and_treat_AR_exclusive read_and_treat_AR_exclusive
read_and_treat_AR_exclusive read_and_treat_AR_exclusive
read_and_treat_AR_exclusive_WD read_and_treat_AR_exclusive_WD
+++ working on night --- 2024-04-30 +++
read_and_treat_AR_exclusive read_and_treat_AR_exclusive
read_and_treat_AR_exclusive read_and_treat_AR_exclusive
read_and_treat_AR_exclusive read_and_treat_AR_exclusive
read_and_treat_AR_exclusive read_and_treat_AR_exclusive
read_and_treat_AR_exclusive read_and_treat_AR_exclusive
read_and_treat_AR_exclusive read_and_treat_AR_exclusive
read_and_treat_AR_exclusive_WD read_and_treat_AR_exclusive_WD
+++ working on night --- 2024-05-01 +++
read_and_treat_AR_exclusive read_and_treat_AR_exclusive
read_and_treat_AR_exclusive read_and_treat_AR_exclusive
read_and_treat_AR_exclusive read_and_treat_AR_exclusive
read_and_treat_AR_exclusive read_and_treat_AR_exclusive
read_and_treat_AR_exclusive read_and_treat_AR_exclusive
read_and_treat_AR_exclusive read_and_treat_AR_exclusive
read_and_treat_AR_exclusive_WD read_and_treat_AR_exclusive_WD
+++ working on night --- 2024-05-02 +++
read_and_treat_AR_exclusive read_and_treat_AR_exclusive
read_and_treat_AR_exclusive read_and_treat_AR_exclusive
read_and_treat_AR_exclusive read_and_treat_AR_exclusive
read_and_treat_AR_exclusive read_and_treat_AR_exclusive
read_and_treat_AR_exclusive read_and_treat_AR_exclusive
read_and_treat_AR_exclusive read_and_treat_AR_exclusive
read_and_treat_AR_exclusive_WD read_and_treat_AR_exclusive_WD
+++ working on night --- 2024-05-03 +++
read_and_treat_AR_exclusive read_and_treat_AR_exclusive
read_and_treat_AR_exclusive read_and_treat_AR_exclusive
read_and_treat_AR_exclusive read_and_treat_AR_exclusive
read_and_treat_AR_exclusive read_and_treat_AR_exclusive
read_and_treat_AR_exclusive read_and_treat_AR_exclusive
read_and_treat_AR_exclusive read_and_treat_AR_exclusive
read_and_treat_AR_exclusive_WD read_and_treat_AR_exclusive_WD
+++ working on night --- 2024-05-04 +++
read_and_treat_AR_exclusive read_and_treat_AR_exclusive
read_and_treat_AR_exclusive read_and_treat_AR_exclusive
read_and_treat_AR_exclusive read_and_treat_AR_exclusive
read_and_treat_AR_exclusive read_and_treat_AR_exclusive
read_and_treat_AR_exclusive read_and_treat_AR_exclusive
read_and_treat_AR_exclusive read_and_treat_AR_exclusive
read_and_treat_AR_exclusive_WD read_and_treat_AR_exclusive_WD
+++ working on night --- 2024-05-05 +++
read_and_treat_AR_exclusive read_and_treat_AR_exclusive
read_and_treat_AR_exclusive read_and_treat_AR_exclusive
read_and_treat_AR_exclusive read_and_treat_AR_exclusive
read_and_treat_AR_exclusive read_and_treat_AR_exclusive
read_and_treat_AR_exclusive_WD read_and_treat_AR_exclusive_WD
+++ working on night --- 2024-05-06 +++
read_and_treat_AR_exclusive read_and_treat_AR_exclusive
read_and_treat_AR_exclusive read_and_treat_AR_exclusive
read_and_treat_AR_exclusive read_and_treat_AR_exclusive
read_and_treat_AR_exclusive_WD read_and_treat_AR_exclusive_WD
+++ working on night --- 2024-05-07 +++
read_and_treat_AR_exclusive read_and_treat_AR_exclusive
read_and_treat_AR_exclusive read_and_treat_AR_exclusive
read_and_treat_AR_exclusive read_and_treat_AR_exclusive
read_and_treat_AR_exclusive_WD read_and_treat_AR_exclusive_WD
+++ working on night --- 2024-05-08 +++
read_and_treat_AR_exclusive read_and_treat_AR_exclusive
read_and_treat_AR_exclusive read_and_treat_AR_exclusive
read_and_treat_AR_exclusive read_and_treat_AR_exclusive
read_and_treat_AR_exclusive_WD read_and_treat_AR_exclusive_WD
+++ working on night --- 2024-05-09 +++
read_and_treat_AR_exclusive read_and_treat_AR_exclusive
read_and_treat_AR_exclusive read_and_treat_AR_exclusive
read_and_treat_AR_exclusive read_and_treat_AR_exclusive
read_and_treat_AR_exclusive_WD read_and_treat_AR_exclusive_WD
+++ working on night --- 2024-05-10 +++
read_and_treat_AR_exclusive read_and_treat_AR_exclusive
read_and_treat_AR_exclusive read_and_treat_AR_exclusive
read_and_treat_AR_exclusive read_and_treat_AR_exclusive
read_and_treat_AR_exclusive_WD read_and_treat_AR_exclusive_WD
+++ working on night --- 2024-05-11 +++
read_and_treat_AR_exclusive read_and_treat_AR_exclusive
read_and_treat_AR_exclusive read_and_treat_AR_exclusive
read_and_treat_AR_exclusive read_and_treat_AR_exclusive
read_and_treat_AR_exclusive_WD read_and_treat_AR_exclusive_WD
+++ working on night --- 2024-05-12 +++
read_and_treat_AR_exclusive read_and_treat_AR_exclusive
read_and_treat_AR_exclusive read_and_treat_AR_exclusive
read_and_treat_AR_exclusive read_and_treat_AR_exclusive
read_and_treat_AR_exclusive read_and_treat_AR_exclusive
read_and_treat_AR_exclusive read_and_treat_AR_exclusive
read_and_treat_AR_exclusive read_and_treat_AR_exclusive
read_and_treat_AR_exclusive_WD read_and_treat_AR_exclusive_WD
+++ working on night --- 2024-05-13 +++
read_and_treat_AR_exclusive read_and_treat_AR_exclusive
read_and_treat_AR_exclusive read_and_treat_AR_exclusive
read_and_treat_AR_exclusive read_and_treat_AR_exclusive
read_and_treat_AR_exclusive read_and_treat_AR_exclusive
read_and_treat_AR_exclusive read_and_treat_AR_exclusive
read_and_treat_AR_exclusive read_and_treat_AR_exclusive
read_and_treat_AR_exclusive_WD read_and_treat_AR_exclusive_WD
+++ working on night --- 2024-05-14 +++
grep: /home/report/DATA/DA_TRATTARE/test/night/20240514_see_evol_time_Height_5_20000_AR_night.dat: No such file or directory
read_and_treat_AR_exclusive read_and_treat_AR_exclusive
read_and_treat_AR_exclusive read_and_treat_AR_exclusive
read_and_treat_AR_exclusive read_and_treat_AR_exclusive
read_and_treat_AR_exclusive_WD read_and_treat_AR_exclusive_WD
+++ working on night --- 2024-05-15 +++
grep: /home/report/DATA/DA_TRATTARE/test/night/20240515_see_evol_time_Height_5_20000_AR_night.dat: No such file or directory
read_and_treat_AR_exclusive read_and_treat_AR_exclusive
read_and_treat_AR_exclusive read_and_treat_AR_exclusive
read_and_treat_AR_exclusive read_and_treat_AR_exclusive
read_and_treat_AR_exclusive_WD read_and_treat_AR_exclusive_WD
+++ working on night --- 2024-05-16 +++
grep: /home/report/DATA/DA_TRATTARE/test/night/20240516_see_evol_time_Height_5_20000_AR_night.dat: No such file or directory
read_and_treat_AR_exclusive read_and_treat_AR_exclusive
read_and_treat_AR_exclusive read_and_treat_AR_exclusive
read_and_treat_AR_exclusive read_and_treat_AR_exclusive
read_and_treat_AR_exclusive_WD read_and_treat_AR_exclusive_WD
+++ working on night --- 2024-05-17 +++
read_and_treat_AR_exclusive read_and_treat_AR_exclusive
read_and_treat_AR_exclusive read_and_treat_AR_exclusive
read_and_treat_AR_exclusive_WD read_and_treat_AR_exclusive_WD
+++ working on night --- 2024-05-18 +++
read_and_treat_AR_exclusive read_and_treat_AR_exclusive
read_and_treat_AR_exclusive read_and_treat_AR_exclusive
read_and_treat_AR_exclusive_WD read_and_treat_AR_exclusive_WD
+++ working on night --- 2024-05-19 +++
read_and_treat_AR_exclusive read_and_treat_AR_exclusive
read_and_treat_AR_exclusive read_and_treat_AR_exclusive
read_and_treat_AR_exclusive_WD read_and_treat_AR_exclusive_WD
+++ working on night --- 2024-05-20 +++
grep: /home/report/DATA/DA_TRATTARE/test/night/20240520_wapor_evol_time_Height_5_20000_AR_night.dat: No such file or directory
read_and_treat_AR_exclusive read_and_treat_AR_exclusive
read_and_treat_AR_exclusive read_and_treat_AR_exclusive
read_and_treat_AR_exclusive_WD read_and_treat_AR_exclusive_WD
+++ working on night --- 2024-05-21 +++
grep: /home/report/DATA/DA_TRATTARE/test/night/20240521_wapor_evol_time_Height_5_20000_AR_night.dat: No such file or directory
read_and_treat_AR_exclusive read_and_treat_AR_exclusive
read_and_treat_AR_exclusive read_and_treat_AR_exclusive
read_and_treat_AR_exclusive_WD read_and_treat_AR_exclusive_WD
+++ working on night --- 2024-05-22 +++
read_and_treat_AR_exclusive read_and_treat_AR_exclusive
read_and_treat_AR_exclusive read_and_treat_AR_exclusive
read_and_treat_AR_exclusive read_and_treat_AR_exclusive
grep: /home/report/DATA/DA_TRATTARE/test/night/20240522_wapor_evol_time_Height_5_20000_AR_night.dat: No such file or directory
read_and_treat_AR_exclusive read_and_treat_AR_exclusive
read_and_treat_AR_exclusive read_and_treat_AR_exclusive
read_and_treat_AR_exclusive_WD read_and_treat_AR_exclusive_WD
+++ working on night --- 2024-05-23 +++
read_and_treat_AR_exclusive read_and_treat_AR_exclusive
read_and_treat_AR_exclusive read_and_treat_AR_exclusive
read_and_treat_AR_exclusive read_and_treat_AR_exclusive
grep: /home/report/DATA/DA_TRATTARE/test/night/20240523_wapor_evol_time_Height_5_20000_AR_night.dat: No such file or directory
read_and_treat_AR_exclusive read_and_treat_AR_exclusive
read_and_treat_AR_exclusive read_and_treat_AR_exclusive
read_and_treat_AR_exclusive_WD read_and_treat_AR_exclusive_WD
+++ working on night --- 2024-05-24 +++
read_and_treat_AR_exclusive read_and_treat_AR_exclusive
read_and_treat_AR_exclusive read_and_treat_AR_exclusive
read_and_treat_AR_exclusive read_and_treat_AR_exclusive
grep: /home/report/DATA/DA_TRATTARE/test/night/20240524_wapor_evol_time_Height_5_20000_AR_night.dat: No such file or directory
read_and_treat_AR_exclusive read_and_treat_AR_exclusive
read_and_treat_AR_exclusive read_and_treat_AR_exclusive
read_and_treat_AR_exclusive_WD read_and_treat_AR_exclusive_WD
+++ working on night --- 2024-05-25 +++
read_and_treat_AR_exclusive read_and_treat_AR_exclusive
read_and_treat_AR_exclusive read_and_treat_AR_exclusive
read_and_treat_AR_exclusive read_and_treat_AR_exclusive
read_and_treat_AR_exclusive read_and_treat_AR_exclusive
read_and_treat_AR_exclusive read_and_treat_AR_exclusive
read_and_treat_AR_exclusive_WD read_and_treat_AR_exclusive_WD
+++ working on night --- 2024-05-26 +++
read_and_treat_AR_exclusive read_and_treat_AR_exclusive
read_and_treat_AR_exclusive read_and_treat_AR_exclusive
read_and_treat_AR_exclusive read_and_treat_AR_exclusive
read_and_treat_AR_exclusive read_and_treat_AR_exclusive
read_and_treat_AR_exclusive read_and_treat_AR_exclusive
read_and_treat_AR_exclusive_WD read_and_treat_AR_exclusive_WD
+++ working on night --- 2024-05-27 +++
read_and_treat_AR_exclusive read_and_treat_AR_exclusive
read_and_treat_AR_exclusive read_and_treat_AR_exclusive
read_and_treat_AR_exclusive read_and_treat_AR_exclusive
read_and_treat_AR_exclusive read_and_treat_AR_exclusive
read_and_treat_AR_exclusive read_and_treat_AR_exclusive
read_and_treat_AR_exclusive_WD read_and_treat_AR_exclusive_WD
+++ working on night --- 2024-05-28 +++
read_and_treat_AR_exclusive read_and_treat_AR_exclusive
read_and_treat_AR_exclusive read_and_treat_AR_exclusive
read_and_treat_AR_exclusive read_and_treat_AR_exclusive
read_and_treat_AR_exclusive read_and_treat_AR_exclusive
read_and_treat_AR_exclusive read_and_treat_AR_exclusive
read_and_treat_AR_exclusive read_and_treat_AR_exclusive
read_and_treat_AR_exclusive_WD read_and_treat_AR_exclusive_WD
+++ working on night --- 2024-05-29 +++
read_and_treat_AR_exclusive read_and_treat_AR_exclusive
read_and_treat_AR_exclusive read_and_treat_AR_exclusive
read_and_treat_AR_exclusive read_and_treat_AR_exclusive
read_and_treat_AR_exclusive read_and_treat_AR_exclusive
read_and_treat_AR_exclusive read_and_treat_AR_exclusive
read_and_treat_AR_exclusive read_and_treat_AR_exclusive
read_and_treat_AR_exclusive_WD read_and_treat_AR_exclusive_WD
+++ working on night --- 2024-05-30 +++
read_and_treat_AR_exclusive read_and_treat_AR_exclusive
read_and_treat_AR_exclusive read_and_treat_AR_exclusive
read_and_treat_AR_exclusive read_and_treat_AR_exclusive
read_and_treat_AR_exclusive read_and_treat_AR_exclusive
read_and_treat_AR_exclusive read_and_treat_AR_exclusive
read_and_treat_AR_exclusive read_and_treat_AR_exclusive
read_and_treat_AR_exclusive_WD read_and_treat_AR_exclusive_WD
+++ working on night --- 2024-05-31 +++
read_and_treat_AR_exclusive read_and_treat_AR_exclusive
read_and_treat_AR_exclusive read_and_treat_AR_exclusive
read_and_treat_AR_exclusive read_and_treat_AR_exclusive
read_and_treat_AR_exclusive read_and_treat_AR_exclusive
read_and_treat_AR_exclusive read_and_treat_AR_exclusive
read_and_treat_AR_exclusive read_and_treat_AR_exclusive
read_and_treat_AR_exclusive_WD read_and_treat_AR_exclusive_WD
+++ working on night --- 2024-06-01 +++
read_and_treat_AR_exclusive read_and_treat_AR_exclusive
read_and_treat_AR_exclusive read_and_treat_AR_exclusive
read_and_treat_AR_exclusive read_and_treat_AR_exclusive
read_and_treat_AR_exclusive read_and_treat_AR_exclusive
read_and_treat_AR_exclusive read_and_treat_AR_exclusive
read_and_treat_AR_exclusive read_and_treat_AR_exclusive
read_and_treat_AR_exclusive_WD read_and_treat_AR_exclusive_WD
+++ working on night --- 2024-06-02 +++
read_and_treat_AR_exclusive read_and_treat_AR_exclusive
read_and_treat_AR_exclusive read_and_treat_AR_exclusive
read_and_treat_AR_exclusive read_and_treat_AR_exclusive
read_and_treat_AR_exclusive read_and_treat_AR_exclusive
read_and_treat_AR_exclusive read_and_treat_AR_exclusive
read_and_treat_AR_exclusive read_and_treat_AR_exclusive
read_and_treat_AR_exclusive_WD read_and_treat_AR_exclusive_WD
+++ working on night --- 2024-06-03 +++
read_and_treat_AR_exclusive read_and_treat_AR_exclusive
read_and_treat_AR_exclusive read_and_treat_AR_exclusive
read_and_treat_AR_exclusive read_and_treat_AR_exclusive
read_and_treat_AR_exclusive read_and_treat_AR_exclusive
read_and_treat_AR_exclusive read_and_treat_AR_exclusive
read_and_treat_AR_exclusive read_and_treat_AR_exclusive
read_and_treat_AR_exclusive_WD read_and_treat_AR_exclusive_WD
+++ working on night --- 2024-06-04 +++
read_and_treat_AR_exclusive read_and_treat_AR_exclusive
read_and_treat_AR_exclusive read_and_treat_AR_exclusive
read_and_treat_AR_exclusive read_and_treat_AR_exclusive
read_and_treat_AR_exclusive read_and_treat_AR_exclusive
read_and_treat_AR_exclusive read_and_treat_AR_exclusive
read_and_treat_AR_exclusive read_and_treat_AR_exclusive
read_and_treat_AR_exclusive_WD read_and_treat_AR_exclusive_WD
+++ working on night --- 2024-06-05 +++
read_and_treat_AR_exclusive read_and_treat_AR_exclusive
read_and_treat_AR_exclusive read_and_treat_AR_exclusive
read_and_treat_AR_exclusive read_and_treat_AR_exclusive
read_and_treat_AR_exclusive read_and_treat_AR_exclusive
read_and_treat_AR_exclusive read_and_treat_AR_exclusive
read_and_treat_AR_exclusive read_and_treat_AR_exclusive
read_and_treat_AR_exclusive_WD read_and_treat_AR_exclusive_WD
+++ working on night --- 2024-06-06 +++
read_and_treat_AR_exclusive read_and_treat_AR_exclusive
read_and_treat_AR_exclusive read_and_treat_AR_exclusive
read_and_treat_AR_exclusive read_and_treat_AR_exclusive
read_and_treat_AR_exclusive read_and_treat_AR_exclusive
read_and_treat_AR_exclusive read_and_treat_AR_exclusive
read_and_treat_AR_exclusive read_and_treat_AR_exclusive
read_and_treat_AR_exclusive_WD read_and_treat_AR_exclusive_WD
+++ working on night --- 2024-06-07 +++
read_and_treat_AR_exclusive read_and_treat_AR_exclusive
read_and_treat_AR_exclusive read_and_treat_AR_exclusive
read_and_treat_AR_exclusive read_and_treat_AR_exclusive
read_and_treat_AR_exclusive read_and_treat_AR_exclusive
read_and_treat_AR_exclusive read_and_treat_AR_exclusive
read_and_treat_AR_exclusive read_and_treat_AR_exclusive
read_and_treat_AR_exclusive_WD read_and_treat_AR_exclusive_WD
+++ working on night --- 2024-06-08 +++
read_and_treat_AR_exclusive read_and_treat_AR_exclusive
read_and_treat_AR_exclusive read_and_treat_AR_exclusive
read_and_treat_AR_exclusive read_and_treat_AR_exclusive
read_and_treat_AR_exclusive read_and_treat_AR_exclusive
read_and_treat_AR_exclusive read_and_treat_AR_exclusive
read_and_treat_AR_exclusive read_and_treat_AR_exclusive
read_and_treat_AR_exclusive_WD read_and_treat_AR_exclusive_WD
+++ working on night --- 2024-06-09 +++
read_and_treat_AR_exclusive read_and_treat_AR_exclusive
read_and_treat_AR_exclusive read_and_treat_AR_exclusive
read_and_treat_AR_exclusive read_and_treat_AR_exclusive
read_and_treat_AR_exclusive_WD read_and_treat_AR_exclusive_WD
+++ working on night --- 2024-06-10 +++
read_and_treat_AR_exclusive read_and_treat_AR_exclusive
read_and_treat_AR_exclusive read_and_treat_AR_exclusive
read_and_treat_AR_exclusive read_and_treat_AR_exclusive
read_and_treat_AR_exclusive_WD read_and_treat_AR_exclusive_WD
+++ working on night --- 2024-06-11 +++
read_and_treat_AR_exclusive read_and_treat_AR_exclusive
read_and_treat_AR_exclusive read_and_treat_AR_exclusive
read_and_treat_AR_exclusive read_and_treat_AR_exclusive
read_and_treat_AR_exclusive_WD read_and_treat_AR_exclusive_WD
+++ working on night --- 2024-06-12 +++
read_and_treat_AR_exclusive read_and_treat_AR_exclusive
read_and_treat_AR_exclusive read_and_treat_AR_exclusive
read_and_treat_AR_exclusive read_and_treat_AR_exclusive
read_and_treat_AR_exclusive_WD read_and_treat_AR_exclusive_WD
+++ working on night --- 2024-06-13 +++
read_and_treat_AR_exclusive read_and_treat_AR_exclusive
read_and_treat_AR_exclusive read_and_treat_AR_exclusive
read_and_treat_AR_exclusive read_and_treat_AR_exclusive
read_and_treat_AR_exclusive_WD read_and_treat_AR_exclusive_WD
+++ working on night --- 2024-06-14 +++
read_and_treat_AR_exclusive read_and_treat_AR_exclusive
read_and_treat_AR_exclusive read_and_treat_AR_exclusive
read_and_treat_AR_exclusive read_and_treat_AR_exclusive
read_and_treat_AR_exclusive_WD read_and_treat_AR_exclusive_WD
+++ working on night --- 2024-06-15 +++
read_and_treat_AR_exclusive read_and_treat_AR_exclusive
read_and_treat_AR_exclusive read_and_treat_AR_exclusive
read_and_treat_AR_exclusive read_and_treat_AR_exclusive
read_and_treat_AR_exclusive_WD read_and_treat_AR_exclusive_WD
+++ working on night --- 2024-06-16 +++
read_and_treat_AR_exclusive read_and_treat_AR_exclusive
read_and_treat_AR_exclusive read_and_treat_AR_exclusive
read_and_treat_AR_exclusive read_and_treat_AR_exclusive
read_and_treat_AR_exclusive_WD read_and_treat_AR_exclusive_WD
+++ working on night --- 2024-06-17 +++
grep: /home/report/DATA/DA_TRATTARE/test/night/20240617_tau_evol_time_Height_5_20000_AR_night.dat: No such file or directory
grep: /home/report/DATA/DA_TRATTARE/test/night/20240617_glf_evol_time_Height_5_20000_AR_night.dat: No such file or directory
read_and_treat_AR_exclusive read_and_treat_AR_exclusive
read_and_treat_AR_exclusive read_and_treat_AR_exclusive
read_and_treat_AR_exclusive read_and_treat_AR_exclusive
read_and_treat_AR_exclusive_WD read_and_treat_AR_exclusive_WD
+++ working on night --- 2024-06-18 +++
grep: /home/report/DATA/DA_TRATTARE/test/night/20240618_tau_evol_time_Height_5_20000_AR_night.dat: No such file or directory
grep: /home/report/DATA/DA_TRATTARE/test/night/20240618_glf_evol_time_Height_5_20000_AR_night.dat: No such file or directory
read_and_treat_AR_exclusive read_and_treat_AR_exclusive
read_and_treat_AR_exclusive read_and_treat_AR_exclusive
read_and_treat_AR_exclusive read_and_treat_AR_exclusive
read_and_treat_AR_exclusive_WD read_and_treat_AR_exclusive_WD
+++ working on night --- 2024-06-19 +++
read_and_treat_AR_exclusive read_and_treat_AR_exclusive
read_and_treat_AR_exclusive read_and_treat_AR_exclusive
read_and_treat_AR_exclusive read_and_treat_AR_exclusive
read_and_treat_AR_exclusive_WD read_and_treat_AR_exclusive_WD
+++ working on night --- 2024-06-20 +++
read_and_treat_AR_exclusive read_and_treat_AR_exclusive
read_and_treat_AR_exclusive read_and_treat_AR_exclusive
read_and_treat_AR_exclusive read_and_treat_AR_exclusive
read_and_treat_AR_exclusive_WD read_and_treat_AR_exclusive_WD
+++ working on night --- 2024-06-21 +++
grep: /home/report/DATA/DA_TRATTARE/test/night/20240621_tau_evol_time_Height_5_20000_AR_night.dat: No such file or directory
grep: /home/report/DATA/DA_TRATTARE/test/night/20240621_glf_evol_time_Height_5_20000_AR_night.dat: No such file or directory
read_and_treat_AR_exclusive read_and_treat_AR_exclusive
read_and_treat_AR_exclusive read_and_treat_AR_exclusive
read_and_treat_AR_exclusive read_and_treat_AR_exclusive
read_and_treat_AR_exclusive_WD read_and_treat_AR_exclusive_WD
+++ working on night --- 2024-06-22 +++
grep: /home/report/DATA/DA_TRATTARE/test/night/20240622_tau_evol_time_Height_5_20000_AR_night.dat: No such file or directory
grep: /home/report/DATA/DA_TRATTARE/test/night/20240622_glf_evol_time_Height_5_20000_AR_night.dat: No such file or directory
read_and_treat_AR_exclusive read_and_treat_AR_exclusive
read_and_treat_AR_exclusive read_and_treat_AR_exclusive
read_and_treat_AR_exclusive read_and_treat_AR_exclusive
read_and_treat_AR_exclusive_WD read_and_treat_AR_exclusive_WD
+++ working on night --- 2024-06-23 +++
grep: /home/report/DATA/DA_TRATTARE/test/night/20240623_tau_evol_time_Height_5_20000_AR_night.dat: No such file or directory
grep: /home/report/DATA/DA_TRATTARE/test/night/20240623_glf_evol_time_Height_5_20000_AR_night.dat: No such file or directory
read_and_treat_AR_exclusive read_and_treat_AR_exclusive
read_and_treat_AR_exclusive read_and_treat_AR_exclusive
read_and_treat_AR_exclusive read_and_treat_AR_exclusive
read_and_treat_AR_exclusive_WD read_and_treat_AR_exclusive_WD
+++ working on night --- 2024-06-24 +++
grep: /home/report/DATA/DA_TRATTARE/test/night/20240624_tau_evol_time_Height_5_20000_AR_night.dat: No such file or directory
grep: /home/report/DATA/DA_TRATTARE/test/night/20240624_glf_evol_time_Height_5_20000_AR_night.dat: No such file or directory
read_and_treat_AR_exclusive read_and_treat_AR_exclusive
read_and_treat_AR_exclusive read_and_treat_AR_exclusive
read_and_treat_AR_exclusive read_and_treat_AR_exclusive
read_and_treat_AR_exclusive_WD read_and_treat_AR_exclusive_WD
+++ working on night --- 2024-06-25 +++
grep: /home/report/DATA/DA_TRATTARE/test/night/20240625_tau_evol_time_Height_5_20000_AR_night.dat: No such file or directory
grep: /home/report/DATA/DA_TRATTARE/test/night/20240625_glf_evol_time_Height_5_20000_AR_night.dat: No such file or directory
read_and_treat_AR_exclusive read_and_treat_AR_exclusive
read_and_treat_AR_exclusive read_and_treat_AR_exclusive
read_and_treat_AR_exclusive read_and_treat_AR_exclusive
read_and_treat_AR_exclusive_WD read_and_treat_AR_exclusive_WD
+++ working on night --- 2024-06-26 +++
read_and_treat_AR_exclusive read_and_treat_AR_exclusive
read_and_treat_AR_exclusive read_and_treat_AR_exclusive
read_and_treat_AR_exclusive read_and_treat_AR_exclusive
read_and_treat_AR_exclusive_WD read_and_treat_AR_exclusive_WD
+++ working on night --- 2024-06-27 +++
read_and_treat_AR_exclusive read_and_treat_AR_exclusive
read_and_treat_AR_exclusive read_and_treat_AR_exclusive
read_and_treat_AR_exclusive read_and_treat_AR_exclusive
read_and_treat_AR_exclusive read_and_treat_AR_exclusive
read_and_treat_AR_exclusive_WD read_and_treat_AR_exclusive_WD
+++ working on night --- 2024-06-28 +++
read_and_treat_AR_exclusive read_and_treat_AR_exclusive
read_and_treat_AR_exclusive read_and_treat_AR_exclusive
read_and_treat_AR_exclusive read_and_treat_AR_exclusive
read_and_treat_AR_exclusive read_and_treat_AR_exclusive
read_and_treat_AR_exclusive_WD read_and_treat_AR_exclusive_WD
+++ working on night --- 2024-06-29 +++
read_and_treat_AR_exclusive read_and_treat_AR_exclusive
read_and_treat_AR_exclusive read_and_treat_AR_exclusive
read_and_treat_AR_exclusive read_and_treat_AR_exclusive
read_and_treat_AR_exclusive read_and_treat_AR_exclusive
read_and_treat_AR_exclusive read_and_treat_AR_exclusive
read_and_treat_AR_exclusive read_and_treat_AR_exclusive
read_and_treat_AR_exclusive_WD read_and_treat_AR_exclusive_WD
+++ working on night --- 2024-06-30 +++
read_and_treat_AR_exclusive read_and_treat_AR_exclusive
read_and_treat_AR_exclusive read_and_treat_AR_exclusive
read_and_treat_AR_exclusive read_and_treat_AR_exclusive
read_and_treat_AR_exclusive read_and_treat_AR_exclusive
read_and_treat_AR_exclusive read_and_treat_AR_exclusive
read_and_treat_AR_exclusive read_and_treat_AR_exclusive
read_and_treat_AR_exclusive_WD read_and_treat_AR_exclusive_WD
+++ working on night --- 2024-07-01 +++
read_and_treat_AR_exclusive read_and_treat_AR_exclusive
read_and_treat_AR_exclusive read_and_treat_AR_exclusive
read_and_treat_AR_exclusive read_and_treat_AR_exclusive
read_and_treat_AR_exclusive read_and_treat_AR_exclusive
read_and_treat_AR_exclusive read_and_treat_AR_exclusive
read_and_treat_AR_exclusive read_and_treat_AR_exclusive
read_and_treat_AR_exclusive_WD read_and_treat_AR_exclusive_WD
+++ working on night --- 2024-07-02 +++
read_and_treat_AR_exclusive read_and_treat_AR_exclusive
read_and_treat_AR_exclusive read_and_treat_AR_exclusive
read_and_treat_AR_exclusive read_and_treat_AR_exclusive
read_and_treat_AR_exclusive read_and_treat_AR_exclusive
read_and_treat_AR_exclusive read_and_treat_AR_exclusive
read_and_treat_AR_exclusive read_and_treat_AR_exclusive
read_and_treat_AR_exclusive_WD read_and_treat_AR_exclusive_WD
+++ working on night --- 2024-07-03 +++
read_and_treat_AR_exclusive read_and_treat_AR_exclusive
read_and_treat_AR_exclusive read_and_treat_AR_exclusive
read_and_treat_AR_exclusive read_and_treat_AR_exclusive
read_and_treat_AR_exclusive read_and_treat_AR_exclusive
read_and_treat_AR_exclusive read_and_treat_AR_exclusive
read_and_treat_AR_exclusive read_and_treat_AR_exclusive
read_and_treat_AR_exclusive_WD read_and_treat_AR_exclusive_WD
+++ working on night --- 2024-07-04 +++
read_and_treat_AR_exclusive read_and_treat_AR_exclusive
read_and_treat_AR_exclusive read_and_treat_AR_exclusive
read_and_treat_AR_exclusive read_and_treat_AR_exclusive
read_and_treat_AR_exclusive read_and_treat_AR_exclusive
read_and_treat_AR_exclusive read_and_treat_AR_exclusive
read_and_treat_AR_exclusive read_and_treat_AR_exclusive
read_and_treat_AR_exclusive_WD read_and_treat_AR_exclusive_WD
+++ working on night --- 2024-07-05 +++
read_and_treat_AR_exclusive read_and_treat_AR_exclusive
read_and_treat_AR_exclusive read_and_treat_AR_exclusive
read_and_treat_AR_exclusive read_and_treat_AR_exclusive
read_and_treat_AR_exclusive read_and_treat_AR_exclusive
read_and_treat_AR_exclusive read_and_treat_AR_exclusive
read_and_treat_AR_exclusive read_and_treat_AR_exclusive
read_and_treat_AR_exclusive_WD read_and_treat_AR_exclusive_WD
+++ working on night --- 2024-07-06 +++
read_and_treat_AR_exclusive read_and_treat_AR_exclusive
read_and_treat_AR_exclusive read_and_treat_AR_exclusive
read_and_treat_AR_exclusive read_and_treat_AR_exclusive
read_and_treat_AR_exclusive read_and_treat_AR_exclusive
read_and_treat_AR_exclusive read_and_treat_AR_exclusive
read_and_treat_AR_exclusive read_and_treat_AR_exclusive
read_and_treat_AR_exclusive_WD read_and_treat_AR_exclusive_WD
+++ working on night --- 2024-07-07 +++
read_and_treat_AR_exclusive read_and_treat_AR_exclusive
read_and_treat_AR_exclusive read_and_treat_AR_exclusive
read_and_treat_AR_exclusive read_and_treat_AR_exclusive
read_and_treat_AR_exclusive read_and_treat_AR_exclusive
read_and_treat_AR_exclusive read_and_treat_AR_exclusive
read_and_treat_AR_exclusive read_and_treat_AR_exclusive
read_and_treat_AR_exclusive_WD read_and_treat_AR_exclusive_WD
+++ working on night --- 2024-07-08 +++
read_and_treat_AR_exclusive read_and_treat_AR_exclusive
read_and_treat_AR_exclusive read_and_treat_AR_exclusive
read_and_treat_AR_exclusive read_and_treat_AR_exclusive
read_and_treat_AR_exclusive read_and_treat_AR_exclusive
read_and_treat_AR_exclusive read_and_treat_AR_exclusive
read_and_treat_AR_exclusive read_and_treat_AR_exclusive
read_and_treat_AR_exclusive_WD read_and_treat_AR_exclusive_WD
+++ working on night --- 2024-07-09 +++
read_and_treat_AR_exclusive read_and_treat_AR_exclusive
read_and_treat_AR_exclusive read_and_treat_AR_exclusive
read_and_treat_AR_exclusive read_and_treat_AR_exclusive
read_and_treat_AR_exclusive read_and_treat_AR_exclusive
read_and_treat_AR_exclusive read_and_treat_AR_exclusive
read_and_treat_AR_exclusive read_and_treat_AR_exclusive
read_and_treat_AR_exclusive_WD read_and_treat_AR_exclusive_WD
+++ working on night --- 2024-07-10 +++
read_and_treat_AR_exclusive read_and_treat_AR_exclusive
read_and_treat_AR_exclusive read_and_treat_AR_exclusive
read_and_treat_AR_exclusive read_and_treat_AR_exclusive
read_and_treat_AR_exclusive_WD read_and_treat_AR_exclusive_WD
+++ working on night --- 2024-07-11 +++
read_and_treat_AR_exclusive read_and_treat_AR_exclusive
read_and_treat_AR_exclusive read_and_treat_AR_exclusive
read_and_treat_AR_exclusive read_and_treat_AR_exclusive
read_and_treat_AR_exclusive_WD read_and_treat_AR_exclusive_WD
+++ working on night --- 2024-07-12 +++
read_and_treat_AR_exclusive read_and_treat_AR_exclusive
read_and_treat_AR_exclusive read_and_treat_AR_exclusive
read_and_treat_AR_exclusive read_and_treat_AR_exclusive
read_and_treat_AR_exclusive_WD read_and_treat_AR_exclusive_WD
+++ working on night --- 2024-07-13 +++
read_and_treat_AR_exclusive read_and_treat_AR_exclusive
read_and_treat_AR_exclusive read_and_treat_AR_exclusive
read_and_treat_AR_exclusive read_and_treat_AR_exclusive
read_and_treat_AR_exclusive_WD read_and_treat_AR_exclusive_WD
+++ working on night --- 2024-07-14 +++
read_and_treat_AR_exclusive read_and_treat_AR_exclusive
read_and_treat_AR_exclusive read_and_treat_AR_exclusive
read_and_treat_AR_exclusive read_and_treat_AR_exclusive
read_and_treat_AR_exclusive_WD read_and_treat_AR_exclusive_WD
+++ working on night --- 2024-07-15 +++
read_and_treat_AR_exclusive read_and_treat_AR_exclusive
read_and_treat_AR_exclusive read_and_treat_AR_exclusive
read_and_treat_AR_exclusive read_and_treat_AR_exclusive
read_and_treat_AR_exclusive_WD read_and_treat_AR_exclusive_WD
+++ working on night --- 2024-07-16 +++
read_and_treat_AR_exclusive read_and_treat_AR_exclusive
read_and_treat_AR_exclusive read_and_treat_AR_exclusive
read_and_treat_AR_exclusive read_and_treat_AR_exclusive
read_and_treat_AR_exclusive read_and_treat_AR_exclusive
read_and_treat_AR_exclusive_WD read_and_treat_AR_exclusive_WD
+++ working on night --- 2024-07-17 +++
read_and_treat_AR_exclusive read_and_treat_AR_exclusive
read_and_treat_AR_exclusive read_and_treat_AR_exclusive
read_and_treat_AR_exclusive read_and_treat_AR_exclusive
read_and_treat_AR_exclusive read_and_treat_AR_exclusive
read_and_treat_AR_exclusive read_and_treat_AR_exclusive
read_and_treat_AR_exclusive read_and_treat_AR_exclusive
read_and_treat_AR_exclusive_WD read_and_treat_AR_exclusive_WD
+++ working on night --- 2024-07-18 +++
read_and_treat_AR_exclusive read_and_treat_AR_exclusive
read_and_treat_AR_exclusive read_and_treat_AR_exclusive
read_and_treat_AR_exclusive read_and_treat_AR_exclusive
read_and_treat_AR_exclusive read_and_treat_AR_exclusive
read_and_treat_AR_exclusive read_and_treat_AR_exclusive
read_and_treat_AR_exclusive read_and_treat_AR_exclusive
read_and_treat_AR_exclusive_WD read_and_treat_AR_exclusive_WD
+++ working on night --- 2024-07-19 +++
read_and_treat_AR_exclusive read_and_treat_AR_exclusive
read_and_treat_AR_exclusive read_and_treat_AR_exclusive
read_and_treat_AR_exclusive read_and_treat_AR_exclusive
read_and_treat_AR_exclusive_WD read_and_treat_AR_exclusive_WD
+++ working on night --- 2024-07-20 +++
read_and_treat_AR_exclusive read_and_treat_AR_exclusive
read_and_treat_AR_exclusive read_and_treat_AR_exclusive
read_and_treat_AR_exclusive read_and_treat_AR_exclusive
read_and_treat_AR_exclusive_WD read_and_treat_AR_exclusive_WD
+++ working on night --- 2024-07-21 +++
read_and_treat_AR_exclusive read_and_treat_AR_exclusive
read_and_treat_AR_exclusive read_and_treat_AR_exclusive
read_and_treat_AR_exclusive read_and_treat_AR_exclusive
read_and_treat_AR_exclusive_WD read_and_treat_AR_exclusive_WD
+++ working on night --- 2024-07-22 +++
grep: /home/report/DATA/DA_TRATTARE/test/night/20240722_see_evol_time_Height_5_20000_AR_night.dat: No such file or directory
grep: /home/report/DATA/DA_TRATTARE/test/night/20240722_tau_evol_time_Height_5_20000_AR_night.dat: No such file or directory
grep: /home/report/DATA/DA_TRATTARE/test/night/20240722_glf_evol_time_Height_5_20000_AR_night.dat: No such file or directory
read_and_treat_AR_exclusive read_and_treat_AR_exclusive
read_and_treat_AR_exclusive read_and_treat_AR_exclusive
read_and_treat_AR_exclusive read_and_treat_AR_exclusive
read_and_treat_AR_exclusive_WD read_and_treat_AR_exclusive_WD
+++ working on night --- 2024-07-23 +++
grep: /home/report/DATA/DA_TRATTARE/test/night/20240723_see_evol_time_Height_5_20000_AR_night.dat: No such file or directory
grep: /home/report/DATA/DA_TRATTARE/test/night/20240723_tau_evol_time_Height_5_20000_AR_night.dat: No such file or directory
grep: /home/report/DATA/DA_TRATTARE/test/night/20240723_glf_evol_time_Height_5_20000_AR_night.dat: No such file or directory
read_and_treat_AR_exclusive read_and_treat_AR_exclusive
read_and_treat_AR_exclusive read_and_treat_AR_exclusive
read_and_treat_AR_exclusive read_and_treat_AR_exclusive
read_and_treat_AR_exclusive_WD read_and_treat_AR_exclusive_WD
+++ working on night --- 2024-07-24 +++
grep: /home/report/DATA/DA_TRATTARE/test/night/20240724_see_evol_time_Height_5_20000_AR_night.dat: No such file or directory
grep: /home/report/DATA/DA_TRATTARE/test/night/20240724_tau_evol_time_Height_5_20000_AR_night.dat: No such file or directory
grep: /home/report/DATA/DA_TRATTARE/test/night/20240724_glf_evol_time_Height_5_20000_AR_night.dat: No such file or directory
read_and_treat_AR_exclusive read_and_treat_AR_exclusive
read_and_treat_AR_exclusive read_and_treat_AR_exclusive
read_and_treat_AR_exclusive read_and_treat_AR_exclusive
read_and_treat_AR_exclusive_WD read_and_treat_AR_exclusive_WD
+++ working on night --- 2024-07-25 +++
read_and_treat_AR_exclusive read_and_treat_AR_exclusive
read_and_treat_AR_exclusive read_and_treat_AR_exclusive
read_and_treat_AR_exclusive read_and_treat_AR_exclusive
read_and_treat_AR_exclusive_WD read_and_treat_AR_exclusive_WD
+++ working on night --- 2024-07-26 +++
read_and_treat_AR_exclusive read_and_treat_AR_exclusive
read_and_treat_AR_exclusive read_and_treat_AR_exclusive
read_and_treat_AR_exclusive read_and_treat_AR_exclusive
read_and_treat_AR_exclusive_WD read_and_treat_AR_exclusive_WD
+++ working on night --- 2024-07-27 +++
read_and_treat_AR_exclusive read_and_treat_AR_exclusive
read_and_treat_AR_exclusive read_and_treat_AR_exclusive
read_and_treat_AR_exclusive read_and_treat_AR_exclusive
read_and_treat_AR_exclusive_WD read_and_treat_AR_exclusive_WD
+++ working on night --- 2024-07-28 +++
read_and_treat_AR_exclusive read_and_treat_AR_exclusive
read_and_treat_AR_exclusive read_and_treat_AR_exclusive
read_and_treat_AR_exclusive read_and_treat_AR_exclusive
read_and_treat_AR_exclusive read_and_treat_AR_exclusive
read_and_treat_AR_exclusive read_and_treat_AR_exclusive
read_and_treat_AR_exclusive read_and_treat_AR_exclusive
read_and_treat_AR_exclusive_WD read_and_treat_AR_exclusive_WD
+++ working on night --- 2024-07-29 +++
read_and_treat_AR_exclusive read_and_treat_AR_exclusive
read_and_treat_AR_exclusive read_and_treat_AR_exclusive
read_and_treat_AR_exclusive read_and_treat_AR_exclusive
read_and_treat_AR_exclusive read_and_treat_AR_exclusive
read_and_treat_AR_exclusive read_and_treat_AR_exclusive
read_and_treat_AR_exclusive read_and_treat_AR_exclusive
read_and_treat_AR_exclusive_WD read_and_treat_AR_exclusive_WD
+++ working on night --- 2024-07-30 +++
read_and_treat_AR_exclusive read_and_treat_AR_exclusive
read_and_treat_AR_exclusive read_and_treat_AR_exclusive
read_and_treat_AR_exclusive read_and_treat_AR_exclusive
read_and_treat_AR_exclusive read_and_treat_AR_exclusive
read_and_treat_AR_exclusive read_and_treat_AR_exclusive
read_and_treat_AR_exclusive read_and_treat_AR_exclusive
read_and_treat_AR_exclusive_WD read_and_treat_AR_exclusive_WD
+++ working on night --- 2024-07-31 +++
read_and_treat_AR_exclusive read_and_treat_AR_exclusive
read_and_treat_AR_exclusive read_and_treat_AR_exclusive
read_and_treat_AR_exclusive read_and_treat_AR_exclusive
read_and_treat_AR_exclusive read_and_treat_AR_exclusive
read_and_treat_AR_exclusive read_and_treat_AR_exclusive
read_and_treat_AR_exclusive read_and_treat_AR_exclusive
read_and_treat_AR_exclusive_WD read_and_treat_AR_exclusive_WD
+++ working on night --- 2024-08-01 +++
read_and_treat_AR_exclusive read_and_treat_AR_exclusive
read_and_treat_AR_exclusive read_and_treat_AR_exclusive
read_and_treat_AR_exclusive read_and_treat_AR_exclusive
read_and_treat_AR_exclusive_WD read_and_treat_AR_exclusive_WD
+++ working on night --- 2024-08-02 +++
read_and_treat_AR_exclusive read_and_treat_AR_exclusive
read_and_treat_AR_exclusive read_and_treat_AR_exclusive
read_and_treat_AR_exclusive read_and_treat_AR_exclusive
read_and_treat_AR_exclusive_WD read_and_treat_AR_exclusive_WD
+++ working on night --- 2024-08-03 +++
read_and_treat_AR_exclusive read_and_treat_AR_exclusive
read_and_treat_AR_exclusive read_and_treat_AR_exclusive
read_and_treat_AR_exclusive read_and_treat_AR_exclusive
read_and_treat_AR_exclusive_WD read_and_treat_AR_exclusive_WD
+++ working on night --- 2024-08-04 +++
read_and_treat_AR_exclusive read_and_treat_AR_exclusive
read_and_treat_AR_exclusive read_and_treat_AR_exclusive
read_and_treat_AR_exclusive read_and_treat_AR_exclusive
read_and_treat_AR_exclusive_WD read_and_treat_AR_exclusive_WD
+++ working on night --- 2024-08-05 +++
read_and_treat_AR_exclusive read_and_treat_AR_exclusive
read_and_treat_AR_exclusive read_and_treat_AR_exclusive
read_and_treat_AR_exclusive read_and_treat_AR_exclusive
read_and_treat_AR_exclusive_WD read_and_treat_AR_exclusive_WD
+++ working on night --- 2024-08-06 +++
read_and_treat_AR_exclusive read_and_treat_AR_exclusive
read_and_treat_AR_exclusive read_and_treat_AR_exclusive
read_and_treat_AR_exclusive read_and_treat_AR_exclusive
read_and_treat_AR_exclusive_WD read_and_treat_AR_exclusive_WD
+++ working on night --- 2024-08-07 +++
read_and_treat_AR_exclusive read_and_treat_AR_exclusive
read_and_treat_AR_exclusive read_and_treat_AR_exclusive
read_and_treat_AR_exclusive read_and_treat_AR_exclusive
read_and_treat_AR_exclusive read_and_treat_AR_exclusive
read_and_treat_AR_exclusive read_and_treat_AR_exclusive
read_and_treat_AR_exclusive read_and_treat_AR_exclusive
read_and_treat_AR_exclusive_WD read_and_treat_AR_exclusive_WD
+++ working on night --- 2024-08-08 +++
read_and_treat_AR_exclusive read_and_treat_AR_exclusive
read_and_treat_AR_exclusive read_and_treat_AR_exclusive
read_and_treat_AR_exclusive read_and_treat_AR_exclusive
read_and_treat_AR_exclusive read_and_treat_AR_exclusive
read_and_treat_AR_exclusive read_and_treat_AR_exclusive
read_and_treat_AR_exclusive read_and_treat_AR_exclusive
read_and_treat_AR_exclusive_WD read_and_treat_AR_exclusive_WD
+++ working on night --- 2024-08-09 +++
read_and_treat_AR_exclusive read_and_treat_AR_exclusive
read_and_treat_AR_exclusive read_and_treat_AR_exclusive
read_and_treat_AR_exclusive read_and_treat_AR_exclusive
read_and_treat_AR_exclusive read_and_treat_AR_exclusive
read_and_treat_AR_exclusive read_and_treat_AR_exclusive
read_and_treat_AR_exclusive read_and_treat_AR_exclusive
read_and_treat_AR_exclusive_WD read_and_treat_AR_exclusive_WD
+++ working on night --- 2024-08-10 +++
read_and_treat_AR_exclusive read_and_treat_AR_exclusive
read_and_treat_AR_exclusive read_and_treat_AR_exclusive
read_and_treat_AR_exclusive read_and_treat_AR_exclusive
read_and_treat_AR_exclusive read_and_treat_AR_exclusive
read_and_treat_AR_exclusive read_and_treat_AR_exclusive
read_and_treat_AR_exclusive read_and_treat_AR_exclusive
read_and_treat_AR_exclusive_WD read_and_treat_AR_exclusive_WD
+++ working on night --- 2024-08-11 +++
read_and_treat_AR_exclusive read_and_treat_AR_exclusive
read_and_treat_AR_exclusive read_and_treat_AR_exclusive
read_and_treat_AR_exclusive read_and_treat_AR_exclusive
read_and_treat_AR_exclusive read_and_treat_AR_exclusive
read_and_treat_AR_exclusive read_and_treat_AR_exclusive
read_and_treat_AR_exclusive read_and_treat_AR_exclusive
read_and_treat_AR_exclusive_WD read_and_treat_AR_exclusive_WD
+++ working on night --- 2024-08-12 +++
read_and_treat_AR_exclusive read_and_treat_AR_exclusive
read_and_treat_AR_exclusive read_and_treat_AR_exclusive
read_and_treat_AR_exclusive read_and_treat_AR_exclusive
read_and_treat_AR_exclusive read_and_treat_AR_exclusive
read_and_treat_AR_exclusive read_and_treat_AR_exclusive
read_and_treat_AR_exclusive read_and_treat_AR_exclusive
read_and_treat_AR_exclusive_WD read_and_treat_AR_exclusive_WD
+++ working on night --- 2024-08-13 +++
read_and_treat_AR_exclusive read_and_treat_AR_exclusive
read_and_treat_AR_exclusive read_and_treat_AR_exclusive
read_and_treat_AR_exclusive read_and_treat_AR_exclusive
read_and_treat_AR_exclusive read_and_treat_AR_exclusive
read_and_treat_AR_exclusive read_and_treat_AR_exclusive
read_and_treat_AR_exclusive read_and_treat_AR_exclusive
read_and_treat_AR_exclusive_WD read_and_treat_AR_exclusive_WD
+++ working on night --- 2024-08-14 +++
read_and_treat_AR_exclusive read_and_treat_AR_exclusive
read_and_treat_AR_exclusive read_and_treat_AR_exclusive
read_and_treat_AR_exclusive read_and_treat_AR_exclusive
read_and_treat_AR_exclusive read_and_treat_AR_exclusive
read_and_treat_AR_exclusive read_and_treat_AR_exclusive
read_and_treat_AR_exclusive read_and_treat_AR_exclusive
read_and_treat_AR_exclusive_WD read_and_treat_AR_exclusive_WD
+++ working on night --- 2024-08-15 +++
read_and_treat_AR_exclusive read_and_treat_AR_exclusive
read_and_treat_AR_exclusive read_and_treat_AR_exclusive
read_and_treat_AR_exclusive read_and_treat_AR_exclusive
read_and_treat_AR_exclusive read_and_treat_AR_exclusive
read_and_treat_AR_exclusive read_and_treat_AR_exclusive
read_and_treat_AR_exclusive read_and_treat_AR_exclusive
read_and_treat_AR_exclusive_WD read_and_treat_AR_exclusive_WD
+++ working on night --- 2024-08-16 +++
read_and_treat_AR_exclusive read_and_treat_AR_exclusive
read_and_treat_AR_exclusive read_and_treat_AR_exclusive
read_and_treat_AR_exclusive read_and_treat_AR_exclusive
read_and_treat_AR_exclusive read_and_treat_AR_exclusive
read_and_treat_AR_exclusive read_and_treat_AR_exclusive
read_and_treat_AR_exclusive read_and_treat_AR_exclusive
read_and_treat_AR_exclusive_WD read_and_treat_AR_exclusive_WD
+++ working on night --- 2024-08-17 +++
read_and_treat_AR_exclusive read_and_treat_AR_exclusive
read_and_treat_AR_exclusive read_and_treat_AR_exclusive
read_and_treat_AR_exclusive read_and_treat_AR_exclusive
read_and_treat_AR_exclusive read_and_treat_AR_exclusive
read_and_treat_AR_exclusive read_and_treat_AR_exclusive
read_and_treat_AR_exclusive read_and_treat_AR_exclusive
read_and_treat_AR_exclusive_WD read_and_treat_AR_exclusive_WD
+++ working on night --- 2024-08-18 +++
read_and_treat_AR_exclusive read_and_treat_AR_exclusive
read_and_treat_AR_exclusive read_and_treat_AR_exclusive
read_and_treat_AR_exclusive read_and_treat_AR_exclusive
read_and_treat_AR_exclusive read_and_treat_AR_exclusive
read_and_treat_AR_exclusive read_and_treat_AR_exclusive
read_and_treat_AR_exclusive read_and_treat_AR_exclusive
read_and_treat_AR_exclusive_WD read_and_treat_AR_exclusive_WD
+++ working on night --- 2024-08-19 +++
read_and_treat_AR_exclusive read_and_treat_AR_exclusive
read_and_treat_AR_exclusive read_and_treat_AR_exclusive
read_and_treat_AR_exclusive read_and_treat_AR_exclusive
read_and_treat_AR_exclusive read_and_treat_AR_exclusive
read_and_treat_AR_exclusive read_and_treat_AR_exclusive
read_and_treat_AR_exclusive read_and_treat_AR_exclusive
read_and_treat_AR_exclusive_WD read_and_treat_AR_exclusive_WD
+++ working on night --- 2024-08-20 +++
read_and_treat_AR_exclusive read_and_treat_AR_exclusive
read_and_treat_AR_exclusive read_and_treat_AR_exclusive
read_and_treat_AR_exclusive read_and_treat_AR_exclusive
read_and_treat_AR_exclusive_WD read_and_treat_AR_exclusive_WD
+++ working on night --- 2024-08-21 +++
read_and_treat_AR_exclusive read_and_treat_AR_exclusive
read_and_treat_AR_exclusive read_and_treat_AR_exclusive
read_and_treat_AR_exclusive read_and_treat_AR_exclusive
read_and_treat_AR_exclusive_WD read_and_treat_AR_exclusive_WD
+++ working on night --- 2024-08-22 +++
read_and_treat_AR_exclusive read_and_treat_AR_exclusive
read_and_treat_AR_exclusive read_and_treat_AR_exclusive
read_and_treat_AR_exclusive read_and_treat_AR_exclusive
read_and_treat_AR_exclusive_WD read_and_treat_AR_exclusive_WD
+++ working on night --- 2024-08-23 +++
read_and_treat_AR_exclusive read_and_treat_AR_exclusive
read_and_treat_AR_exclusive read_and_treat_AR_exclusive
read_and_treat_AR_exclusive read_and_treat_AR_exclusive
read_and_treat_AR_exclusive_WD read_and_treat_AR_exclusive_WD
+++ working on night --- 2024-08-24 +++
read_and_treat_AR_exclusive read_and_treat_AR_exclusive
read_and_treat_AR_exclusive read_and_treat_AR_exclusive
read_and_treat_AR_exclusive read_and_treat_AR_exclusive
read_and_treat_AR_exclusive_WD read_and_treat_AR_exclusive_WD
+++ working on night --- 2024-08-25 +++
read_and_treat_AR_exclusive read_and_treat_AR_exclusive
read_and_treat_AR_exclusive read_and_treat_AR_exclusive
read_and_treat_AR_exclusive read_and_treat_AR_exclusive
read_and_treat_AR_exclusive_WD read_and_treat_AR_exclusive_WD
+++ working on night --- 2024-08-26 +++
read_and_treat_AR_exclusive read_and_treat_AR_exclusive
read_and_treat_AR_exclusive read_and_treat_AR_exclusive
read_and_treat_AR_exclusive read_and_treat_AR_exclusive
read_and_treat_AR_exclusive read_and_treat_AR_exclusive
read_and_treat_AR_exclusive read_and_treat_AR_exclusive
read_and_treat_AR_exclusive read_and_treat_AR_exclusive
read_and_treat_AR_exclusive_WD read_and_treat_AR_exclusive_WD
+++ working on night --- 2024-08-27 +++
read_and_treat_AR_exclusive read_and_treat_AR_exclusive
read_and_treat_AR_exclusive read_and_treat_AR_exclusive
read_and_treat_AR_exclusive read_and_treat_AR_exclusive
read_and_treat_AR_exclusive read_and_treat_AR_exclusive
read_and_treat_AR_exclusive read_and_treat_AR_exclusive
read_and_treat_AR_exclusive read_and_treat_AR_exclusive
read_and_treat_AR_exclusive_WD read_and_treat_AR_exclusive_WD
+++ working on night --- 2024-08-28 +++
read_and_treat_AR_exclusive read_and_treat_AR_exclusive
read_and_treat_AR_exclusive read_and_treat_AR_exclusive
read_and_treat_AR_exclusive read_and_treat_AR_exclusive
read_and_treat_AR_exclusive read_and_treat_AR_exclusive
read_and_treat_AR_exclusive read_and_treat_AR_exclusive
read_and_treat_AR_exclusive read_and_treat_AR_exclusive
read_and_treat_AR_exclusive_WD read_and_treat_AR_exclusive_WD
+++ working on night --- 2024-08-29 +++
read_and_treat_AR_exclusive read_and_treat_AR_exclusive
read_and_treat_AR_exclusive read_and_treat_AR_exclusive
read_and_treat_AR_exclusive read_and_treat_AR_exclusive
read_and_treat_AR_exclusive read_and_treat_AR_exclusive
read_and_treat_AR_exclusive read_and_treat_AR_exclusive
read_and_treat_AR_exclusive read_and_treat_AR_exclusive
read_and_treat_AR_exclusive_WD read_and_treat_AR_exclusive_WD
+++ working on night --- 2024-08-30 +++
read_and_treat_AR_exclusive read_and_treat_AR_exclusive
read_and_treat_AR_exclusive read_and_treat_AR_exclusive
read_and_treat_AR_exclusive read_and_treat_AR_exclusive
read_and_treat_AR_exclusive read_and_treat_AR_exclusive
read_and_treat_AR_exclusive read_and_treat_AR_exclusive
read_and_treat_AR_exclusive read_and_treat_AR_exclusive
read_and_treat_AR_exclusive_WD read_and_treat_AR_exclusive_WD
+++ working on night --- 2024-08-31 +++
read_and_treat_AR_exclusive read_and_treat_AR_exclusive
read_and_treat_AR_exclusive read_and_treat_AR_exclusive
read_and_treat_AR_exclusive read_and_treat_AR_exclusive
read_and_treat_AR_exclusive read_and_treat_AR_exclusive
read_and_treat_AR_exclusive read_and_treat_AR_exclusive
read_and_treat_AR_exclusive read_and_treat_AR_exclusive
read_and_treat_AR_exclusive_WD read_and_treat_AR_exclusive_WD
+++ working on night --- 2024-09-01 +++
read_and_treat_AR_exclusive read_and_treat_AR_exclusive
read_and_treat_AR_exclusive read_and_treat_AR_exclusive
read_and_treat_AR_exclusive read_and_treat_AR_exclusive
read_and_treat_AR_exclusive read_and_treat_AR_exclusive
read_and_treat_AR_exclusive read_and_treat_AR_exclusive
read_and_treat_AR_exclusive read_and_treat_AR_exclusive
read_and_treat_AR_exclusive_WD read_and_treat_AR_exclusive_WD
+++ working on night --- 2024-09-02 +++
read_and_treat_AR_exclusive read_and_treat_AR_exclusive
read_and_treat_AR_exclusive read_and_treat_AR_exclusive
read_and_treat_AR_exclusive read_and_treat_AR_exclusive
read_and_treat_AR_exclusive_WD read_and_treat_AR_exclusive_WD
+++ working on night --- 2024-09-03 +++
read_and_treat_AR_exclusive read_and_treat_AR_exclusive
read_and_treat_AR_exclusive read_and_treat_AR_exclusive
read_and_treat_AR_exclusive read_and_treat_AR_exclusive
read_and_treat_AR_exclusive_WD read_and_treat_AR_exclusive_WD
+++ working on night --- 2024-09-04 +++
read_and_treat_AR_exclusive read_and_treat_AR_exclusive
read_and_treat_AR_exclusive read_and_treat_AR_exclusive
read_and_treat_AR_exclusive read_and_treat_AR_exclusive
read_and_treat_AR_exclusive_WD read_and_treat_AR_exclusive_WD
+++ working on night --- 2024-09-05 +++
read_and_treat_AR_exclusive read_and_treat_AR_exclusive
read_and_treat_AR_exclusive read_and_treat_AR_exclusive
read_and_treat_AR_exclusive read_and_treat_AR_exclusive
read_and_treat_AR_exclusive_WD read_and_treat_AR_exclusive_WD
+++ working on night --- 2024-09-06 +++
read_and_treat_AR_exclusive read_and_treat_AR_exclusive
read_and_treat_AR_exclusive read_and_treat_AR_exclusive
read_and_treat_AR_exclusive read_and_treat_AR_exclusive
read_and_treat_AR_exclusive_WD read_and_treat_AR_exclusive_WD
+++ working on night --- 2024-09-07 +++
read_and_treat_AR_exclusive read_and_treat_AR_exclusive
read_and_treat_AR_exclusive read_and_treat_AR_exclusive
read_and_treat_AR_exclusive read_and_treat_AR_exclusive
read_and_treat_AR_exclusive_WD read_and_treat_AR_exclusive_WD
+++ working on night --- 2024-09-08 +++
read_and_treat_AR_exclusive read_and_treat_AR_exclusive
read_and_treat_AR_exclusive read_and_treat_AR_exclusive
read_and_treat_AR_exclusive read_and_treat_AR_exclusive
read_and_treat_AR_exclusive read_and_treat_AR_exclusive
read_and_treat_AR_exclusive read_and_treat_AR_exclusive
read_and_treat_AR_exclusive read_and_treat_AR_exclusive
read_and_treat_AR_exclusive_WD read_and_treat_AR_exclusive_WD
+++ working on night --- 2024-09-09 +++
read_and_treat_AR_exclusive read_and_treat_AR_exclusive
read_and_treat_AR_exclusive read_and_treat_AR_exclusive
read_and_treat_AR_exclusive read_and_treat_AR_exclusive
read_and_treat_AR_exclusive read_and_treat_AR_exclusive
read_and_treat_AR_exclusive read_and_treat_AR_exclusive
read_and_treat_AR_exclusive read_and_treat_AR_exclusive
read_and_treat_AR_exclusive_WD read_and_treat_AR_exclusive_WD
+++ working on night --- 2024-09-10 +++
read_and_treat_AR_exclusive read_and_treat_AR_exclusive
read_and_treat_AR_exclusive read_and_treat_AR_exclusive
read_and_treat_AR_exclusive read_and_treat_AR_exclusive
read_and_treat_AR_exclusive read_and_treat_AR_exclusive
read_and_treat_AR_exclusive read_and_treat_AR_exclusive
read_and_treat_AR_exclusive read_and_treat_AR_exclusive
read_and_treat_AR_exclusive_WD read_and_treat_AR_exclusive_WD
+++ working on night --- 2024-09-11 +++
read_and_treat_AR_exclusive read_and_treat_AR_exclusive
read_and_treat_AR_exclusive read_and_treat_AR_exclusive
read_and_treat_AR_exclusive read_and_treat_AR_exclusive
read_and_treat_AR_exclusive read_and_treat_AR_exclusive
read_and_treat_AR_exclusive read_and_treat_AR_exclusive
read_and_treat_AR_exclusive read_and_treat_AR_exclusive
read_and_treat_AR_exclusive_WD read_and_treat_AR_exclusive_WD
+++ working on night --- 2024-09-12 +++
read_and_treat_AR_exclusive read_and_treat_AR_exclusive
read_and_treat_AR_exclusive read_and_treat_AR_exclusive
read_and_treat_AR_exclusive read_and_treat_AR_exclusive
read_and_treat_AR_exclusive read_and_treat_AR_exclusive
read_and_treat_AR_exclusive read_and_treat_AR_exclusive
read_and_treat_AR_exclusive read_and_treat_AR_exclusive
read_and_treat_AR_exclusive_WD read_and_treat_AR_exclusive_WD
+++ working on night --- 2024-09-13 +++
read_and_treat_AR_exclusive read_and_treat_AR_exclusive
read_and_treat_AR_exclusive read_and_treat_AR_exclusive
read_and_treat_AR_exclusive read_and_treat_AR_exclusive
read_and_treat_AR_exclusive read_and_treat_AR_exclusive
read_and_treat_AR_exclusive read_and_treat_AR_exclusive
read_and_treat_AR_exclusive read_and_treat_AR_exclusive
read_and_treat_AR_exclusive_WD read_and_treat_AR_exclusive_WD
+++ working on night --- 2024-09-14 +++
read_and_treat_AR_exclusive read_and_treat_AR_exclusive
read_and_treat_AR_exclusive read_and_treat_AR_exclusive
read_and_treat_AR_exclusive read_and_treat_AR_exclusive
read_and_treat_AR_exclusive read_and_treat_AR_exclusive
read_and_treat_AR_exclusive read_and_treat_AR_exclusive
read_and_treat_AR_exclusive read_and_treat_AR_exclusive
read_and_treat_AR_exclusive_WD read_and_treat_AR_exclusive_WD
+++ working on night --- 2024-09-15 +++
read_and_treat_AR_exclusive read_and_treat_AR_exclusive
read_and_treat_AR_exclusive read_and_treat_AR_exclusive
read_and_treat_AR_exclusive read_and_treat_AR_exclusive
read_and_treat_AR_exclusive read_and_treat_AR_exclusive
read_and_treat_AR_exclusive read_and_treat_AR_exclusive
read_and_treat_AR_exclusive read_and_treat_AR_exclusive
read_and_treat_AR_exclusive_WD read_and_treat_AR_exclusive_WD
+++ working on night --- 2024-09-16 +++
read_and_treat_AR_exclusive read_and_treat_AR_exclusive
read_and_treat_AR_exclusive read_and_treat_AR_exclusive
read_and_treat_AR_exclusive read_and_treat_AR_exclusive
read_and_treat_AR_exclusive read_and_treat_AR_exclusive
read_and_treat_AR_exclusive read_and_treat_AR_exclusive
read_and_treat_AR_exclusive read_and_treat_AR_exclusive
read_and_treat_AR_exclusive_WD read_and_treat_AR_exclusive_WD
+++ working on night --- 2024-09-17 +++
read_and_treat_AR_exclusive read_and_treat_AR_exclusive
read_and_treat_AR_exclusive read_and_treat_AR_exclusive
read_and_treat_AR_exclusive read_and_treat_AR_exclusive
read_and_treat_AR_exclusive read_and_treat_AR_exclusive
read_and_treat_AR_exclusive read_and_treat_AR_exclusive
read_and_treat_AR_exclusive read_and_treat_AR_exclusive
read_and_treat_AR_exclusive_WD read_and_treat_AR_exclusive_WD
+++ working on night --- 2024-09-18 +++
read_and_treat_AR_exclusive read_and_treat_AR_exclusive
read_and_treat_AR_exclusive read_and_treat_AR_exclusive
read_and_treat_AR_exclusive read_and_treat_AR_exclusive
read_and_treat_AR_exclusive read_and_treat_AR_exclusive
read_and_treat_AR_exclusive read_and_treat_AR_exclusive
read_and_treat_AR_exclusive read_and_treat_AR_exclusive
read_and_treat_AR_exclusive_WD read_and_treat_AR_exclusive_WD
+++ working on night --- 2024-09-19 +++
read_and_treat_AR_exclusive read_and_treat_AR_exclusive
read_and_treat_AR_exclusive read_and_treat_AR_exclusive
read_and_treat_AR_exclusive read_and_treat_AR_exclusive
read_and_treat_AR_exclusive read_and_treat_AR_exclusive
read_and_treat_AR_exclusive read_and_treat_AR_exclusive
read_and_treat_AR_exclusive read_and_treat_AR_exclusive
read_and_treat_AR_exclusive_WD read_and_treat_AR_exclusive_WD
+++ working on night --- 2024-09-20 +++
read_and_treat_AR_exclusive read_and_treat_AR_exclusive
read_and_treat_AR_exclusive read_and_treat_AR_exclusive
read_and_treat_AR_exclusive read_and_treat_AR_exclusive
read_and_treat_AR_exclusive read_and_treat_AR_exclusive
read_and_treat_AR_exclusive read_and_treat_AR_exclusive
read_and_treat_AR_exclusive read_and_treat_AR_exclusive
read_and_treat_AR_exclusive_WD read_and_treat_AR_exclusive_WD
+++ working on night --- 2024-09-21 +++
read_and_treat_AR_exclusive read_and_treat_AR_exclusive
read_and_treat_AR_exclusive read_and_treat_AR_exclusive
read_and_treat_AR_exclusive read_and_treat_AR_exclusive
read_and_treat_AR_exclusive read_and_treat_AR_exclusive
read_and_treat_AR_exclusive read_and_treat_AR_exclusive
read_and_treat_AR_exclusive read_and_treat_AR_exclusive
read_and_treat_AR_exclusive_WD read_and_treat_AR_exclusive_WD
+++ working on night --- 2024-09-22 +++
read_and_treat_AR_exclusive read_and_treat_AR_exclusive
read_and_treat_AR_exclusive read_and_treat_AR_exclusive
read_and_treat_AR_exclusive read_and_treat_AR_exclusive
read_and_treat_AR_exclusive read_and_treat_AR_exclusive
read_and_treat_AR_exclusive read_and_treat_AR_exclusive
read_and_treat_AR_exclusive read_and_treat_AR_exclusive
read_and_treat_AR_exclusive_WD read_and_treat_AR_exclusive_WD
+++ working on night --- 2024-09-23 +++
read_and_treat_AR_exclusive read_and_treat_AR_exclusive
read_and_treat_AR_exclusive read_and_treat_AR_exclusive
read_and_treat_AR_exclusive read_and_treat_AR_exclusive
read_and_treat_AR_exclusive read_and_treat_AR_exclusive
read_and_treat_AR_exclusive read_and_treat_AR_exclusive
read_and_treat_AR_exclusive read_and_treat_AR_exclusive
read_and_treat_AR_exclusive_WD read_and_treat_AR_exclusive_WD
+++ working on night --- 2024-09-24 +++
read_and_treat_AR_exclusive read_and_treat_AR_exclusive
read_and_treat_AR_exclusive read_and_treat_AR_exclusive
read_and_treat_AR_exclusive read_and_treat_AR_exclusive
read_and_treat_AR_exclusive read_and_treat_AR_exclusive
read_and_treat_AR_exclusive read_and_treat_AR_exclusive
read_and_treat_AR_exclusive read_and_treat_AR_exclusive
read_and_treat_AR_exclusive_WD read_and_treat_AR_exclusive_WD
+++ working on night --- 2024-09-25 +++
read_and_treat_AR_exclusive read_and_treat_AR_exclusive
read_and_treat_AR_exclusive read_and_treat_AR_exclusive
read_and_treat_AR_exclusive read_and_treat_AR_exclusive
read_and_treat_AR_exclusive read_and_treat_AR_exclusive
read_and_treat_AR_exclusive read_and_treat_AR_exclusive
read_and_treat_AR_exclusive read_and_treat_AR_exclusive
read_and_treat_AR_exclusive_WD read_and_treat_AR_exclusive_WD
+++ working on night --- 2024-09-26 +++
read_and_treat_AR_exclusive read_and_treat_AR_exclusive
read_and_treat_AR_exclusive read_and_treat_AR_exclusive
read_and_treat_AR_exclusive read_and_treat_AR_exclusive
read_and_treat_AR_exclusive read_and_treat_AR_exclusive
read_and_treat_AR_exclusive read_and_treat_AR_exclusive
read_and_treat_AR_exclusive read_and_treat_AR_exclusive
read_and_treat_AR_exclusive_WD read_and_treat_AR_exclusive_WD
+++ working on night --- 2024-09-27 +++
read_and_treat_AR_exclusive read_and_treat_AR_exclusive
read_and_treat_AR_exclusive read_and_treat_AR_exclusive
read_and_treat_AR_exclusive read_and_treat_AR_exclusive
read_and_treat_AR_exclusive read_and_treat_AR_exclusive
read_and_treat_AR_exclusive read_and_treat_AR_exclusive
read_and_treat_AR_exclusive read_and_treat_AR_exclusive
read_and_treat_AR_exclusive_WD read_and_treat_AR_exclusive_WD
+++ working on night --- 2024-09-28 +++
read_and_treat_AR_exclusive read_and_treat_AR_exclusive
read_and_treat_AR_exclusive read_and_treat_AR_exclusive
read_and_treat_AR_exclusive read_and_treat_AR_exclusive
read_and_treat_AR_exclusive read_and_treat_AR_exclusive
read_and_treat_AR_exclusive read_and_treat_AR_exclusive
read_and_treat_AR_exclusive read_and_treat_AR_exclusive
read_and_treat_AR_exclusive_WD read_and_treat_AR_exclusive_WD
+++ working on night --- 2024-09-29 +++
read_and_treat_AR_exclusive read_and_treat_AR_exclusive
read_and_treat_AR_exclusive read_and_treat_AR_exclusive
read_and_treat_AR_exclusive read_and_treat_AR_exclusive
read_and_treat_AR_exclusive read_and_treat_AR_exclusive
read_and_treat_AR_exclusive read_and_treat_AR_exclusive
read_and_treat_AR_exclusive read_and_treat_AR_exclusive
read_and_treat_AR_exclusive_WD read_and_treat_AR_exclusive_WD
+++ working on night --- 2024-09-30 +++
read_and_treat_AR_exclusive read_and_treat_AR_exclusive
read_and_treat_AR_exclusive read_and_treat_AR_exclusive
read_and_treat_AR_exclusive read_and_treat_AR_exclusive
read_and_treat_AR_exclusive read_and_treat_AR_exclusive
read_and_treat_AR_exclusive read_and_treat_AR_exclusive
read_and_treat_AR_exclusive read_and_treat_AR_exclusive
read_and_treat_AR_exclusive_WD read_and_treat_AR_exclusive_WD
+++ working on night --- 2024-10-01 +++
read_and_treat_AR_exclusive read_and_treat_AR_exclusive
read_and_treat_AR_exclusive read_and_treat_AR_exclusive
read_and_treat_AR_exclusive read_and_treat_AR_exclusive
read_and_treat_AR_exclusive read_and_treat_AR_exclusive
read_and_treat_AR_exclusive read_and_treat_AR_exclusive
read_and_treat_AR_exclusive read_and_treat_AR_exclusive
read_and_treat_AR_exclusive_WD read_and_treat_AR_exclusive_WD
+++ working on night --- 2024-10-02 +++
read_and_treat_AR_exclusive read_and_treat_AR_exclusive
read_and_treat_AR_exclusive read_and_treat_AR_exclusive
read_and_treat_AR_exclusive read_and_treat_AR_exclusive
read_and_treat_AR_exclusive read_and_treat_AR_exclusive
read_and_treat_AR_exclusive read_and_treat_AR_exclusive
read_and_treat_AR_exclusive read_and_treat_AR_exclusive
read_and_treat_AR_exclusive_WD read_and_treat_AR_exclusive_WD
+++ working on night --- 2024-10-03 +++
read_and_treat_AR_exclusive read_and_treat_AR_exclusive
read_and_treat_AR_exclusive read_and_treat_AR_exclusive
read_and_treat_AR_exclusive read_and_treat_AR_exclusive
read_and_treat_AR_exclusive read_and_treat_AR_exclusive
read_and_treat_AR_exclusive read_and_treat_AR_exclusive
read_and_treat_AR_exclusive read_and_treat_AR_exclusive
read_and_treat_AR_exclusive_WD read_and_treat_AR_exclusive_WD
+++ working on night --- 2024-10-04 +++
read_and_treat_AR_exclusive read_and_treat_AR_exclusive
read_and_treat_AR_exclusive read_and_treat_AR_exclusive
read_and_treat_AR_exclusive read_and_treat_AR_exclusive
read_and_treat_AR_exclusive read_and_treat_AR_exclusive
read_and_treat_AR_exclusive read_and_treat_AR_exclusive
read_and_treat_AR_exclusive read_and_treat_AR_exclusive
read_and_treat_AR_exclusive_WD read_and_treat_AR_exclusive_WD
+++ working on night --- 2024-10-05 +++
read_and_treat_AR_exclusive read_and_treat_AR_exclusive
read_and_treat_AR_exclusive read_and_treat_AR_exclusive
read_and_treat_AR_exclusive read_and_treat_AR_exclusive
read_and_treat_AR_exclusive read_and_treat_AR_exclusive
read_and_treat_AR_exclusive read_and_treat_AR_exclusive
read_and_treat_AR_exclusive read_and_treat_AR_exclusive
read_and_treat_AR_exclusive_WD read_and_treat_AR_exclusive_WD
+++ working on night --- 2024-10-06 +++
read_and_treat_AR_exclusive read_and_treat_AR_exclusive
read_and_treat_AR_exclusive read_and_treat_AR_exclusive
read_and_treat_AR_exclusive read_and_treat_AR_exclusive
read_and_treat_AR_exclusive_WD read_and_treat_AR_exclusive_WD
+++ working on night --- 2024-10-07 +++
read_and_treat_AR_exclusive read_and_treat_AR_exclusive
read_and_treat_AR_exclusive read_and_treat_AR_exclusive
read_and_treat_AR_exclusive read_and_treat_AR_exclusive
read_and_treat_AR_exclusive_WD read_and_treat_AR_exclusive_WD
+++ working on night --- 2024-10-08 +++
read_and_treat_AR_exclusive read_and_treat_AR_exclusive
read_and_treat_AR_exclusive read_and_treat_AR_exclusive
read_and_treat_AR_exclusive read_and_treat_AR_exclusive
read_and_treat_AR_exclusive_WD read_and_treat_AR_exclusive_WD
+++ working on night --- 2024-10-09 +++
read_and_treat_AR_exclusive read_and_treat_AR_exclusive
read_and_treat_AR_exclusive read_and_treat_AR_exclusive
read_and_treat_AR_exclusive read_and_treat_AR_exclusive
read_and_treat_AR_exclusive_WD read_and_treat_AR_exclusive_WD
+++ working on night --- 2024-10-10 +++
read_and_treat_AR_exclusive read_and_treat_AR_exclusive
read_and_treat_AR_exclusive read_and_treat_AR_exclusive
read_and_treat_AR_exclusive read_and_treat_AR_exclusive
read_and_treat_AR_exclusive_WD read_and_treat_AR_exclusive_WD
+++ working on night --- 2024-10-11 +++
read_and_treat_AR_exclusive read_and_treat_AR_exclusive
read_and_treat_AR_exclusive read_and_treat_AR_exclusive
read_and_treat_AR_exclusive read_and_treat_AR_exclusive
read_and_treat_AR_exclusive_WD read_and_treat_AR_exclusive_WD
+++ working on night --- 2024-10-13 +++
+++ working on night --- 2024-10-14 +++
+++ working on night --- 2024-10-15 +++
+++ working on night --- 2024-10-16 +++
+++ working on night --- 2024-10-17 +++
+++ working on night --- 2024-10-18 +++
read_and_treat_AR_exclusive read_and_treat_AR_exclusive
read_and_treat_AR_exclusive read_and_treat_AR_exclusive
read_and_treat_AR_exclusive read_and_treat_AR_exclusive
read_and_treat_AR_exclusive read_and_treat_AR_exclusive
read_and_treat_AR_exclusive read_and_treat_AR_exclusive
read_and_treat_AR_exclusive read_and_treat_AR_exclusive
read_and_treat_AR_exclusive_WD read_and_treat_AR_exclusive_WD
+++ working on night --- 2024-10-19 +++
read_and_treat_AR_exclusive read_and_treat_AR_exclusive
read_and_treat_AR_exclusive read_and_treat_AR_exclusive
read_and_treat_AR_exclusive read_and_treat_AR_exclusive
read_and_treat_AR_exclusive read_and_treat_AR_exclusive
read_and_treat_AR_exclusive read_and_treat_AR_exclusive
read_and_treat_AR_exclusive read_and_treat_AR_exclusive
read_and_treat_AR_exclusive_WD read_and_treat_AR_exclusive_WD
+++ working on night --- 2024-10-20 +++
read_and_treat_AR_exclusive read_and_treat_AR_exclusive
read_and_treat_AR_exclusive read_and_treat_AR_exclusive
read_and_treat_AR_exclusive read_and_treat_AR_exclusive
read_and_treat_AR_exclusive read_and_treat_AR_exclusive
read_and_treat_AR_exclusive read_and_treat_AR_exclusive
read_and_treat_AR_exclusive read_and_treat_AR_exclusive
read_and_treat_AR_exclusive_WD read_and_treat_AR_exclusive_WD
+++ working on night --- 2024-10-21 +++
read_and_treat_AR_exclusive read_and_treat_AR_exclusive
read_and_treat_AR_exclusive read_and_treat_AR_exclusive
read_and_treat_AR_exclusive read_and_treat_AR_exclusive
read_and_treat_AR_exclusive read_and_treat_AR_exclusive
read_and_treat_AR_exclusive read_and_treat_AR_exclusive
read_and_treat_AR_exclusive read_and_treat_AR_exclusive
read_and_treat_AR_exclusive_WD read_and_treat_AR_exclusive_WD
+++ working on night --- 2024-10-22 +++
read_and_treat_AR_exclusive read_and_treat_AR_exclusive
read_and_treat_AR_exclusive read_and_treat_AR_exclusive
read_and_treat_AR_exclusive read_and_treat_AR_exclusive
read_and_treat_AR_exclusive read_and_treat_AR_exclusive
read_and_treat_AR_exclusive read_and_treat_AR_exclusive
read_and_treat_AR_exclusive read_and_treat_AR_exclusive
read_and_treat_AR_exclusive_WD read_and_treat_AR_exclusive_WD
+++ working on night --- 2024-10-23 +++
read_and_treat_AR_exclusive read_and_treat_AR_exclusive
read_and_treat_AR_exclusive read_and_treat_AR_exclusive
read_and_treat_AR_exclusive read_and_treat_AR_exclusive
read_and_treat_AR_exclusive read_and_treat_AR_exclusive
read_and_treat_AR_exclusive read_and_treat_AR_exclusive
read_and_treat_AR_exclusive read_and_treat_AR_exclusive
read_and_treat_AR_exclusive_WD read_and_treat_AR_exclusive_WD
+++ working on night --- 2024-10-24 +++
read_and_treat_AR_exclusive read_and_treat_AR_exclusive
read_and_treat_AR_exclusive read_and_treat_AR_exclusive
read_and_treat_AR_exclusive read_and_treat_AR_exclusive
read_and_treat_AR_exclusive read_and_treat_AR_exclusive
read_and_treat_AR_exclusive read_and_treat_AR_exclusive
read_and_treat_AR_exclusive read_and_treat_AR_exclusive
read_and_treat_AR_exclusive_WD read_and_treat_AR_exclusive_WD
+++ working on night --- 2024-10-25 +++
read_and_treat_AR_exclusive read_and_treat_AR_exclusive
read_and_treat_AR_exclusive read_and_treat_AR_exclusive
read_and_treat_AR_exclusive read_and_treat_AR_exclusive
read_and_treat_AR_exclusive read_and_treat_AR_exclusive
read_and_treat_AR_exclusive read_and_treat_AR_exclusive
read_and_treat_AR_exclusive read_and_treat_AR_exclusive
read_and_treat_AR_exclusive_WD read_and_treat_AR_exclusive_WD
+++ working on night --- 2024-10-26 +++
read_and_treat_AR_exclusive read_and_treat_AR_exclusive
read_and_treat_AR_exclusive read_and_treat_AR_exclusive
read_and_treat_AR_exclusive read_and_treat_AR_exclusive
read_and_treat_AR_exclusive read_and_treat_AR_exclusive
read_and_treat_AR_exclusive read_and_treat_AR_exclusive
read_and_treat_AR_exclusive read_and_treat_AR_exclusive
read_and_treat_AR_exclusive_WD read_and_treat_AR_exclusive_WD
+++ working on night --- 2024-10-27 +++
read_and_treat_AR_exclusive read_and_treat_AR_exclusive
read_and_treat_AR_exclusive read_and_treat_AR_exclusive
read_and_treat_AR_exclusive read_and_treat_AR_exclusive
read_and_treat_AR_exclusive read_and_treat_AR_exclusive
read_and_treat_AR_exclusive read_and_treat_AR_exclusive
read_and_treat_AR_exclusive read_and_treat_AR_exclusive
read_and_treat_AR_exclusive_WD read_and_treat_AR_exclusive_WD
+++ working on night --- 2024-10-28 +++
read_and_treat_AR_exclusive read_and_treat_AR_exclusive
read_and_treat_AR_exclusive read_and_treat_AR_exclusive
read_and_treat_AR_exclusive read_and_treat_AR_exclusive
read_and_treat_AR_exclusive read_and_treat_AR_exclusive
read_and_treat_AR_exclusive read_and_treat_AR_exclusive
read_and_treat_AR_exclusive read_and_treat_AR_exclusive
read_and_treat_AR_exclusive_WD read_and_treat_AR_exclusive_WD
+++ working on night --- 2024-10-29 +++
read_and_treat_AR_exclusive read_and_treat_AR_exclusive
read_and_treat_AR_exclusive read_and_treat_AR_exclusive
read_and_treat_AR_exclusive read_and_treat_AR_exclusive
read_and_treat_AR_exclusive read_and_treat_AR_exclusive
read_and_treat_AR_exclusive read_and_treat_AR_exclusive
read_and_treat_AR_exclusive read_and_treat_AR_exclusive
read_and_treat_AR_exclusive_WD read_and_treat_AR_exclusive_WD
+++ working on night --- 2024-10-30 +++
read_and_treat_AR_exclusive read_and_treat_AR_exclusive
read_and_treat_AR_exclusive read_and_treat_AR_exclusive
read_and_treat_AR_exclusive read_and_treat_AR_exclusive
read_and_treat_AR_exclusive read_and_treat_AR_exclusive
read_and_treat_AR_exclusive read_and_treat_AR_exclusive
read_and_treat_AR_exclusive read_and_treat_AR_exclusive
read_and_treat_AR_exclusive_WD read_and_treat_AR_exclusive_WD
+++ working on night --- 2024-10-31 +++
read_and_treat_AR_exclusive read_and_treat_AR_exclusive
read_and_treat_AR_exclusive read_and_treat_AR_exclusive
read_and_treat_AR_exclusive read_and_treat_AR_exclusive
read_and_treat_AR_exclusive read_and_treat_AR_exclusive
read_and_treat_AR_exclusive read_and_treat_AR_exclusive
read_and_treat_AR_exclusive read_and_treat_AR_exclusive
read_and_treat_AR_exclusive_WD read_and_treat_AR_exclusive_WD
+++ working on night --- 2024-11-01 +++
read_and_treat_AR_exclusive read_and_treat_AR_exclusive
read_and_treat_AR_exclusive read_and_treat_AR_exclusive
read_and_treat_AR_exclusive read_and_treat_AR_exclusive
read_and_treat_AR_exclusive read_and_treat_AR_exclusive
read_and_treat_AR_exclusive read_and_treat_AR_exclusive
read_and_treat_AR_exclusive read_and_treat_AR_exclusive
read_and_treat_AR_exclusive_WD read_and_treat_AR_exclusive_WD
+++ working on night --- 2024-11-02 +++
read_and_treat_AR_exclusive read_and_treat_AR_exclusive
read_and_treat_AR_exclusive read_and_treat_AR_exclusive
read_and_treat_AR_exclusive read_and_treat_AR_exclusive
read_and_treat_AR_exclusive read_and_treat_AR_exclusive
read_and_treat_AR_exclusive read_and_treat_AR_exclusive
read_and_treat_AR_exclusive read_and_treat_AR_exclusive
read_and_treat_AR_exclusive_WD read_and_treat_AR_exclusive_WD
+++ working on night --- 2024-11-03 +++
read_and_treat_AR_exclusive read_and_treat_AR_exclusive
read_and_treat_AR_exclusive read_and_treat_AR_exclusive
read_and_treat_AR_exclusive read_and_treat_AR_exclusive
read_and_treat_AR_exclusive read_and_treat_AR_exclusive
read_and_treat_AR_exclusive read_and_treat_AR_exclusive
read_and_treat_AR_exclusive read_and_treat_AR_exclusive
read_and_treat_AR_exclusive_WD read_and_treat_AR_exclusive_WD
+++ working on night --- 2024-11-04 +++
read_and_treat_AR_exclusive read_and_treat_AR_exclusive
read_and_treat_AR_exclusive read_and_treat_AR_exclusive
read_and_treat_AR_exclusive read_and_treat_AR_exclusive
read_and_treat_AR_exclusive read_and_treat_AR_exclusive
read_and_treat_AR_exclusive read_and_treat_AR_exclusive
read_and_treat_AR_exclusive read_and_treat_AR_exclusive
read_and_treat_AR_exclusive_WD read_and_treat_AR_exclusive_WD
+++ working on night --- 2024-11-05 +++
read_and_treat_AR_exclusive read_and_treat_AR_exclusive
read_and_treat_AR_exclusive read_and_treat_AR_exclusive
read_and_treat_AR_exclusive read_and_treat_AR_exclusive
read_and_treat_AR_exclusive read_and_treat_AR_exclusive
read_and_treat_AR_exclusive read_and_treat_AR_exclusive
read_and_treat_AR_exclusive read_and_treat_AR_exclusive
read_and_treat_AR_exclusive_WD read_and_treat_AR_exclusive_WD
+++ working on night --- 2024-11-06 +++
read_and_treat_AR_exclusive read_and_treat_AR_exclusive
read_and_treat_AR_exclusive read_and_treat_AR_exclusive
read_and_treat_AR_exclusive read_and_treat_AR_exclusive
read_and_treat_AR_exclusive read_and_treat_AR_exclusive
read_and_treat_AR_exclusive read_and_treat_AR_exclusive
read_and_treat_AR_exclusive read_and_treat_AR_exclusive
read_and_treat_AR_exclusive_WD read_and_treat_AR_exclusive_WD
+++ working on night --- 2024-11-07 +++
read_and_treat_AR_exclusive read_and_treat_AR_exclusive
read_and_treat_AR_exclusive read_and_treat_AR_exclusive
read_and_treat_AR_exclusive read_and_treat_AR_exclusive
read_and_treat_AR_exclusive read_and_treat_AR_exclusive
read_and_treat_AR_exclusive read_and_treat_AR_exclusive
read_and_treat_AR_exclusive read_and_treat_AR_exclusive
read_and_treat_AR_exclusive_WD read_and_treat_AR_exclusive_WD
+++ working on night --- 2024-11-08 +++
read_and_treat_AR_exclusive read_and_treat_AR_exclusive
read_and_treat_AR_exclusive read_and_treat_AR_exclusive
read_and_treat_AR_exclusive read_and_treat_AR_exclusive
read_and_treat_AR_exclusive read_and_treat_AR_exclusive
read_and_treat_AR_exclusive read_and_treat_AR_exclusive
read_and_treat_AR_exclusive read_and_treat_AR_exclusive
read_and_treat_AR_exclusive_WD read_and_treat_AR_exclusive_WD
+++ working on night --- 2024-11-09 +++
read_and_treat_AR_exclusive read_and_treat_AR_exclusive
read_and_treat_AR_exclusive read_and_treat_AR_exclusive
read_and_treat_AR_exclusive read_and_treat_AR_exclusive
read_and_treat_AR_exclusive read_and_treat_AR_exclusive
read_and_treat_AR_exclusive read_and_treat_AR_exclusive
read_and_treat_AR_exclusive read_and_treat_AR_exclusive
read_and_treat_AR_exclusive_WD read_and_treat_AR_exclusive_WD
+++ working on night --- 2024-11-10 +++
read_and_treat_AR_exclusive read_and_treat_AR_exclusive
read_and_treat_AR_exclusive read_and_treat_AR_exclusive
read_and_treat_AR_exclusive read_and_treat_AR_exclusive
read_and_treat_AR_exclusive read_and_treat_AR_exclusive
read_and_treat_AR_exclusive read_and_treat_AR_exclusive
read_and_treat_AR_exclusive read_and_treat_AR_exclusive
read_and_treat_AR_exclusive_WD read_and_treat_AR_exclusive_WD
+++ working on night --- 2024-11-11 +++
read_and_treat_AR_exclusive read_and_treat_AR_exclusive
read_and_treat_AR_exclusive read_and_treat_AR_exclusive
read_and_treat_AR_exclusive read_and_treat_AR_exclusive
read_and_treat_AR_exclusive read_and_treat_AR_exclusive
read_and_treat_AR_exclusive read_and_treat_AR_exclusive
read_and_treat_AR_exclusive read_and_treat_AR_exclusive
read_and_treat_AR_exclusive_WD read_and_treat_AR_exclusive_WD
+++ working on night --- 2024-11-12 +++
read_and_treat_AR_exclusive read_and_treat_AR_exclusive
read_and_treat_AR_exclusive read_and_treat_AR_exclusive
read_and_treat_AR_exclusive read_and_treat_AR_exclusive
read_and_treat_AR_exclusive read_and_treat_AR_exclusive
read_and_treat_AR_exclusive read_and_treat_AR_exclusive
read_and_treat_AR_exclusive read_and_treat_AR_exclusive
read_and_treat_AR_exclusive_WD read_and_treat_AR_exclusive_WD
+++ working on night --- 2024-11-13 +++
read_and_treat_AR_exclusive read_and_treat_AR_exclusive
read_and_treat_AR_exclusive read_and_treat_AR_exclusive
read_and_treat_AR_exclusive read_and_treat_AR_exclusive
read_and_treat_AR_exclusive read_and_treat_AR_exclusive
read_and_treat_AR_exclusive read_and_treat_AR_exclusive
read_and_treat_AR_exclusive read_and_treat_AR_exclusive
read_and_treat_AR_exclusive_WD read_and_treat_AR_exclusive_WD
+++ working on night --- 2024-11-14 +++
read_and_treat_AR_exclusive read_and_treat_AR_exclusive
read_and_treat_AR_exclusive read_and_treat_AR_exclusive
read_and_treat_AR_exclusive read_and_treat_AR_exclusive
read_and_treat_AR_exclusive read_and_treat_AR_exclusive
read_and_treat_AR_exclusive read_and_treat_AR_exclusive
read_and_treat_AR_exclusive read_and_treat_AR_exclusive
read_and_treat_AR_exclusive_WD read_and_treat_AR_exclusive_WD
+++ working on night --- 2024-11-15 +++
read_and_treat_AR_exclusive read_and_treat_AR_exclusive
read_and_treat_AR_exclusive read_and_treat_AR_exclusive
read_and_treat_AR_exclusive read_and_treat_AR_exclusive
read_and_treat_AR_exclusive read_and_treat_AR_exclusive
read_and_treat_AR_exclusive read_and_treat_AR_exclusive
read_and_treat_AR_exclusive read_and_treat_AR_exclusive
read_and_treat_AR_exclusive_WD read_and_treat_AR_exclusive_WD
+++ working on night --- 2024-11-16 +++
read_and_treat_AR_exclusive read_and_treat_AR_exclusive
read_and_treat_AR_exclusive read_and_treat_AR_exclusive
read_and_treat_AR_exclusive read_and_treat_AR_exclusive
read_and_treat_AR_exclusive read_and_treat_AR_exclusive
read_and_treat_AR_exclusive read_and_treat_AR_exclusive
read_and_treat_AR_exclusive read_and_treat_AR_exclusive
read_and_treat_AR_exclusive_WD read_and_treat_AR_exclusive_WD
+++ working on night --- 2024-11-17 +++
read_and_treat_AR_exclusive read_and_treat_AR_exclusive
read_and_treat_AR_exclusive read_and_treat_AR_exclusive
read_and_treat_AR_exclusive read_and_treat_AR_exclusive
read_and_treat_AR_exclusive read_and_treat_AR_exclusive
read_and_treat_AR_exclusive read_and_treat_AR_exclusive
read_and_treat_AR_exclusive read_and_treat_AR_exclusive
read_and_treat_AR_exclusive_WD read_and_treat_AR_exclusive_WD
+++ working on night --- 2024-11-18 +++
read_and_treat_AR_exclusive read_and_treat_AR_exclusive
read_and_treat_AR_exclusive read_and_treat_AR_exclusive
read_and_treat_AR_exclusive read_and_treat_AR_exclusive
read_and_treat_AR_exclusive read_and_treat_AR_exclusive
read_and_treat_AR_exclusive read_and_treat_AR_exclusive
read_and_treat_AR_exclusive read_and_treat_AR_exclusive
read_and_treat_AR_exclusive_WD read_and_treat_AR_exclusive_WD
+++ working on night --- 2024-11-19 +++
read_and_treat_AR_exclusive read_and_treat_AR_exclusive
read_and_treat_AR_exclusive read_and_treat_AR_exclusive
read_and_treat_AR_exclusive read_and_treat_AR_exclusive
read_and_treat_AR_exclusive read_and_treat_AR_exclusive
read_and_treat_AR_exclusive read_and_treat_AR_exclusive
read_and_treat_AR_exclusive read_and_treat_AR_exclusive
read_and_treat_AR_exclusive_WD read_and_treat_AR_exclusive_WD
+++ working on night --- 2024-11-20 +++
read_and_treat_AR_exclusive read_and_treat_AR_exclusive
read_and_treat_AR_exclusive read_and_treat_AR_exclusive
read_and_treat_AR_exclusive read_and_treat_AR_exclusive
read_and_treat_AR_exclusive read_and_treat_AR_exclusive
read_and_treat_AR_exclusive read_and_treat_AR_exclusive
read_and_treat_AR_exclusive read_and_treat_AR_exclusive
read_and_treat_AR_exclusive_WD read_and_treat_AR_exclusive_WD
+++ working on night --- 2024-11-21 +++
read_and_treat_AR_exclusive read_and_treat_AR_exclusive
read_and_treat_AR_exclusive read_and_treat_AR_exclusive
read_and_treat_AR_exclusive read_and_treat_AR_exclusive
read_and_treat_AR_exclusive read_and_treat_AR_exclusive
read_and_treat_AR_exclusive read_and_treat_AR_exclusive
read_and_treat_AR_exclusive read_and_treat_AR_exclusive
read_and_treat_AR_exclusive_WD read_and_treat_AR_exclusive_WD
+++ working on night --- 2024-11-22 +++
read_and_treat_AR_exclusive read_and_treat_AR_exclusive
read_and_treat_AR_exclusive read_and_treat_AR_exclusive
read_and_treat_AR_exclusive read_and_treat_AR_exclusive
read_and_treat_AR_exclusive read_and_treat_AR_exclusive
read_and_treat_AR_exclusive read_and_treat_AR_exclusive
read_and_treat_AR_exclusive read_and_treat_AR_exclusive
read_and_treat_AR_exclusive_WD read_and_treat_AR_exclusive_WD
+++ working on night --- 2024-11-23 +++
read_and_treat_AR_exclusive read_and_treat_AR_exclusive
read_and_treat_AR_exclusive read_and_treat_AR_exclusive
read_and_treat_AR_exclusive read_and_treat_AR_exclusive
read_and_treat_AR_exclusive read_and_treat_AR_exclusive
read_and_treat_AR_exclusive read_and_treat_AR_exclusive
read_and_treat_AR_exclusive read_and_treat_AR_exclusive
read_and_treat_AR_exclusive_WD read_and_treat_AR_exclusive_WD
+++ working on night --- 2024-11-24 +++
read_and_treat_AR_exclusive read_and_treat_AR_exclusive
read_and_treat_AR_exclusive read_and_treat_AR_exclusive
read_and_treat_AR_exclusive read_and_treat_AR_exclusive
read_and_treat_AR_exclusive read_and_treat_AR_exclusive
read_and_treat_AR_exclusive read_and_treat_AR_exclusive
read_and_treat_AR_exclusive read_and_treat_AR_exclusive
read_and_treat_AR_exclusive_WD read_and_treat_AR_exclusive_WD
+++ working on night --- 2024-11-25 +++
read_and_treat_AR_exclusive read_and_treat_AR_exclusive
read_and_treat_AR_exclusive read_and_treat_AR_exclusive
read_and_treat_AR_exclusive read_and_treat_AR_exclusive
read_and_treat_AR_exclusive read_and_treat_AR_exclusive
read_and_treat_AR_exclusive read_and_treat_AR_exclusive
read_and_treat_AR_exclusive read_and_treat_AR_exclusive
read_and_treat_AR_exclusive_WD read_and_treat_AR_exclusive_WD
+++ working on night --- 2024-11-26 +++
read_and_treat_AR_exclusive read_and_treat_AR_exclusive
read_and_treat_AR_exclusive read_and_treat_AR_exclusive
read_and_treat_AR_exclusive read_and_treat_AR_exclusive
read_and_treat_AR_exclusive read_and_treat_AR_exclusive
read_and_treat_AR_exclusive read_and_treat_AR_exclusive
read_and_treat_AR_exclusive read_and_treat_AR_exclusive
read_and_treat_AR_exclusive_WD read_and_treat_AR_exclusive_WD
+++ working on night --- 2024-11-27 +++
read_and_treat_AR_exclusive read_and_treat_AR_exclusive
read_and_treat_AR_exclusive read_and_treat_AR_exclusive
read_and_treat_AR_exclusive read_and_treat_AR_exclusive
read_and_treat_AR_exclusive read_and_treat_AR_exclusive
read_and_treat_AR_exclusive read_and_treat_AR_exclusive
read_and_treat_AR_exclusive read_and_treat_AR_exclusive
read_and_treat_AR_exclusive_WD read_and_treat_AR_exclusive_WD
+++ working on night --- 2024-11-28 +++
read_and_treat_AR_exclusive read_and_treat_AR_exclusive
read_and_treat_AR_exclusive read_and_treat_AR_exclusive
read_and_treat_AR_exclusive read_and_treat_AR_exclusive
read_and_treat_AR_exclusive read_and_treat_AR_exclusive
read_and_treat_AR_exclusive read_and_treat_AR_exclusive
read_and_treat_AR_exclusive read_and_treat_AR_exclusive
read_and_treat_AR_exclusive_WD read_and_treat_AR_exclusive_WD
+++ working on night --- 2024-11-29 +++
read_and_treat_AR_exclusive read_and_treat_AR_exclusive
read_and_treat_AR_exclusive read_and_treat_AR_exclusive
read_and_treat_AR_exclusive read_and_treat_AR_exclusive
read_and_treat_AR_exclusive read_and_treat_AR_exclusive
read_and_treat_AR_exclusive read_and_treat_AR_exclusive
read_and_treat_AR_exclusive read_and_treat_AR_exclusive
read_and_treat_AR_exclusive_WD read_and_treat_AR_exclusive_WD
+++ working on night --- 2024-11-30 +++
read_and_treat_AR_exclusive read_and_treat_AR_exclusive
read_and_treat_AR_exclusive read_and_treat_AR_exclusive
read_and_treat_AR_exclusive read_and_treat_AR_exclusive
read_and_treat_AR_exclusive read_and_treat_AR_exclusive
read_and_treat_AR_exclusive read_and_treat_AR_exclusive
read_and_treat_AR_exclusive read_and_treat_AR_exclusive
read_and_treat_AR_exclusive_WD read_and_treat_AR_exclusive_WD
+++ working on night --- 2024-12-01 +++
read_and_treat_AR_exclusive read_and_treat_AR_exclusive
read_and_treat_AR_exclusive read_and_treat_AR_exclusive
read_and_treat_AR_exclusive read_and_treat_AR_exclusive
read_and_treat_AR_exclusive read_and_treat_AR_exclusive
read_and_treat_AR_exclusive read_and_treat_AR_exclusive
read_and_treat_AR_exclusive read_and_treat_AR_exclusive
read_and_treat_AR_exclusive_WD read_and_treat_AR_exclusive_WD
+++ working on night --- 2024-12-02 +++
read_and_treat_AR_exclusive read_and_treat_AR_exclusive
read_and_treat_AR_exclusive read_and_treat_AR_exclusive
read_and_treat_AR_exclusive read_and_treat_AR_exclusive
read_and_treat_AR_exclusive read_and_treat_AR_exclusive
read_and_treat_AR_exclusive read_and_treat_AR_exclusive
read_and_treat_AR_exclusive read_and_treat_AR_exclusive
read_and_treat_AR_exclusive_WD read_and_treat_AR_exclusive_WD
+++ working on night --- 2024-12-03 +++
read_and_treat_AR_exclusive read_and_treat_AR_exclusive
read_and_treat_AR_exclusive read_and_treat_AR_exclusive
read_and_treat_AR_exclusive read_and_treat_AR_exclusive
read_and_treat_AR_exclusive read_and_treat_AR_exclusive
read_and_treat_AR_exclusive read_and_treat_AR_exclusive
read_and_treat_AR_exclusive read_and_treat_AR_exclusive
read_and_treat_AR_exclusive_WD read_and_treat_AR_exclusive_WD
+++ working on night --- 2024-12-04 +++
read_and_treat_AR_exclusive read_and_treat_AR_exclusive
read_and_treat_AR_exclusive read_and_treat_AR_exclusive
read_and_treat_AR_exclusive read_and_treat_AR_exclusive
read_and_treat_AR_exclusive read_and_treat_AR_exclusive
read_and_treat_AR_exclusive read_and_treat_AR_exclusive
read_and_treat_AR_exclusive read_and_treat_AR_exclusive
read_and_treat_AR_exclusive_WD read_and_treat_AR_exclusive_WD
+++ working on night --- 2024-12-05 +++
read_and_treat_AR_exclusive read_and_treat_AR_exclusive
read_and_treat_AR_exclusive read_and_treat_AR_exclusive
read_and_treat_AR_exclusive read_and_treat_AR_exclusive
read_and_treat_AR_exclusive read_and_treat_AR_exclusive
read_and_treat_AR_exclusive read_and_treat_AR_exclusive
read_and_treat_AR_exclusive read_and_treat_AR_exclusive
read_and_treat_AR_exclusive_WD read_and_treat_AR_exclusive_WD
+++ working on night --- 2024-12-06 +++
read_and_treat_AR_exclusive read_and_treat_AR_exclusive
read_and_treat_AR_exclusive read_and_treat_AR_exclusive
read_and_treat_AR_exclusive read_and_treat_AR_exclusive
read_and_treat_AR_exclusive read_and_treat_AR_exclusive
read_and_treat_AR_exclusive read_and_treat_AR_exclusive
read_and_treat_AR_exclusive read_and_treat_AR_exclusive
read_and_treat_AR_exclusive_WD read_and_treat_AR_exclusive_WD
+++ working on night --- 2024-12-07 +++
read_and_treat_AR_exclusive read_and_treat_AR_exclusive
read_and_treat_AR_exclusive read_and_treat_AR_exclusive
read_and_treat_AR_exclusive read_and_treat_AR_exclusive
read_and_treat_AR_exclusive read_and_treat_AR_exclusive
read_and_treat_AR_exclusive read_and_treat_AR_exclusive
read_and_treat_AR_exclusive read_and_treat_AR_exclusive
read_and_treat_AR_exclusive_WD read_and_treat_AR_exclusive_WD
+++ working on night --- 2024-12-08 +++
read_and_treat_AR_exclusive read_and_treat_AR_exclusive
read_and_treat_AR_exclusive read_and_treat_AR_exclusive
read_and_treat_AR_exclusive read_and_treat_AR_exclusive
read_and_treat_AR_exclusive read_and_treat_AR_exclusive
read_and_treat_AR_exclusive read_and_treat_AR_exclusive
read_and_treat_AR_exclusive read_and_treat_AR_exclusive
read_and_treat_AR_exclusive_WD read_and_treat_AR_exclusive_WD
+++ working on night --- 2024-12-09 +++
read_and_treat_AR_exclusive read_and_treat_AR_exclusive
read_and_treat_AR_exclusive read_and_treat_AR_exclusive
read_and_treat_AR_exclusive read_and_treat_AR_exclusive
read_and_treat_AR_exclusive read_and_treat_AR_exclusive
read_and_treat_AR_exclusive read_and_treat_AR_exclusive
read_and_treat_AR_exclusive read_and_treat_AR_exclusive
read_and_treat_AR_exclusive_WD read_and_treat_AR_exclusive_WD
+++ working on night --- 2024-12-10 +++
read_and_treat_AR_exclusive read_and_treat_AR_exclusive
read_and_treat_AR_exclusive read_and_treat_AR_exclusive
read_and_treat_AR_exclusive read_and_treat_AR_exclusive
read_and_treat_AR_exclusive read_and_treat_AR_exclusive
read_and_treat_AR_exclusive read_and_treat_AR_exclusive
read_and_treat_AR_exclusive read_and_treat_AR_exclusive
read_and_treat_AR_exclusive_WD read_and_treat_AR_exclusive_WD
+++ working on night --- 2024-12-11 +++
read_and_treat_AR_exclusive read_and_treat_AR_exclusive
read_and_treat_AR_exclusive read_and_treat_AR_exclusive
read_and_treat_AR_exclusive read_and_treat_AR_exclusive
read_and_treat_AR_exclusive read_and_treat_AR_exclusive
read_and_treat_AR_exclusive read_and_treat_AR_exclusive
read_and_treat_AR_exclusive read_and_treat_AR_exclusive
read_and_treat_AR_exclusive_WD read_and_treat_AR_exclusive_WD
+++ working on night --- 2024-12-12 +++
read_and_treat_AR_exclusive read_and_treat_AR_exclusive
read_and_treat_AR_exclusive read_and_treat_AR_exclusive
read_and_treat_AR_exclusive read_and_treat_AR_exclusive
read_and_treat_AR_exclusive read_and_treat_AR_exclusive
read_and_treat_AR_exclusive read_and_treat_AR_exclusive
read_and_treat_AR_exclusive read_and_treat_AR_exclusive
read_and_treat_AR_exclusive_WD read_and_treat_AR_exclusive_WD
+++ working on night --- 2024-12-13 +++
read_and_treat_AR_exclusive read_and_treat_AR_exclusive
read_and_treat_AR_exclusive read_and_treat_AR_exclusive
read_and_treat_AR_exclusive read_and_treat_AR_exclusive
read_and_treat_AR_exclusive read_and_treat_AR_exclusive
read_and_treat_AR_exclusive read_and_treat_AR_exclusive
read_and_treat_AR_exclusive read_and_treat_AR_exclusive
read_and_treat_AR_exclusive_WD read_and_treat_AR_exclusive_WD
+++ working on night --- 2024-12-14 +++
read_and_treat_AR_exclusive read_and_treat_AR_exclusive
read_and_treat_AR_exclusive read_and_treat_AR_exclusive
read_and_treat_AR_exclusive read_and_treat_AR_exclusive
read_and_treat_AR_exclusive read_and_treat_AR_exclusive
read_and_treat_AR_exclusive read_and_treat_AR_exclusive
read_and_treat_AR_exclusive read_and_treat_AR_exclusive
read_and_treat_AR_exclusive_WD read_and_treat_AR_exclusive_WD
+++ working on night --- 2024-12-15 +++
read_and_treat_AR_exclusive read_and_treat_AR_exclusive
read_and_treat_AR_exclusive read_and_treat_AR_exclusive
read_and_treat_AR_exclusive read_and_treat_AR_exclusive
read_and_treat_AR_exclusive read_and_treat_AR_exclusive
read_and_treat_AR_exclusive read_and_treat_AR_exclusive
read_and_treat_AR_exclusive read_and_treat_AR_exclusive
read_and_treat_AR_exclusive_WD read_and_treat_AR_exclusive_WD
+++ working on night --- 2024-12-16 +++
read_and_treat_AR_exclusive read_and_treat_AR_exclusive
read_and_treat_AR_exclusive read_and_treat_AR_exclusive
read_and_treat_AR_exclusive read_and_treat_AR_exclusive
read_and_treat_AR_exclusive read_and_treat_AR_exclusive
read_and_treat_AR_exclusive read_and_treat_AR_exclusive
read_and_treat_AR_exclusive read_and_treat_AR_exclusive
read_and_treat_AR_exclusive_WD read_and_treat_AR_exclusive_WD
+++ working on night --- 2024-12-17 +++
read_and_treat_AR_exclusive read_and_treat_AR_exclusive
read_and_treat_AR_exclusive read_and_treat_AR_exclusive
read_and_treat_AR_exclusive read_and_treat_AR_exclusive
read_and_treat_AR_exclusive read_and_treat_AR_exclusive
read_and_treat_AR_exclusive read_and_treat_AR_exclusive
read_and_treat_AR_exclusive read_and_treat_AR_exclusive
read_and_treat_AR_exclusive_WD read_and_treat_AR_exclusive_WD
+++ working on night --- 2024-12-18 +++
read_and_treat_AR_exclusive read_and_treat_AR_exclusive
read_and_treat_AR_exclusive read_and_treat_AR_exclusive
read_and_treat_AR_exclusive read_and_treat_AR_exclusive
read_and_treat_AR_exclusive read_and_treat_AR_exclusive
read_and_treat_AR_exclusive read_and_treat_AR_exclusive
read_and_treat_AR_exclusive read_and_treat_AR_exclusive
read_and_treat_AR_exclusive_WD read_and_treat_AR_exclusive_WD
+++ working on night --- 2024-12-19 +++
read_and_treat_AR_exclusive read_and_treat_AR_exclusive
read_and_treat_AR_exclusive read_and_treat_AR_exclusive
read_and_treat_AR_exclusive read_and_treat_AR_exclusive
read_and_treat_AR_exclusive read_and_treat_AR_exclusive
read_and_treat_AR_exclusive read_and_treat_AR_exclusive
read_and_treat_AR_exclusive read_and_treat_AR_exclusive
read_and_treat_AR_exclusive_WD read_and_treat_AR_exclusive_WD
+++ working on night --- 2024-12-20 +++
read_and_treat_AR_exclusive read_and_treat_AR_exclusive
read_and_treat_AR_exclusive read_and_treat_AR_exclusive
read_and_treat_AR_exclusive read_and_treat_AR_exclusive
read_and_treat_AR_exclusive read_and_treat_AR_exclusive
read_and_treat_AR_exclusive read_and_treat_AR_exclusive
read_and_treat_AR_exclusive read_and_treat_AR_exclusive
read_and_treat_AR_exclusive_WD read_and_treat_AR_exclusive_WD
+++ working on night --- 2024-12-21 +++
read_and_treat_AR_exclusive read_and_treat_AR_exclusive
read_and_treat_AR_exclusive read_and_treat_AR_exclusive
read_and_treat_AR_exclusive read_and_treat_AR_exclusive
read_and_treat_AR_exclusive read_and_treat_AR_exclusive
read_and_treat_AR_exclusive read_and_treat_AR_exclusive
read_and_treat_AR_exclusive read_and_treat_AR_exclusive
read_and_treat_AR_exclusive_WD read_and_treat_AR_exclusive_WD
+++ working on night --- 2024-12-22 +++
read_and_treat_AR_exclusive read_and_treat_AR_exclusive
read_and_treat_AR_exclusive read_and_treat_AR_exclusive
read_and_treat_AR_exclusive read_and_treat_AR_exclusive
read_and_treat_AR_exclusive read_and_treat_AR_exclusive
read_and_treat_AR_exclusive read_and_treat_AR_exclusive
read_and_treat_AR_exclusive read_and_treat_AR_exclusive
read_and_treat_AR_exclusive_WD read_and_treat_AR_exclusive_WD
+++ working on night --- 2024-12-23 +++
read_and_treat_AR_exclusive read_and_treat_AR_exclusive
read_and_treat_AR_exclusive read_and_treat_AR_exclusive
read_and_treat_AR_exclusive read_and_treat_AR_exclusive
read_and_treat_AR_exclusive read_and_treat_AR_exclusive
read_and_treat_AR_exclusive read_and_treat_AR_exclusive
read_and_treat_AR_exclusive read_and_treat_AR_exclusive
read_and_treat_AR_exclusive_WD read_and_treat_AR_exclusive_WD
+++ working on night --- 2024-12-24 +++
read_and_treat_AR_exclusive read_and_treat_AR_exclusive
read_and_treat_AR_exclusive read_and_treat_AR_exclusive
read_and_treat_AR_exclusive read_and_treat_AR_exclusive
read_and_treat_AR_exclusive read_and_treat_AR_exclusive
read_and_treat_AR_exclusive read_and_treat_AR_exclusive
read_and_treat_AR_exclusive read_and_treat_AR_exclusive
read_and_treat_AR_exclusive_WD read_and_treat_AR_exclusive_WD
+++ working on night --- 2024-12-25 +++
read_and_treat_AR_exclusive read_and_treat_AR_exclusive
read_and_treat_AR_exclusive read_and_treat_AR_exclusive
read_and_treat_AR_exclusive read_and_treat_AR_exclusive
read_and_treat_AR_exclusive read_and_treat_AR_exclusive
read_and_treat_AR_exclusive read_and_treat_AR_exclusive
read_and_treat_AR_exclusive read_and_treat_AR_exclusive
read_and_treat_AR_exclusive_WD read_and_treat_AR_exclusive_WD
+++ working on night --- 2024-12-26 +++
read_and_treat_AR_exclusive read_and_treat_AR_exclusive
read_and_treat_AR_exclusive read_and_treat_AR_exclusive
read_and_treat_AR_exclusive read_and_treat_AR_exclusive
read_and_treat_AR_exclusive read_and_treat_AR_exclusive
read_and_treat_AR_exclusive read_and_treat_AR_exclusive
read_and_treat_AR_exclusive read_and_treat_AR_exclusive
read_and_treat_AR_exclusive_WD read_and_treat_AR_exclusive_WD
+++ working on night --- 2024-12-27 +++
read_and_treat_AR_exclusive read_and_treat_AR_exclusive
read_and_treat_AR_exclusive read_and_treat_AR_exclusive
read_and_treat_AR_exclusive read_and_treat_AR_exclusive
read_and_treat_AR_exclusive read_and_treat_AR_exclusive
read_and_treat_AR_exclusive read_and_treat_AR_exclusive
read_and_treat_AR_exclusive read_and_treat_AR_exclusive
read_and_treat_AR_exclusive_WD read_and_treat_AR_exclusive_WD
+++ working on night --- 2024-12-28 +++
read_and_treat_AR_exclusive read_and_treat_AR_exclusive
read_and_treat_AR_exclusive read_and_treat_AR_exclusive
read_and_treat_AR_exclusive read_and_treat_AR_exclusive
read_and_treat_AR_exclusive read_and_treat_AR_exclusive
read_and_treat_AR_exclusive read_and_treat_AR_exclusive
read_and_treat_AR_exclusive read_and_treat_AR_exclusive
read_and_treat_AR_exclusive_WD read_and_treat_AR_exclusive_WD
+++ working on night --- 2024-12-29 +++
read_and_treat_AR_exclusive read_and_treat_AR_exclusive
read_and_treat_AR_exclusive read_and_treat_AR_exclusive
read_and_treat_AR_exclusive read_and_treat_AR_exclusive
read_and_treat_AR_exclusive read_and_treat_AR_exclusive
read_and_treat_AR_exclusive read_and_treat_AR_exclusive
read_and_treat_AR_exclusive read_and_treat_AR_exclusive
read_and_treat_AR_exclusive_WD read_and_treat_AR_exclusive_WD
+++ working on night --- 2024-12-30 +++
read_and_treat_AR_exclusive read_and_treat_AR_exclusive
read_and_treat_AR_exclusive read_and_treat_AR_exclusive
read_and_treat_AR_exclusive read_and_treat_AR_exclusive
read_and_treat_AR_exclusive read_and_treat_AR_exclusive
read_and_treat_AR_exclusive read_and_treat_AR_exclusive
read_and_treat_AR_exclusive read_and_treat_AR_exclusive
read_and_treat_AR_exclusive_WD read_and_treat_AR_exclusive_WD
+++ working on night --- 2024-12-31 +++
read_and_treat_AR_exclusive read_and_treat_AR_exclusive
read_and_treat_AR_exclusive read_and_treat_AR_exclusive
read_and_treat_AR_exclusive read_and_treat_AR_exclusive
read_and_treat_AR_exclusive read_and_treat_AR_exclusive
read_and_treat_AR_exclusive read_and_treat_AR_exclusive
read_and_treat_AR_exclusive read_and_treat_AR_exclusive
read_and_treat_AR_exclusive_WD read_and_treat_AR_exclusive_WD
+++ working on night --- 2025-01-01 +++
read_and_treat_AR_exclusive read_and_treat_AR_exclusive
read_and_treat_AR_exclusive read_and_treat_AR_exclusive
read_and_treat_AR_exclusive read_and_treat_AR_exclusive
read_and_treat_AR_exclusive read_and_treat_AR_exclusive
read_and_treat_AR_exclusive read_and_treat_AR_exclusive
read_and_treat_AR_exclusive read_and_treat_AR_exclusive
read_and_treat_AR_exclusive_WD read_and_treat_AR_exclusive_WD
+++ working on night --- 2025-01-02 +++
read_and_treat_AR_exclusive read_and_treat_AR_exclusive
read_and_treat_AR_exclusive read_and_treat_AR_exclusive
read_and_treat_AR_exclusive read_and_treat_AR_exclusive
read_and_treat_AR_exclusive read_and_treat_AR_exclusive
read_and_treat_AR_exclusive read_and_treat_AR_exclusive
read_and_treat_AR_exclusive read_and_treat_AR_exclusive
read_and_treat_AR_exclusive_WD read_and_treat_AR_exclusive_WD
+++ working on night --- 2025-01-03 +++
read_and_treat_AR_exclusive read_and_treat_AR_exclusive
read_and_treat_AR_exclusive read_and_treat_AR_exclusive
read_and_treat_AR_exclusive read_and_treat_AR_exclusive
read_and_treat_AR_exclusive read_and_treat_AR_exclusive
read_and_treat_AR_exclusive read_and_treat_AR_exclusive
read_and_treat_AR_exclusive read_and_treat_AR_exclusive
read_and_treat_AR_exclusive_WD read_and_treat_AR_exclusive_WD
+++ working on night --- 2025-01-04 +++
read_and_treat_AR_exclusive read_and_treat_AR_exclusive
read_and_treat_AR_exclusive read_and_treat_AR_exclusive
read_and_treat_AR_exclusive read_and_treat_AR_exclusive
read_and_treat_AR_exclusive read_and_treat_AR_exclusive
read_and_treat_AR_exclusive read_and_treat_AR_exclusive
read_and_treat_AR_exclusive read_and_treat_AR_exclusive
read_and_treat_AR_exclusive_WD read_and_treat_AR_exclusive_WD
+++ working on night --- 2025-01-05 +++
read_and_treat_AR_exclusive read_and_treat_AR_exclusive
read_and_treat_AR_exclusive read_and_treat_AR_exclusive
read_and_treat_AR_exclusive read_and_treat_AR_exclusive
read_and_treat_AR_exclusive read_and_treat_AR_exclusive
read_and_treat_AR_exclusive read_and_treat_AR_exclusive
read_and_treat_AR_exclusive read_and_treat_AR_exclusive
read_and_treat_AR_exclusive_WD read_and_treat_AR_exclusive_WD
+++ working on night --- 2025-01-06 +++
read_and_treat_AR_exclusive read_and_treat_AR_exclusive
read_and_treat_AR_exclusive read_and_treat_AR_exclusive
read_and_treat_AR_exclusive read_and_treat_AR_exclusive
read_and_treat_AR_exclusive read_and_treat_AR_exclusive
read_and_treat_AR_exclusive read_and_treat_AR_exclusive
read_and_treat_AR_exclusive read_and_treat_AR_exclusive
read_and_treat_AR_exclusive_WD read_and_treat_AR_exclusive_WD
+++ working on night --- 2025-01-07 +++
read_and_treat_AR_exclusive read_and_treat_AR_exclusive
read_and_treat_AR_exclusive read_and_treat_AR_exclusive
read_and_treat_AR_exclusive read_and_treat_AR_exclusive
read_and_treat_AR_exclusive read_and_treat_AR_exclusive
read_and_treat_AR_exclusive read_and_treat_AR_exclusive
read_and_treat_AR_exclusive read_and_treat_AR_exclusive
read_and_treat_AR_exclusive_WD read_and_treat_AR_exclusive_WD
+++ working on night --- 2025-01-08 +++
read_and_treat_AR_exclusive read_and_treat_AR_exclusive
read_and_treat_AR_exclusive read_and_treat_AR_exclusive
read_and_treat_AR_exclusive read_and_treat_AR_exclusive
read_and_treat_AR_exclusive read_and_treat_AR_exclusive
read_and_treat_AR_exclusive read_and_treat_AR_exclusive
read_and_treat_AR_exclusive read_and_treat_AR_exclusive
read_and_treat_AR_exclusive_WD read_and_treat_AR_exclusive_WD
+++ working on night --- 2025-01-09 +++
read_and_treat_AR_exclusive read_and_treat_AR_exclusive
read_and_treat_AR_exclusive read_and_treat_AR_exclusive
read_and_treat_AR_exclusive read_and_treat_AR_exclusive
read_and_treat_AR_exclusive read_and_treat_AR_exclusive
read_and_treat_AR_exclusive read_and_treat_AR_exclusive
read_and_treat_AR_exclusive read_and_treat_AR_exclusive
read_and_treat_AR_exclusive_WD read_and_treat_AR_exclusive_WD
+++ working on night --- 2025-01-10 +++
read_and_treat_AR_exclusive read_and_treat_AR_exclusive
read_and_treat_AR_exclusive read_and_treat_AR_exclusive
read_and_treat_AR_exclusive read_and_treat_AR_exclusive
read_and_treat_AR_exclusive read_and_treat_AR_exclusive
read_and_treat_AR_exclusive read_and_treat_AR_exclusive
read_and_treat_AR_exclusive read_and_treat_AR_exclusive
read_and_treat_AR_exclusive_WD read_and_treat_AR_exclusive_WD
+++ working on night --- 2025-01-11 +++
read_and_treat_AR_exclusive read_and_treat_AR_exclusive
read_and_treat_AR_exclusive read_and_treat_AR_exclusive
read_and_treat_AR_exclusive read_and_treat_AR_exclusive
read_and_treat_AR_exclusive read_and_treat_AR_exclusive
read_and_treat_AR_exclusive read_and_treat_AR_exclusive
read_and_treat_AR_exclusive read_and_treat_AR_exclusive
read_and_treat_AR_exclusive_WD read_and_treat_AR_exclusive_WD
+++ working on night --- 2025-01-12 +++
read_and_treat_AR_exclusive read_and_treat_AR_exclusive
read_and_treat_AR_exclusive read_and_treat_AR_exclusive
read_and_treat_AR_exclusive read_and_treat_AR_exclusive
read_and_treat_AR_exclusive read_and_treat_AR_exclusive
read_and_treat_AR_exclusive read_and_treat_AR_exclusive
read_and_treat_AR_exclusive read_and_treat_AR_exclusive
read_and_treat_AR_exclusive_WD read_and_treat_AR_exclusive_WD
+++ working on night --- 2025-01-13 +++
read_and_treat_AR_exclusive read_and_treat_AR_exclusive
read_and_treat_AR_exclusive read_and_treat_AR_exclusive
read_and_treat_AR_exclusive read_and_treat_AR_exclusive
read_and_treat_AR_exclusive read_and_treat_AR_exclusive
read_and_treat_AR_exclusive read_and_treat_AR_exclusive
read_and_treat_AR_exclusive read_and_treat_AR_exclusive
read_and_treat_AR_exclusive_WD read_and_treat_AR_exclusive_WD
+++ working on night --- 2025-01-14 +++
read_and_treat_AR_exclusive read_and_treat_AR_exclusive
read_and_treat_AR_exclusive read_and_treat_AR_exclusive
read_and_treat_AR_exclusive read_and_treat_AR_exclusive
read_and_treat_AR_exclusive read_and_treat_AR_exclusive
read_and_treat_AR_exclusive read_and_treat_AR_exclusive
read_and_treat_AR_exclusive read_and_treat_AR_exclusive
read_and_treat_AR_exclusive_WD read_and_treat_AR_exclusive_WD
+++ working on night --- 2025-01-15 +++
read_and_treat_AR_exclusive read_and_treat_AR_exclusive
read_and_treat_AR_exclusive read_and_treat_AR_exclusive
read_and_treat_AR_exclusive read_and_treat_AR_exclusive
read_and_treat_AR_exclusive read_and_treat_AR_exclusive
read_and_treat_AR_exclusive read_and_treat_AR_exclusive
read_and_treat_AR_exclusive read_and_treat_AR_exclusive
read_and_treat_AR_exclusive_WD read_and_treat_AR_exclusive_WD
+++ working on night --- 2025-01-16 +++
read_and_treat_AR_exclusive read_and_treat_AR_exclusive
read_and_treat_AR_exclusive read_and_treat_AR_exclusive
read_and_treat_AR_exclusive read_and_treat_AR_exclusive
read_and_treat_AR_exclusive read_and_treat_AR_exclusive
read_and_treat_AR_exclusive read_and_treat_AR_exclusive
read_and_treat_AR_exclusive read_and_treat_AR_exclusive
read_and_treat_AR_exclusive_WD read_and_treat_AR_exclusive_WD
+++ working on night --- 2025-01-17 +++
read_and_treat_AR_exclusive read_and_treat_AR_exclusive
read_and_treat_AR_exclusive read_and_treat_AR_exclusive
read_and_treat_AR_exclusive read_and_treat_AR_exclusive
read_and_treat_AR_exclusive read_and_treat_AR_exclusive
read_and_treat_AR_exclusive read_and_treat_AR_exclusive
read_and_treat_AR_exclusive read_and_treat_AR_exclusive
read_and_treat_AR_exclusive_WD read_and_treat_AR_exclusive_WD
+++ working on night --- 2025-01-18 +++
read_and_treat_AR_exclusive read_and_treat_AR_exclusive
read_and_treat_AR_exclusive read_and_treat_AR_exclusive
read_and_treat_AR_exclusive read_and_treat_AR_exclusive
read_and_treat_AR_exclusive read_and_treat_AR_exclusive
read_and_treat_AR_exclusive read_and_treat_AR_exclusive
read_and_treat_AR_exclusive read_and_treat_AR_exclusive
read_and_treat_AR_exclusive_WD read_and_treat_AR_exclusive_WD
+++ working on night --- 2025-01-19 +++
read_and_treat_AR_exclusive read_and_treat_AR_exclusive
read_and_treat_AR_exclusive read_and_treat_AR_exclusive
read_and_treat_AR_exclusive read_and_treat_AR_exclusive
read_and_treat_AR_exclusive read_and_treat_AR_exclusive
read_and_treat_AR_exclusive read_and_treat_AR_exclusive
read_and_treat_AR_exclusive read_and_treat_AR_exclusive
read_and_treat_AR_exclusive_WD read_and_treat_AR_exclusive_WD
+++ working on night --- 2025-01-20 +++
read_and_treat_AR_exclusive read_and_treat_AR_exclusive
read_and_treat_AR_exclusive read_and_treat_AR_exclusive
read_and_treat_AR_exclusive read_and_treat_AR_exclusive
read_and_treat_AR_exclusive read_and_treat_AR_exclusive
read_and_treat_AR_exclusive read_and_treat_AR_exclusive
read_and_treat_AR_exclusive read_and_treat_AR_exclusive
read_and_treat_AR_exclusive_WD read_and_treat_AR_exclusive_WD
+++ working on night --- 2025-01-21 +++
read_and_treat_AR_exclusive read_and_treat_AR_exclusive
read_and_treat_AR_exclusive read_and_treat_AR_exclusive
read_and_treat_AR_exclusive read_and_treat_AR_exclusive
read_and_treat_AR_exclusive read_and_treat_AR_exclusive
read_and_treat_AR_exclusive read_and_treat_AR_exclusive
read_and_treat_AR_exclusive read_and_treat_AR_exclusive
read_and_treat_AR_exclusive_WD read_and_treat_AR_exclusive_WD
+++ working on night --- 2025-01-22 +++
read_and_treat_AR_exclusive read_and_treat_AR_exclusive
read_and_treat_AR_exclusive read_and_treat_AR_exclusive
read_and_treat_AR_exclusive read_and_treat_AR_exclusive
read_and_treat_AR_exclusive read_and_treat_AR_exclusive
read_and_treat_AR_exclusive read_and_treat_AR_exclusive
read_and_treat_AR_exclusive read_and_treat_AR_exclusive
read_and_treat_AR_exclusive_WD read_and_treat_AR_exclusive_WD
+++ working on night --- 2025-01-23 +++
read_and_treat_AR_exclusive read_and_treat_AR_exclusive
read_and_treat_AR_exclusive read_and_treat_AR_exclusive
read_and_treat_AR_exclusive read_and_treat_AR_exclusive
read_and_treat_AR_exclusive read_and_treat_AR_exclusive
read_and_treat_AR_exclusive read_and_treat_AR_exclusive
read_and_treat_AR_exclusive read_and_treat_AR_exclusive
read_and_treat_AR_exclusive_WD read_and_treat_AR_exclusive_WD
+++ working on night --- 2025-01-24 +++
read_and_treat_AR_exclusive read_and_treat_AR_exclusive
read_and_treat_AR_exclusive read_and_treat_AR_exclusive
read_and_treat_AR_exclusive read_and_treat_AR_exclusive
read_and_treat_AR_exclusive read_and_treat_AR_exclusive
read_and_treat_AR_exclusive read_and_treat_AR_exclusive
read_and_treat_AR_exclusive read_and_treat_AR_exclusive
read_and_treat_AR_exclusive_WD read_and_treat_AR_exclusive_WD
+++ working on night --- 2025-01-25 +++
read_and_treat_AR_exclusive read_and_treat_AR_exclusive
read_and_treat_AR_exclusive read_and_treat_AR_exclusive
read_and_treat_AR_exclusive read_and_treat_AR_exclusive
read_and_treat_AR_exclusive read_and_treat_AR_exclusive
read_and_treat_AR_exclusive read_and_treat_AR_exclusive
read_and_treat_AR_exclusive read_and_treat_AR_exclusive
read_and_treat_AR_exclusive_WD read_and_treat_AR_exclusive_WD
+++ working on night --- 2025-01-26 +++
read_and_treat_AR_exclusive read_and_treat_AR_exclusive
read_and_treat_AR_exclusive read_and_treat_AR_exclusive
read_and_treat_AR_exclusive read_and_treat_AR_exclusive
read_and_treat_AR_exclusive read_and_treat_AR_exclusive
read_and_treat_AR_exclusive read_and_treat_AR_exclusive
read_and_treat_AR_exclusive read_and_treat_AR_exclusive
read_and_treat_AR_exclusive_WD read_and_treat_AR_exclusive_WD
+++ working on night --- 2025-01-27 +++
read_and_treat_AR_exclusive read_and_treat_AR_exclusive
read_and_treat_AR_exclusive read_and_treat_AR_exclusive
read_and_treat_AR_exclusive read_and_treat_AR_exclusive
read_and_treat_AR_exclusive read_and_treat_AR_exclusive
read_and_treat_AR_exclusive read_and_treat_AR_exclusive
read_and_treat_AR_exclusive read_and_treat_AR_exclusive
read_and_treat_AR_exclusive_WD read_and_treat_AR_exclusive_WD
+++ working on night --- 2025-01-28 +++
read_and_treat_AR_exclusive read_and_treat_AR_exclusive
read_and_treat_AR_exclusive read_and_treat_AR_exclusive
read_and_treat_AR_exclusive read_and_treat_AR_exclusive
read_and_treat_AR_exclusive read_and_treat_AR_exclusive
read_and_treat_AR_exclusive read_and_treat_AR_exclusive
read_and_treat_AR_exclusive read_and_treat_AR_exclusive
read_and_treat_AR_exclusive_WD read_and_treat_AR_exclusive_WD
+++ working on night --- 2025-01-29 +++
read_and_treat_AR_exclusive read_and_treat_AR_exclusive
read_and_treat_AR_exclusive read_and_treat_AR_exclusive
read_and_treat_AR_exclusive read_and_treat_AR_exclusive
read_and_treat_AR_exclusive read_and_treat_AR_exclusive
read_and_treat_AR_exclusive read_and_treat_AR_exclusive
read_and_treat_AR_exclusive read_and_treat_AR_exclusive
read_and_treat_AR_exclusive_WD read_and_treat_AR_exclusive_WD
+++ working on night --- 2025-01-30 +++
read_and_treat_AR_exclusive read_and_treat_AR_exclusive
read_and_treat_AR_exclusive read_and_treat_AR_exclusive
read_and_treat_AR_exclusive read_and_treat_AR_exclusive
read_and_treat_AR_exclusive read_and_treat_AR_exclusive
read_and_treat_AR_exclusive read_and_treat_AR_exclusive
read_and_treat_AR_exclusive read_and_treat_AR_exclusive
read_and_treat_AR_exclusive_WD read_and_treat_AR_exclusive_WD
+++ working on night --- 2025-01-31 +++
read_and_treat_AR_exclusive read_and_treat_AR_exclusive
read_and_treat_AR_exclusive read_and_treat_AR_exclusive
read_and_treat_AR_exclusive read_and_treat_AR_exclusive
read_and_treat_AR_exclusive read_and_treat_AR_exclusive
read_and_treat_AR_exclusive read_and_treat_AR_exclusive
read_and_treat_AR_exclusive read_and_treat_AR_exclusive
read_and_treat_AR_exclusive_WD read_and_treat_AR_exclusive_WD
+++ working on night --- 2025-02-01 +++
read_and_treat_AR_exclusive read_and_treat_AR_exclusive
read_and_treat_AR_exclusive read_and_treat_AR_exclusive
read_and_treat_AR_exclusive read_and_treat_AR_exclusive
read_and_treat_AR_exclusive read_and_treat_AR_exclusive
read_and_treat_AR_exclusive read_and_treat_AR_exclusive
read_and_treat_AR_exclusive read_and_treat_AR_exclusive
read_and_treat_AR_exclusive_WD read_and_treat_AR_exclusive_WD
+++ working on night --- 2025-02-02 +++
read_and_treat_AR_exclusive read_and_treat_AR_exclusive
read_and_treat_AR_exclusive read_and_treat_AR_exclusive
read_and_treat_AR_exclusive read_and_treat_AR_exclusive
read_and_treat_AR_exclusive read_and_treat_AR_exclusive
read_and_treat_AR_exclusive read_and_treat_AR_exclusive
read_and_treat_AR_exclusive read_and_treat_AR_exclusive
read_and_treat_AR_exclusive_WD read_and_treat_AR_exclusive_WD
+++ working on night --- 2025-02-03 +++
read_and_treat_AR_exclusive read_and_treat_AR_exclusive
read_and_treat_AR_exclusive read_and_treat_AR_exclusive
read_and_treat_AR_exclusive read_and_treat_AR_exclusive
read_and_treat_AR_exclusive read_and_treat_AR_exclusive
read_and_treat_AR_exclusive read_and_treat_AR_exclusive
read_and_treat_AR_exclusive read_and_treat_AR_exclusive
read_and_treat_AR_exclusive_WD read_and_treat_AR_exclusive_WD
+++ working on night --- 2025-02-04 +++
read_and_treat_AR_exclusive read_and_treat_AR_exclusive
read_and_treat_AR_exclusive read_and_treat_AR_exclusive
read_and_treat_AR_exclusive read_and_treat_AR_exclusive
read_and_treat_AR_exclusive read_and_treat_AR_exclusive
read_and_treat_AR_exclusive read_and_treat_AR_exclusive
read_and_treat_AR_exclusive read_and_treat_AR_exclusive
read_and_treat_AR_exclusive_WD read_and_treat_AR_exclusive_WD
+++ working on night --- 2025-02-05 +++
read_and_treat_AR_exclusive read_and_treat_AR_exclusive
read_and_treat_AR_exclusive read_and_treat_AR_exclusive
read_and_treat_AR_exclusive read_and_treat_AR_exclusive
read_and_treat_AR_exclusive read_and_treat_AR_exclusive
read_and_treat_AR_exclusive read_and_treat_AR_exclusive
read_and_treat_AR_exclusive read_and_treat_AR_exclusive
read_and_treat_AR_exclusive_WD read_and_treat_AR_exclusive_WD
+++ working on night --- 2025-02-06 +++
read_and_treat_AR_exclusive read_and_treat_AR_exclusive
read_and_treat_AR_exclusive read_and_treat_AR_exclusive
read_and_treat_AR_exclusive read_and_treat_AR_exclusive
read_and_treat_AR_exclusive read_and_treat_AR_exclusive
read_and_treat_AR_exclusive read_and_treat_AR_exclusive
read_and_treat_AR_exclusive read_and_treat_AR_exclusive
read_and_treat_AR_exclusive_WD read_and_treat_AR_exclusive_WD
+++ working on night --- 2025-02-07 +++
read_and_treat_AR_exclusive read_and_treat_AR_exclusive
read_and_treat_AR_exclusive read_and_treat_AR_exclusive
read_and_treat_AR_exclusive read_and_treat_AR_exclusive
read_and_treat_AR_exclusive read_and_treat_AR_exclusive
read_and_treat_AR_exclusive read_and_treat_AR_exclusive
read_and_treat_AR_exclusive read_and_treat_AR_exclusive
read_and_treat_AR_exclusive_WD read_and_treat_AR_exclusive_WD
+++ working on night --- 2025-02-08 +++
read_and_treat_AR_exclusive read_and_treat_AR_exclusive
read_and_treat_AR_exclusive read_and_treat_AR_exclusive
read_and_treat_AR_exclusive read_and_treat_AR_exclusive
read_and_treat_AR_exclusive read_and_treat_AR_exclusive
read_and_treat_AR_exclusive read_and_treat_AR_exclusive
read_and_treat_AR_exclusive read_and_treat_AR_exclusive
read_and_treat_AR_exclusive_WD read_and_treat_AR_exclusive_WD
+++ working on night --- 2025-02-09 +++
read_and_treat_AR_exclusive read_and_treat_AR_exclusive
read_and_treat_AR_exclusive read_and_treat_AR_exclusive
read_and_treat_AR_exclusive read_and_treat_AR_exclusive
read_and_treat_AR_exclusive read_and_treat_AR_exclusive
read_and_treat_AR_exclusive read_and_treat_AR_exclusive
read_and_treat_AR_exclusive read_and_treat_AR_exclusive
read_and_treat_AR_exclusive_WD read_and_treat_AR_exclusive_WD
+++ working on night --- 2025-02-10 +++
read_and_treat_AR_exclusive read_and_treat_AR_exclusive
read_and_treat_AR_exclusive read_and_treat_AR_exclusive
read_and_treat_AR_exclusive read_and_treat_AR_exclusive
read_and_treat_AR_exclusive read_and_treat_AR_exclusive
read_and_treat_AR_exclusive read_and_treat_AR_exclusive
read_and_treat_AR_exclusive read_and_treat_AR_exclusive
read_and_treat_AR_exclusive_WD read_and_treat_AR_exclusive_WD
+++ working on night --- 2025-02-11 +++
read_and_treat_AR_exclusive read_and_treat_AR_exclusive
read_and_treat_AR_exclusive read_and_treat_AR_exclusive
read_and_treat_AR_exclusive read_and_treat_AR_exclusive
read_and_treat_AR_exclusive read_and_treat_AR_exclusive
read_and_treat_AR_exclusive read_and_treat_AR_exclusive
read_and_treat_AR_exclusive read_and_treat_AR_exclusive
read_and_treat_AR_exclusive_WD read_and_treat_AR_exclusive_WD
+++ working on night --- 2025-02-12 +++
read_and_treat_AR_exclusive read_and_treat_AR_exclusive
read_and_treat_AR_exclusive read_and_treat_AR_exclusive
read_and_treat_AR_exclusive read_and_treat_AR_exclusive
read_and_treat_AR_exclusive read_and_treat_AR_exclusive
read_and_treat_AR_exclusive read_and_treat_AR_exclusive
read_and_treat_AR_exclusive read_and_treat_AR_exclusive
read_and_treat_AR_exclusive_WD read_and_treat_AR_exclusive_WD
+++ working on night --- 2025-02-13 +++
read_and_treat_AR_exclusive read_and_treat_AR_exclusive
read_and_treat_AR_exclusive read_and_treat_AR_exclusive
read_and_treat_AR_exclusive read_and_treat_AR_exclusive
read_and_treat_AR_exclusive read_and_treat_AR_exclusive
read_and_treat_AR_exclusive read_and_treat_AR_exclusive
read_and_treat_AR_exclusive read_and_treat_AR_exclusive
read_and_treat_AR_exclusive_WD read_and_treat_AR_exclusive_WD
+++ working on night --- 2025-02-14 +++
read_and_treat_AR_exclusive read_and_treat_AR_exclusive
read_and_treat_AR_exclusive read_and_treat_AR_exclusive
read_and_treat_AR_exclusive read_and_treat_AR_exclusive
read_and_treat_AR_exclusive read_and_treat_AR_exclusive
read_and_treat_AR_exclusive read_and_treat_AR_exclusive
read_and_treat_AR_exclusive read_and_treat_AR_exclusive
read_and_treat_AR_exclusive_WD read_and_treat_AR_exclusive_WD
+++ working on night --- 2025-02-15 +++
read_and_treat_AR_exclusive read_and_treat_AR_exclusive
read_and_treat_AR_exclusive read_and_treat_AR_exclusive
read_and_treat_AR_exclusive read_and_treat_AR_exclusive
read_and_treat_AR_exclusive read_and_treat_AR_exclusive
read_and_treat_AR_exclusive read_and_treat_AR_exclusive
read_and_treat_AR_exclusive read_and_treat_AR_exclusive
read_and_treat_AR_exclusive_WD read_and_treat_AR_exclusive_WD
+++ working on night --- 2025-02-16 +++
read_and_treat_AR_exclusive read_and_treat_AR_exclusive
read_and_treat_AR_exclusive read_and_treat_AR_exclusive
read_and_treat_AR_exclusive read_and_treat_AR_exclusive
read_and_treat_AR_exclusive read_and_treat_AR_exclusive
read_and_treat_AR_exclusive read_and_treat_AR_exclusive
read_and_treat_AR_exclusive read_and_treat_AR_exclusive
read_and_treat_AR_exclusive_WD read_and_treat_AR_exclusive_WD
+++ working on night --- 2025-02-17 +++
read_and_treat_AR_exclusive read_and_treat_AR_exclusive
read_and_treat_AR_exclusive read_and_treat_AR_exclusive
read_and_treat_AR_exclusive read_and_treat_AR_exclusive
read_and_treat_AR_exclusive read_and_treat_AR_exclusive
read_and_treat_AR_exclusive read_and_treat_AR_exclusive
read_and_treat_AR_exclusive read_and_treat_AR_exclusive
read_and_treat_AR_exclusive_WD read_and_treat_AR_exclusive_WD
+++ working on night --- 2025-02-18 +++
read_and_treat_AR_exclusive read_and_treat_AR_exclusive
read_and_treat_AR_exclusive read_and_treat_AR_exclusive
read_and_treat_AR_exclusive read_and_treat_AR_exclusive
read_and_treat_AR_exclusive read_and_treat_AR_exclusive
read_and_treat_AR_exclusive read_and_treat_AR_exclusive
read_and_treat_AR_exclusive read_and_treat_AR_exclusive
read_and_treat_AR_exclusive_WD read_and_treat_AR_exclusive_WD
+++ working on night --- 2025-02-19 +++
grep: /home/report/DATA/DA_TRATTARE/test/night/20250219_see_evol_time_Height_5_20000_AR_night.dat: No such file or directory
grep: /home/report/DATA/DA_TRATTARE/test/night/20250219_tau_evol_time_Height_5_20000_AR_night.dat: No such file or directory
grep: /home/report/DATA/DA_TRATTARE/test/night/20250219_glf_evol_time_Height_5_20000_AR_night.dat: No such file or directory
read_and_treat_AR_exclusive read_and_treat_AR_exclusive
read_and_treat_AR_exclusive read_and_treat_AR_exclusive
read_and_treat_AR_exclusive read_and_treat_AR_exclusive
read_and_treat_AR_exclusive_WD read_and_treat_AR_exclusive_WD
+++ working on night --- 2025-02-20 +++
read_and_treat_AR_exclusive read_and_treat_AR_exclusive
read_and_treat_AR_exclusive read_and_treat_AR_exclusive
read_and_treat_AR_exclusive read_and_treat_AR_exclusive
read_and_treat_AR_exclusive read_and_treat_AR_exclusive
read_and_treat_AR_exclusive read_and_treat_AR_exclusive
read_and_treat_AR_exclusive read_and_treat_AR_exclusive
read_and_treat_AR_exclusive_WD read_and_treat_AR_exclusive_WD
+++ working on night --- 2025-02-21 +++
read_and_treat_AR_exclusive read_and_treat_AR_exclusive
read_and_treat_AR_exclusive read_and_treat_AR_exclusive
read_and_treat_AR_exclusive read_and_treat_AR_exclusive
read_and_treat_AR_exclusive read_and_treat_AR_exclusive
read_and_treat_AR_exclusive read_and_treat_AR_exclusive
read_and_treat_AR_exclusive read_and_treat_AR_exclusive
read_and_treat_AR_exclusive_WD read_and_treat_AR_exclusive_WD
+++ working on night --- 2025-02-22 +++
read_and_treat_AR_exclusive read_and_treat_AR_exclusive
read_and_treat_AR_exclusive read_and_treat_AR_exclusive
read_and_treat_AR_exclusive read_and_treat_AR_exclusive
read_and_treat_AR_exclusive read_and_treat_AR_exclusive
read_and_treat_AR_exclusive read_and_treat_AR_exclusive
read_and_treat_AR_exclusive read_and_treat_AR_exclusive
read_and_treat_AR_exclusive_WD read_and_treat_AR_exclusive_WD
+++ working on night --- 2025-02-23 +++
read_and_treat_AR_exclusive read_and_treat_AR_exclusive
read_and_treat_AR_exclusive read_and_treat_AR_exclusive
read_and_treat_AR_exclusive read_and_treat_AR_exclusive
read_and_treat_AR_exclusive read_and_treat_AR_exclusive
read_and_treat_AR_exclusive read_and_treat_AR_exclusive
read_and_treat_AR_exclusive read_and_treat_AR_exclusive
read_and_treat_AR_exclusive_WD read_and_treat_AR_exclusive_WD
+++ working on night --- 2025-02-24 +++
read_and_treat_AR_exclusive read_and_treat_AR_exclusive
read_and_treat_AR_exclusive read_and_treat_AR_exclusive
read_and_treat_AR_exclusive read_and_treat_AR_exclusive
read_and_treat_AR_exclusive read_and_treat_AR_exclusive
read_and_treat_AR_exclusive read_and_treat_AR_exclusive
read_and_treat_AR_exclusive read_and_treat_AR_exclusive
read_and_treat_AR_exclusive_WD read_and_treat_AR_exclusive_WD
+++ working on night --- 2025-02-25 +++
read_and_treat_AR_exclusive read_and_treat_AR_exclusive
read_and_treat_AR_exclusive read_and_treat_AR_exclusive
read_and_treat_AR_exclusive read_and_treat_AR_exclusive
read_and_treat_AR_exclusive read_and_treat_AR_exclusive
read_and_treat_AR_exclusive read_and_treat_AR_exclusive
read_and_treat_AR_exclusive read_and_treat_AR_exclusive
read_and_treat_AR_exclusive_WD read_and_treat_AR_exclusive_WD
+++ working on night --- 2025-02-26 +++
read_and_treat_AR_exclusive read_and_treat_AR_exclusive
read_and_treat_AR_exclusive read_and_treat_AR_exclusive
read_and_treat_AR_exclusive read_and_treat_AR_exclusive
read_and_treat_AR_exclusive read_and_treat_AR_exclusive
read_and_treat_AR_exclusive read_and_treat_AR_exclusive
read_and_treat_AR_exclusive read_and_treat_AR_exclusive
read_and_treat_AR_exclusive_WD read_and_treat_AR_exclusive_WD
+++ working on night --- 2025-02-27 +++
read_and_treat_AR_exclusive read_and_treat_AR_exclusive
read_and_treat_AR_exclusive read_and_treat_AR_exclusive
read_and_treat_AR_exclusive read_and_treat_AR_exclusive
read_and_treat_AR_exclusive read_and_treat_AR_exclusive
read_and_treat_AR_exclusive read_and_treat_AR_exclusive
read_and_treat_AR_exclusive read_and_treat_AR_exclusive
read_and_treat_AR_exclusive_WD read_and_treat_AR_exclusive_WD
+++ working on night --- 2025-02-28 +++
read_and_treat_AR_exclusive read_and_treat_AR_exclusive
read_and_treat_AR_exclusive read_and_treat_AR_exclusive
read_and_treat_AR_exclusive read_and_treat_AR_exclusive
read_and_treat_AR_exclusive read_and_treat_AR_exclusive
read_and_treat_AR_exclusive read_and_treat_AR_exclusive
read_and_treat_AR_exclusive read_and_treat_AR_exclusive
read_and_treat_AR_exclusive_WD read_and_treat_AR_exclusive_WD
+++ working on night --- 2025-03-01 +++
read_and_treat_AR_exclusive read_and_treat_AR_exclusive
read_and_treat_AR_exclusive read_and_treat_AR_exclusive
read_and_treat_AR_exclusive read_and_treat_AR_exclusive
read_and_treat_AR_exclusive read_and_treat_AR_exclusive
read_and_treat_AR_exclusive read_and_treat_AR_exclusive
read_and_treat_AR_exclusive read_and_treat_AR_exclusive
read_and_treat_AR_exclusive_WD read_and_treat_AR_exclusive_WD
+++ working on night --- 2025-03-02 +++
read_and_treat_AR_exclusive read_and_treat_AR_exclusive
read_and_treat_AR_exclusive read_and_treat_AR_exclusive
read_and_treat_AR_exclusive read_and_treat_AR_exclusive
read_and_treat_AR_exclusive read_and_treat_AR_exclusive
read_and_treat_AR_exclusive read_and_treat_AR_exclusive
read_and_treat_AR_exclusive read_and_treat_AR_exclusive
read_and_treat_AR_exclusive_WD read_and_treat_AR_exclusive_WD
+++ working on night --- 2025-03-03 +++
read_and_treat_AR_exclusive read_and_treat_AR_exclusive
read_and_treat_AR_exclusive read_and_treat_AR_exclusive
read_and_treat_AR_exclusive read_and_treat_AR_exclusive
read_and_treat_AR_exclusive read_and_treat_AR_exclusive
read_and_treat_AR_exclusive read_and_treat_AR_exclusive
read_and_treat_AR_exclusive read_and_treat_AR_exclusive
read_and_treat_AR_exclusive_WD read_and_treat_AR_exclusive_WD
+++ working on night --- 2025-03-04 +++
read_and_treat_AR_exclusive read_and_treat_AR_exclusive
read_and_treat_AR_exclusive read_and_treat_AR_exclusive
read_and_treat_AR_exclusive read_and_treat_AR_exclusive
read_and_treat_AR_exclusive read_and_treat_AR_exclusive
read_and_treat_AR_exclusive read_and_treat_AR_exclusive
read_and_treat_AR_exclusive read_and_treat_AR_exclusive
read_and_treat_AR_exclusive_WD read_and_treat_AR_exclusive_WD
+++ working on night --- 2025-03-05 +++
read_and_treat_AR_exclusive read_and_treat_AR_exclusive
read_and_treat_AR_exclusive read_and_treat_AR_exclusive
read_and_treat_AR_exclusive read_and_treat_AR_exclusive
read_and_treat_AR_exclusive read_and_treat_AR_exclusive
read_and_treat_AR_exclusive read_and_treat_AR_exclusive
read_and_treat_AR_exclusive read_and_treat_AR_exclusive
read_and_treat_AR_exclusive_WD read_and_treat_AR_exclusive_WD
+++ working on night --- 2025-03-06 +++
read_and_treat_AR_exclusive read_and_treat_AR_exclusive
read_and_treat_AR_exclusive read_and_treat_AR_exclusive
read_and_treat_AR_exclusive read_and_treat_AR_exclusive
read_and_treat_AR_exclusive read_and_treat_AR_exclusive
read_and_treat_AR_exclusive read_and_treat_AR_exclusive
read_and_treat_AR_exclusive read_and_treat_AR_exclusive
read_and_treat_AR_exclusive_WD read_and_treat_AR_exclusive_WD
+++ working on night --- 2025-03-07 +++
read_and_treat_AR_exclusive read_and_treat_AR_exclusive
read_and_treat_AR_exclusive read_and_treat_AR_exclusive
read_and_treat_AR_exclusive read_and_treat_AR_exclusive
read_and_treat_AR_exclusive read_and_treat_AR_exclusive
read_and_treat_AR_exclusive read_and_treat_AR_exclusive
read_and_treat_AR_exclusive read_and_treat_AR_exclusive
read_and_treat_AR_exclusive_WD read_and_treat_AR_exclusive_WD
+++ working on night --- 2025-03-08 +++
read_and_treat_AR_exclusive read_and_treat_AR_exclusive
read_and_treat_AR_exclusive read_and_treat_AR_exclusive
read_and_treat_AR_exclusive read_and_treat_AR_exclusive
read_and_treat_AR_exclusive read_and_treat_AR_exclusive
read_and_treat_AR_exclusive read_and_treat_AR_exclusive
read_and_treat_AR_exclusive read_and_treat_AR_exclusive
read_and_treat_AR_exclusive_WD read_and_treat_AR_exclusive_WD
+++ working on night --- 2025-03-09 +++
read_and_treat_AR_exclusive read_and_treat_AR_exclusive
read_and_treat_AR_exclusive read_and_treat_AR_exclusive
read_and_treat_AR_exclusive read_and_treat_AR_exclusive
read_and_treat_AR_exclusive read_and_treat_AR_exclusive
read_and_treat_AR_exclusive read_and_treat_AR_exclusive
read_and_treat_AR_exclusive read_and_treat_AR_exclusive
read_and_treat_AR_exclusive_WD read_and_treat_AR_exclusive_WD
+++ working on night --- 2025-03-10 +++
read_and_treat_AR_exclusive read_and_treat_AR_exclusive
read_and_treat_AR_exclusive read_and_treat_AR_exclusive
read_and_treat_AR_exclusive read_and_treat_AR_exclusive
read_and_treat_AR_exclusive read_and_treat_AR_exclusive
read_and_treat_AR_exclusive read_and_treat_AR_exclusive
read_and_treat_AR_exclusive read_and_treat_AR_exclusive
read_and_treat_AR_exclusive_WD read_and_treat_AR_exclusive_WD
+++ working on night --- 2025-03-11 +++
read_and_treat_AR_exclusive read_and_treat_AR_exclusive
read_and_treat_AR_exclusive read_and_treat_AR_exclusive
read_and_treat_AR_exclusive read_and_treat_AR_exclusive
read_and_treat_AR_exclusive read_and_treat_AR_exclusive
read_and_treat_AR_exclusive read_and_treat_AR_exclusive
read_and_treat_AR_exclusive read_and_treat_AR_exclusive
read_and_treat_AR_exclusive_WD read_and_treat_AR_exclusive_WD
+++ working on night --- 2025-03-12 +++
read_and_treat_AR_exclusive read_and_treat_AR_exclusive
read_and_treat_AR_exclusive read_and_treat_AR_exclusive
read_and_treat_AR_exclusive read_and_treat_AR_exclusive
read_and_treat_AR_exclusive read_and_treat_AR_exclusive
read_and_treat_AR_exclusive read_and_treat_AR_exclusive
read_and_treat_AR_exclusive read_and_treat_AR_exclusive
read_and_treat_AR_exclusive_WD read_and_treat_AR_exclusive_WD
+++ working on night --- 2025-03-13 +++
read_and_treat_AR_exclusive read_and_treat_AR_exclusive
read_and_treat_AR_exclusive read_and_treat_AR_exclusive
read_and_treat_AR_exclusive read_and_treat_AR_exclusive
read_and_treat_AR_exclusive read_and_treat_AR_exclusive
read_and_treat_AR_exclusive read_and_treat_AR_exclusive
read_and_treat_AR_exclusive read_and_treat_AR_exclusive
read_and_treat_AR_exclusive_WD read_and_treat_AR_exclusive_WD
+++ working on night --- 2025-03-14 +++
read_and_treat_AR_exclusive read_and_treat_AR_exclusive
read_and_treat_AR_exclusive read_and_treat_AR_exclusive
read_and_treat_AR_exclusive read_and_treat_AR_exclusive
read_and_treat_AR_exclusive read_and_treat_AR_exclusive
read_and_treat_AR_exclusive read_and_treat_AR_exclusive
read_and_treat_AR_exclusive read_and_treat_AR_exclusive
read_and_treat_AR_exclusive_WD read_and_treat_AR_exclusive_WD
+++ working on night --- 2025-03-15 +++
+++ working on night --- 2025-03-16 +++
read_and_treat_AR_exclusive read_and_treat_AR_exclusive
read_and_treat_AR_exclusive read_and_treat_AR_exclusive
read_and_treat_AR_exclusive read_and_treat_AR_exclusive
read_and_treat_AR_exclusive read_and_treat_AR_exclusive
read_and_treat_AR_exclusive read_and_treat_AR_exclusive
read_and_treat_AR_exclusive read_and_treat_AR_exclusive
read_and_treat_AR_exclusive_WD read_and_treat_AR_exclusive_WD
+++ working on night --- 2025-03-17 +++
read_and_treat_AR_exclusive read_and_treat_AR_exclusive
read_and_treat_AR_exclusive read_and_treat_AR_exclusive
read_and_treat_AR_exclusive read_and_treat_AR_exclusive
read_and_treat_AR_exclusive read_and_treat_AR_exclusive
read_and_treat_AR_exclusive read_and_treat_AR_exclusive
read_and_treat_AR_exclusive read_and_treat_AR_exclusive
read_and_treat_AR_exclusive_WD read_and_treat_AR_exclusive_WD
+++ working on night --- 2025-03-18 +++
read_and_treat_AR_exclusive read_and_treat_AR_exclusive
read_and_treat_AR_exclusive read_and_treat_AR_exclusive
read_and_treat_AR_exclusive read_and_treat_AR_exclusive
read_and_treat_AR_exclusive read_and_treat_AR_exclusive
read_and_treat_AR_exclusive read_and_treat_AR_exclusive
read_and_treat_AR_exclusive read_and_treat_AR_exclusive
read_and_treat_AR_exclusive_WD read_and_treat_AR_exclusive_WD
+++ working on night --- 2025-03-19 +++
read_and_treat_AR_exclusive read_and_treat_AR_exclusive
read_and_treat_AR_exclusive read_and_treat_AR_exclusive
read_and_treat_AR_exclusive read_and_treat_AR_exclusive
read_and_treat_AR_exclusive read_and_treat_AR_exclusive
read_and_treat_AR_exclusive read_and_treat_AR_exclusive
read_and_treat_AR_exclusive read_and_treat_AR_exclusive
read_and_treat_AR_exclusive_WD read_and_treat_AR_exclusive_WD
+++ working on night --- 2025-03-20 +++
read_and_treat_AR_exclusive read_and_treat_AR_exclusive
read_and_treat_AR_exclusive read_and_treat_AR_exclusive
read_and_treat_AR_exclusive read_and_treat_AR_exclusive
read_and_treat_AR_exclusive read_and_treat_AR_exclusive
read_and_treat_AR_exclusive read_and_treat_AR_exclusive
read_and_treat_AR_exclusive read_and_treat_AR_exclusive
read_and_treat_AR_exclusive_WD read_and_treat_AR_exclusive_WD
+++ working on night --- 2025-03-21 +++
read_and_treat_AR_exclusive read_and_treat_AR_exclusive
read_and_treat_AR_exclusive read_and_treat_AR_exclusive
read_and_treat_AR_exclusive read_and_treat_AR_exclusive
read_and_treat_AR_exclusive read_and_treat_AR_exclusive
read_and_treat_AR_exclusive read_and_treat_AR_exclusive
read_and_treat_AR_exclusive read_and_treat_AR_exclusive
read_and_treat_AR_exclusive_WD read_and_treat_AR_exclusive_WD
+++ working on night --- 2025-03-22 +++
read_and_treat_AR_exclusive read_and_treat_AR_exclusive
read_and_treat_AR_exclusive read_and_treat_AR_exclusive
read_and_treat_AR_exclusive read_and_treat_AR_exclusive
read_and_treat_AR_exclusive read_and_treat_AR_exclusive
read_and_treat_AR_exclusive read_and_treat_AR_exclusive
read_and_treat_AR_exclusive read_and_treat_AR_exclusive
read_and_treat_AR_exclusive_WD read_and_treat_AR_exclusive_WD
+++ working on night --- 2025-03-23 +++
read_and_treat_AR_exclusive read_and_treat_AR_exclusive
read_and_treat_AR_exclusive read_and_treat_AR_exclusive
read_and_treat_AR_exclusive read_and_treat_AR_exclusive
read_and_treat_AR_exclusive read_and_treat_AR_exclusive
read_and_treat_AR_exclusive read_and_treat_AR_exclusive
read_and_treat_AR_exclusive read_and_treat_AR_exclusive
read_and_treat_AR_exclusive_WD read_and_treat_AR_exclusive_WD
+++ working on night --- 2025-03-24 +++
read_and_treat_AR_exclusive read_and_treat_AR_exclusive
read_and_treat_AR_exclusive read_and_treat_AR_exclusive
read_and_treat_AR_exclusive read_and_treat_AR_exclusive
read_and_treat_AR_exclusive read_and_treat_AR_exclusive
read_and_treat_AR_exclusive read_and_treat_AR_exclusive
read_and_treat_AR_exclusive read_and_treat_AR_exclusive
read_and_treat_AR_exclusive_WD read_and_treat_AR_exclusive_WD
+++ working on night --- 2025-03-25 +++
read_and_treat_AR_exclusive read_and_treat_AR_exclusive
read_and_treat_AR_exclusive read_and_treat_AR_exclusive
read_and_treat_AR_exclusive read_and_treat_AR_exclusive
read_and_treat_AR_exclusive read_and_treat_AR_exclusive
read_and_treat_AR_exclusive read_and_treat_AR_exclusive
read_and_treat_AR_exclusive read_and_treat_AR_exclusive
read_and_treat_AR_exclusive_WD read_and_treat_AR_exclusive_WD
+++ working on night --- 2025-03-26 +++
read_and_treat_AR_exclusive read_and_treat_AR_exclusive
read_and_treat_AR_exclusive read_and_treat_AR_exclusive
read_and_treat_AR_exclusive read_and_treat_AR_exclusive
read_and_treat_AR_exclusive read_and_treat_AR_exclusive
read_and_treat_AR_exclusive read_and_treat_AR_exclusive
read_and_treat_AR_exclusive read_and_treat_AR_exclusive
read_and_treat_AR_exclusive_WD read_and_treat_AR_exclusive_WD
+++ working on night --- 2025-03-27 +++
read_and_treat_AR_exclusive read_and_treat_AR_exclusive
read_and_treat_AR_exclusive read_and_treat_AR_exclusive
read_and_treat_AR_exclusive read_and_treat_AR_exclusive
read_and_treat_AR_exclusive read_and_treat_AR_exclusive
read_and_treat_AR_exclusive read_and_treat_AR_exclusive
read_and_treat_AR_exclusive read_and_treat_AR_exclusive
read_and_treat_AR_exclusive_WD read_and_treat_AR_exclusive_WD
+++ working on night --- 2025-03-28 +++
read_and_treat_AR_exclusive read_and_treat_AR_exclusive
read_and_treat_AR_exclusive read_and_treat_AR_exclusive
read_and_treat_AR_exclusive read_and_treat_AR_exclusive
read_and_treat_AR_exclusive read_and_treat_AR_exclusive
read_and_treat_AR_exclusive read_and_treat_AR_exclusive
read_and_treat_AR_exclusive read_and_treat_AR_exclusive
read_and_treat_AR_exclusive_WD read_and_treat_AR_exclusive_WD
+++ working on night --- 2025-03-29 +++
read_and_treat_AR_exclusive read_and_treat_AR_exclusive
read_and_treat_AR_exclusive read_and_treat_AR_exclusive
read_and_treat_AR_exclusive read_and_treat_AR_exclusive
read_and_treat_AR_exclusive read_and_treat_AR_exclusive
read_and_treat_AR_exclusive read_and_treat_AR_exclusive
read_and_treat_AR_exclusive read_and_treat_AR_exclusive
read_and_treat_AR_exclusive_WD read_and_treat_AR_exclusive_WD
+++ working on night --- 2025-03-30 +++
read_and_treat_AR_exclusive read_and_treat_AR_exclusive
read_and_treat_AR_exclusive read_and_treat_AR_exclusive
read_and_treat_AR_exclusive read_and_treat_AR_exclusive
read_and_treat_AR_exclusive read_and_treat_AR_exclusive
read_and_treat_AR_exclusive read_and_treat_AR_exclusive
read_and_treat_AR_exclusive read_and_treat_AR_exclusive
read_and_treat_AR_exclusive_WD read_and_treat_AR_exclusive_WD
+++ working on night --- 2025-03-31 +++
read_and_treat_AR_exclusive read_and_treat_AR_exclusive
read_and_treat_AR_exclusive read_and_treat_AR_exclusive
read_and_treat_AR_exclusive read_and_treat_AR_exclusive
read_and_treat_AR_exclusive read_and_treat_AR_exclusive
read_and_treat_AR_exclusive read_and_treat_AR_exclusive
read_and_treat_AR_exclusive read_and_treat_AR_exclusive
read_and_treat_AR_exclusive_WD read_and_treat_AR_exclusive_WD
+++ working on night --- 2025-04-01 +++
read_and_treat_AR_exclusive read_and_treat_AR_exclusive
read_and_treat_AR_exclusive read_and_treat_AR_exclusive
read_and_treat_AR_exclusive read_and_treat_AR_exclusive
read_and_treat_AR_exclusive read_and_treat_AR_exclusive
read_and_treat_AR_exclusive read_and_treat_AR_exclusive
read_and_treat_AR_exclusive_WD read_and_treat_AR_exclusive_WD
+++ working on night --- 2025-04-02 +++
read_and_treat_AR_exclusive read_and_treat_AR_exclusive
read_and_treat_AR_exclusive read_and_treat_AR_exclusive
read_and_treat_AR_exclusive read_and_treat_AR_exclusive
grep: /home/report/DATA/DA_TRATTARE/test/night/20250402_wapor_evol_time_Height_5_20000_AR_night.dat: No such file or directory
read_and_treat_AR_exclusive read_and_treat_AR_exclusive
read_and_treat_AR_exclusive read_and_treat_AR_exclusive
read_and_treat_AR_exclusive_WD read_and_treat_AR_exclusive_WD
+++ working on night --- 2025-04-03 +++
read_and_treat_AR_exclusive read_and_treat_AR_exclusive
read_and_treat_AR_exclusive read_and_treat_AR_exclusive
read_and_treat_AR_exclusive read_and_treat_AR_exclusive
grep: /home/report/DATA/DA_TRATTARE/test/night/20250403_wapor_evol_time_Height_5_20000_AR_night.dat: No such file or directory
read_and_treat_AR_exclusive read_and_treat_AR_exclusive
read_and_treat_AR_exclusive read_and_treat_AR_exclusive
read_and_treat_AR_exclusive_WD read_and_treat_AR_exclusive_WD
+++ working on night --- 2025-04-04 +++
read_and_treat_AR_exclusive read_and_treat_AR_exclusive
read_and_treat_AR_exclusive read_and_treat_AR_exclusive
read_and_treat_AR_exclusive read_and_treat_AR_exclusive
grep: /home/report/DATA/DA_TRATTARE/test/night/20250404_wapor_evol_time_Height_5_20000_AR_night.dat: No such file or directory
read_and_treat_AR_exclusive read_and_treat_AR_exclusive
read_and_treat_AR_exclusive read_and_treat_AR_exclusive
read_and_treat_AR_exclusive_WD read_and_treat_AR_exclusive_WD
+++ working on night --- 2025-04-05 +++
read_and_treat_AR_exclusive read_and_treat_AR_exclusive
read_and_treat_AR_exclusive read_and_treat_AR_exclusive
read_and_treat_AR_exclusive read_and_treat_AR_exclusive
grep: /home/report/DATA/DA_TRATTARE/test/night/20250405_wapor_evol_time_Height_5_20000_AR_night.dat: No such file or directory
read_and_treat_AR_exclusive read_and_treat_AR_exclusive
read_and_treat_AR_exclusive read_and_treat_AR_exclusive
read_and_treat_AR_exclusive_WD read_and_treat_AR_exclusive_WD
+++ working on night --- 2025-04-06 +++
read_and_treat_AR_exclusive read_and_treat_AR_exclusive
read_and_treat_AR_exclusive read_and_treat_AR_exclusive
read_and_treat_AR_exclusive read_and_treat_AR_exclusive
grep: /home/report/DATA/DA_TRATTARE/test/night/20250406_wapor_evol_time_Height_5_20000_AR_night.dat: No such file or directory
read_and_treat_AR_exclusive read_and_treat_AR_exclusive
read_and_treat_AR_exclusive read_and_treat_AR_exclusive
read_and_treat_AR_exclusive_WD read_and_treat_AR_exclusive_WD
+++ working on night --- 2025-04-07 +++
read_and_treat_AR_exclusive read_and_treat_AR_exclusive
read_and_treat_AR_exclusive read_and_treat_AR_exclusive
read_and_treat_AR_exclusive read_and_treat_AR_exclusive
read_and_treat_AR_exclusive read_and_treat_AR_exclusive
read_and_treat_AR_exclusive read_and_treat_AR_exclusive
read_and_treat_AR_exclusive_WD read_and_treat_AR_exclusive_WD
+++ working on night --- 2025-04-08 +++
read_and_treat_AR_exclusive read_and_treat_AR_exclusive
read_and_treat_AR_exclusive read_and_treat_AR_exclusive
read_and_treat_AR_exclusive read_and_treat_AR_exclusive
read_and_treat_AR_exclusive read_and_treat_AR_exclusive
read_and_treat_AR_exclusive read_and_treat_AR_exclusive
read_and_treat_AR_exclusive_WD read_and_treat_AR_exclusive_WD
+++ working on night --- 2025-04-09 +++
read_and_treat_AR_exclusive read_and_treat_AR_exclusive
read_and_treat_AR_exclusive read_and_treat_AR_exclusive
read_and_treat_AR_exclusive read_and_treat_AR_exclusive
read_and_treat_AR_exclusive read_and_treat_AR_exclusive
read_and_treat_AR_exclusive read_and_treat_AR_exclusive
read_and_treat_AR_exclusive_WD read_and_treat_AR_exclusive_WD
+++ working on night --- 2025-04-10 +++
read_and_treat_AR_exclusive read_and_treat_AR_exclusive
read_and_treat_AR_exclusive read_and_treat_AR_exclusive
read_and_treat_AR_exclusive read_and_treat_AR_exclusive
read_and_treat_AR_exclusive read_and_treat_AR_exclusive
read_and_treat_AR_exclusive read_and_treat_AR_exclusive
read_and_treat_AR_exclusive_WD read_and_treat_AR_exclusive_WD
+++ working on night --- 2025-04-11 +++
grep: /home/report/DATA/DA_TRATTARE/test/night/20250411_winddir_k6_evol_time_AR_night.dat: No such file or directory
+++ working on night --- 2025-04-12 +++
read_and_treat_AR_exclusive read_and_treat_AR_exclusive
grep: /home/report/DATA/DA_TRATTARE/test/night/20250412_winddir_k6_evol_time_AR_night.dat: No such file or directory
+++ working on night --- 2025-04-13 +++
read_and_treat_AR_exclusive read_and_treat_AR_exclusive
grep: /home/report/DATA/DA_TRATTARE/test/night/20250413_winddir_k6_evol_time_AR_night.dat: No such file or directory
+++ working on night --- 2025-04-14 +++
read_and_treat_AR_exclusive read_and_treat_AR_exclusive
grep: /home/report/DATA/DA_TRATTARE/test/night/20250414_winddir_k6_evol_time_AR_night.dat: No such file or directory
+++ working on night --- 2025-04-16 +++
+++ working on night --- 2025-04-17 +++
+++ working on night --- 2025-04-18 +++
+++ working on night --- 2025-04-19 +++
+++ working on night --- 2025-04-20 +++
+++ working on night --- 2025-04-21 +++
read_and_treat_AR_exclusive read_and_treat_AR_exclusive
read_and_treat_AR_exclusive read_and_treat_AR_exclusive
read_and_treat_AR_exclusive read_and_treat_AR_exclusive
read_and_treat_AR_exclusive_WD read_and_treat_AR_exclusive_WD
+++ working on night --- 2025-04-22 +++
read_and_treat_AR_exclusive read_and_treat_AR_exclusive
read_and_treat_AR_exclusive read_and_treat_AR_exclusive
read_and_treat_AR_exclusive read_and_treat_AR_exclusive
read_and_treat_AR_exclusive_WD read_and_treat_AR_exclusive_WD
+++ working on night --- 2025-04-23 +++
read_and_treat_AR_exclusive read_and_treat_AR_exclusive
read_and_treat_AR_exclusive read_and_treat_AR_exclusive
read_and_treat_AR_exclusive read_and_treat_AR_exclusive
read_and_treat_AR_exclusive_WD read_and_treat_AR_exclusive_WD
+++ working on night --- 2025-04-24 +++
read_and_treat_AR_exclusive read_and_treat_AR_exclusive
read_and_treat_AR_exclusive read_and_treat_AR_exclusive
read_and_treat_AR_exclusive read_and_treat_AR_exclusive
read_and_treat_AR_exclusive_WD read_and_treat_AR_exclusive_WD
+++ working on night --- 2025-04-25 +++
read_and_treat_AR_exclusive read_and_treat_AR_exclusive
read_and_treat_AR_exclusive read_and_treat_AR_exclusive
read_and_treat_AR_exclusive read_and_treat_AR_exclusive
read_and_treat_AR_exclusive_WD read_and_treat_AR_exclusive_WD
+++ working on night --- 2025-04-26 +++
read_and_treat_AR_exclusive read_and_treat_AR_exclusive
read_and_treat_AR_exclusive read_and_treat_AR_exclusive
read_and_treat_AR_exclusive read_and_treat_AR_exclusive
read_and_treat_AR_exclusive_WD read_and_treat_AR_exclusive_WD
+++ working on night --- 2025-04-27 +++
read_and_treat_AR_exclusive read_and_treat_AR_exclusive
read_and_treat_AR_exclusive read_and_treat_AR_exclusive
read_and_treat_AR_exclusive read_and_treat_AR_exclusive
read_and_treat_AR_exclusive read_and_treat_AR_exclusive
read_and_treat_AR_exclusive read_and_treat_AR_exclusive
read_and_treat_AR_exclusive_WD read_and_treat_AR_exclusive_WD
+++ working on night --- 2025-04-28 +++
read_and_treat_AR_exclusive read_and_treat_AR_exclusive
read_and_treat_AR_exclusive read_and_treat_AR_exclusive
read_and_treat_AR_exclusive read_and_treat_AR_exclusive
read_and_treat_AR_exclusive read_and_treat_AR_exclusive
read_and_treat_AR_exclusive read_and_treat_AR_exclusive
read_and_treat_AR_exclusive_WD read_and_treat_AR_exclusive_WD
+++ working on night --- 2025-04-29 +++
read_and_treat_AR_exclusive read_and_treat_AR_exclusive
read_and_treat_AR_exclusive read_and_treat_AR_exclusive
read_and_treat_AR_exclusive read_and_treat_AR_exclusive
read_and_treat_AR_exclusive read_and_treat_AR_exclusive
read_and_treat_AR_exclusive read_and_treat_AR_exclusive
read_and_treat_AR_exclusive_WD read_and_treat_AR_exclusive_WD
+++ working on night --- 2025-04-30 +++
read_and_treat_AR_exclusive read_and_treat_AR_exclusive
read_and_treat_AR_exclusive read_and_treat_AR_exclusive
read_and_treat_AR_exclusive read_and_treat_AR_exclusive
grep: /home/report/DATA/DA_TRATTARE/test/night/20250430_wapor_evol_time_Height_5_20000_AR_night.dat: No such file or directory
read_and_treat_AR_exclusive read_and_treat_AR_exclusive
read_and_treat_AR_exclusive read_and_treat_AR_exclusive
read_and_treat_AR_exclusive_WD read_and_treat_AR_exclusive_WD
+++ working on night --- 2025-05-01 +++
read_and_treat_AR_exclusive read_and_treat_AR_exclusive
read_and_treat_AR_exclusive read_and_treat_AR_exclusive
read_and_treat_AR_exclusive read_and_treat_AR_exclusive
grep: /home/report/DATA/DA_TRATTARE/test/night/20250501_wapor_evol_time_Height_5_20000_AR_night.dat: No such file or directory
read_and_treat_AR_exclusive read_and_treat_AR_exclusive
read_and_treat_AR_exclusive read_and_treat_AR_exclusive
read_and_treat_AR_exclusive_WD read_and_treat_AR_exclusive_WD
+++ working on night --- 2025-05-02 +++
read_and_treat_AR_exclusive read_and_treat_AR_exclusive
read_and_treat_AR_exclusive read_and_treat_AR_exclusive
read_and_treat_AR_exclusive read_and_treat_AR_exclusive
grep: /home/report/DATA/DA_TRATTARE/test/night/20250502_wapor_evol_time_Height_5_20000_AR_night.dat: No such file or directory
read_and_treat_AR_exclusive read_and_treat_AR_exclusive
read_and_treat_AR_exclusive read_and_treat_AR_exclusive
read_and_treat_AR_exclusive_WD read_and_treat_AR_exclusive_WD
+++ working on night --- 2025-05-03 +++
read_and_treat_AR_exclusive read_and_treat_AR_exclusive
read_and_treat_AR_exclusive read_and_treat_AR_exclusive
read_and_treat_AR_exclusive read_and_treat_AR_exclusive
grep: /home/report/DATA/DA_TRATTARE/test/night/20250503_wapor_evol_time_Height_5_20000_AR_night.dat: No such file or directory
read_and_treat_AR_exclusive read_and_treat_AR_exclusive
read_and_treat_AR_exclusive read_and_treat_AR_exclusive
read_and_treat_AR_exclusive_WD read_and_treat_AR_exclusive_WD
+++ working on night --- 2025-05-04 +++
read_and_treat_AR_exclusive read_and_treat_AR_exclusive
read_and_treat_AR_exclusive read_and_treat_AR_exclusive
read_and_treat_AR_exclusive read_and_treat_AR_exclusive
grep: /home/report/DATA/DA_TRATTARE/test/night/20250504_wapor_evol_time_Height_5_20000_AR_night.dat: No such file or directory
read_and_treat_AR_exclusive read_and_treat_AR_exclusive
read_and_treat_AR_exclusive read_and_treat_AR_exclusive
read_and_treat_AR_exclusive_WD read_and_treat_AR_exclusive_WD
+++ working on night --- 2025-05-05 +++
read_and_treat_AR_exclusive read_and_treat_AR_exclusive
read_and_treat_AR_exclusive read_and_treat_AR_exclusive
read_and_treat_AR_exclusive read_and_treat_AR_exclusive
grep: /home/report/DATA/DA_TRATTARE/test/night/20250505_wapor_evol_time_Height_5_20000_AR_night.dat: No such file or directory
read_and_treat_AR_exclusive read_and_treat_AR_exclusive
read_and_treat_AR_exclusive read_and_treat_AR_exclusive
read_and_treat_AR_exclusive_WD read_and_treat_AR_exclusive_WD
+++ working on night --- 2025-05-06 +++
read_and_treat_AR_exclusive read_and_treat_AR_exclusive
read_and_treat_AR_exclusive read_and_treat_AR_exclusive
read_and_treat_AR_exclusive read_and_treat_AR_exclusive
grep: /home/report/DATA/DA_TRATTARE/test/night/20250506_wapor_evol_time_Height_5_20000_AR_night.dat: No such file or directory
read_and_treat_AR_exclusive read_and_treat_AR_exclusive
read_and_treat_AR_exclusive read_and_treat_AR_exclusive
read_and_treat_AR_exclusive_WD read_and_treat_AR_exclusive_WD
+++ working on night --- 2025-05-07 +++
read_and_treat_AR_exclusive read_and_treat_AR_exclusive
read_and_treat_AR_exclusive read_and_treat_AR_exclusive
read_and_treat_AR_exclusive read_and_treat_AR_exclusive
grep: /home/report/DATA/DA_TRATTARE/test/night/20250507_wapor_evol_time_Height_5_20000_AR_night.dat: No such file or directory
read_and_treat_AR_exclusive read_and_treat_AR_exclusive
read_and_treat_AR_exclusive read_and_treat_AR_exclusive
read_and_treat_AR_exclusive_WD read_and_treat_AR_exclusive_WD
+++ working on night --- 2025-05-08 +++
read_and_treat_AR_exclusive read_and_treat_AR_exclusive
read_and_treat_AR_exclusive read_and_treat_AR_exclusive
read_and_treat_AR_exclusive read_and_treat_AR_exclusive
grep: /home/report/DATA/DA_TRATTARE/test/night/20250508_wapor_evol_time_Height_5_20000_AR_night.dat: No such file or directory
read_and_treat_AR_exclusive read_and_treat_AR_exclusive
read_and_treat_AR_exclusive read_and_treat_AR_exclusive
read_and_treat_AR_exclusive_WD read_and_treat_AR_exclusive_WD
+++ working on night --- 2025-05-09 +++
read_and_treat_AR_exclusive read_and_treat_AR_exclusive
read_and_treat_AR_exclusive read_and_treat_AR_exclusive
read_and_treat_AR_exclusive read_and_treat_AR_exclusive
grep: /home/report/DATA/DA_TRATTARE/test/night/20250509_wapor_evol_time_Height_5_20000_AR_night.dat: No such file or directory
read_and_treat_AR_exclusive read_and_treat_AR_exclusive
read_and_treat_AR_exclusive read_and_treat_AR_exclusive
read_and_treat_AR_exclusive_WD read_and_treat_AR_exclusive_WD
+++ working on night --- 2025-05-10 +++
read_and_treat_AR_exclusive read_and_treat_AR_exclusive
read_and_treat_AR_exclusive read_and_treat_AR_exclusive
read_and_treat_AR_exclusive read_and_treat_AR_exclusive
grep: /home/report/DATA/DA_TRATTARE/test/night/20250510_wapor_evol_time_Height_5_20000_AR_night.dat: No such file or directory
read_and_treat_AR_exclusive read_and_treat_AR_exclusive
read_and_treat_AR_exclusive read_and_treat_AR_exclusive
read_and_treat_AR_exclusive_WD read_and_treat_AR_exclusive_WD
+++ working on night --- 2025-05-11 +++
read_and_treat_AR_exclusive read_and_treat_AR_exclusive
read_and_treat_AR_exclusive read_and_treat_AR_exclusive
read_and_treat_AR_exclusive read_and_treat_AR_exclusive
grep: /home/report/DATA/DA_TRATTARE/test/night/20250511_wapor_evol_time_Height_5_20000_AR_night.dat: No such file or directory
read_and_treat_AR_exclusive read_and_treat_AR_exclusive
read_and_treat_AR_exclusive read_and_treat_AR_exclusive
read_and_treat_AR_exclusive_WD read_and_treat_AR_exclusive_WD
+++ working on night --- 2025-05-12 +++
read_and_treat_AR_exclusive read_and_treat_AR_exclusive
read_and_treat_AR_exclusive read_and_treat_AR_exclusive
read_and_treat_AR_exclusive read_and_treat_AR_exclusive
grep: /home/report/DATA/DA_TRATTARE/test/night/20250512_wapor_evol_time_Height_5_20000_AR_night.dat: No such file or directory
read_and_treat_AR_exclusive read_and_treat_AR_exclusive
read_and_treat_AR_exclusive read_and_treat_AR_exclusive
read_and_treat_AR_exclusive_WD read_and_treat_AR_exclusive_WD
+++ working on night --- 2025-05-13 +++
read_and_treat_AR_exclusive read_and_treat_AR_exclusive
read_and_treat_AR_exclusive read_and_treat_AR_exclusive
read_and_treat_AR_exclusive read_and_treat_AR_exclusive
grep: /home/report/DATA/DA_TRATTARE/test/night/20250513_wapor_evol_time_Height_5_20000_AR_night.dat: No such file or directory
read_and_treat_AR_exclusive read_and_treat_AR_exclusive
read_and_treat_AR_exclusive read_and_treat_AR_exclusive
read_and_treat_AR_exclusive_WD read_and_treat_AR_exclusive_WD
+++ working on night --- 2025-05-14 +++
grep: /home/report/DATA/DA_TRATTARE/test/night/20250514_wapor_evol_time_Height_5_20000_AR_night.dat: No such file or directory
read_and_treat_AR_exclusive read_and_treat_AR_exclusive
read_and_treat_AR_exclusive read_and_treat_AR_exclusive
read_and_treat_AR_exclusive_WD read_and_treat_AR_exclusive_WD
+++ working on night --- 2025-05-15 +++
grep: /home/report/DATA/DA_TRATTARE/test/night/20250515_wapor_evol_time_Height_5_20000_AR_night.dat: No such file or directory
read_and_treat_AR_exclusive read_and_treat_AR_exclusive
read_and_treat_AR_exclusive read_and_treat_AR_exclusive
read_and_treat_AR_exclusive_WD read_and_treat_AR_exclusive_WD
+++ working on night --- 2025-05-16 +++
grep: /home/report/DATA/DA_TRATTARE/test/night/20250516_wapor_evol_time_Height_5_20000_AR_night.dat: No such file or directory
read_and_treat_AR_exclusive read_and_treat_AR_exclusive
read_and_treat_AR_exclusive read_and_treat_AR_exclusive
read_and_treat_AR_exclusive_WD read_and_treat_AR_exclusive_WD
+++ working on night --- 2025-05-17 +++
grep: /home/report/DATA/DA_TRATTARE/test/night/20250517_wapor_evol_time_Height_5_20000_AR_night.dat: No such file or directory
read_and_treat_AR_exclusive read_and_treat_AR_exclusive
read_and_treat_AR_exclusive read_and_treat_AR_exclusive
read_and_treat_AR_exclusive_WD read_and_treat_AR_exclusive_WD
+++ working on night --- 2025-05-18 +++
grep: /home/report/DATA/DA_TRATTARE/test/night/20250518_wapor_evol_time_Height_5_20000_AR_night.dat: No such file or directory
read_and_treat_AR_exclusive read_and_treat_AR_exclusive
read_and_treat_AR_exclusive read_and_treat_AR_exclusive
read_and_treat_AR_exclusive_WD read_and_treat_AR_exclusive_WD
+++ working on night --- 2025-05-19 +++
grep: /home/report/DATA/DA_TRATTARE/test/night/20250519_wapor_evol_time_Height_5_20000_AR_night.dat: No such file or directory
read_and_treat_AR_exclusive read_and_treat_AR_exclusive
read_and_treat_AR_exclusive read_and_treat_AR_exclusive
read_and_treat_AR_exclusive_WD read_and_treat_AR_exclusive_WD
+++ working on night --- 2025-05-20 +++
grep: /home/report/DATA/DA_TRATTARE/test/night/20250520_wapor_evol_time_Height_5_20000_AR_night.dat: No such file or directory
read_and_treat_AR_exclusive read_and_treat_AR_exclusive
read_and_treat_AR_exclusive read_and_treat_AR_exclusive
read_and_treat_AR_exclusive_WD read_and_treat_AR_exclusive_WD
+++ working on night --- 2025-05-21 +++
read_and_treat_AR_exclusive read_and_treat_AR_exclusive
read_and_treat_AR_exclusive read_and_treat_AR_exclusive
read_and_treat_AR_exclusive read_and_treat_AR_exclusive
grep: /home/report/DATA/DA_TRATTARE/test/night/20250521_wapor_evol_time_Height_5_20000_AR_night.dat: No such file or directory
read_and_treat_AR_exclusive read_and_treat_AR_exclusive
read_and_treat_AR_exclusive read_and_treat_AR_exclusive
read_and_treat_AR_exclusive_WD read_and_treat_AR_exclusive_WD
+++ working on night --- 2025-05-22 +++
read_and_treat_AR_exclusive read_and_treat_AR_exclusive
read_and_treat_AR_exclusive read_and_treat_AR_exclusive
read_and_treat_AR_exclusive read_and_treat_AR_exclusive
grep: /home/report/DATA/DA_TRATTARE/test/night/20250522_wapor_evol_time_Height_5_20000_AR_night.dat: No such file or directory
read_and_treat_AR_exclusive read_and_treat_AR_exclusive
read_and_treat_AR_exclusive read_and_treat_AR_exclusive
read_and_treat_AR_exclusive_WD read_and_treat_AR_exclusive_WD
+++ working on night --- 2025-05-23 +++
read_and_treat_AR_exclusive read_and_treat_AR_exclusive
read_and_treat_AR_exclusive read_and_treat_AR_exclusive
read_and_treat_AR_exclusive read_and_treat_AR_exclusive
grep: /home/report/DATA/DA_TRATTARE/test/night/20250523_wapor_evol_time_Height_5_20000_AR_night.dat: No such file or directory
read_and_treat_AR_exclusive read_and_treat_AR_exclusive
read_and_treat_AR_exclusive read_and_treat_AR_exclusive
read_and_treat_AR_exclusive_WD read_and_treat_AR_exclusive_WD
+++ working on night --- 2025-05-24 +++
read_and_treat_AR_exclusive read_and_treat_AR_exclusive
read_and_treat_AR_exclusive read_and_treat_AR_exclusive
read_and_treat_AR_exclusive read_and_treat_AR_exclusive
grep: /home/report/DATA/DA_TRATTARE/test/night/20250524_wapor_evol_time_Height_5_20000_AR_night.dat: No such file or directory
read_and_treat_AR_exclusive read_and_treat_AR_exclusive
read_and_treat_AR_exclusive read_and_treat_AR_exclusive
read_and_treat_AR_exclusive_WD read_and_treat_AR_exclusive_WD
+++ working on night --- 2025-05-25 +++
read_and_treat_AR_exclusive read_and_treat_AR_exclusive
read_and_treat_AR_exclusive read_and_treat_AR_exclusive
read_and_treat_AR_exclusive read_and_treat_AR_exclusive
grep: /home/report/DATA/DA_TRATTARE/test/night/20250525_wapor_evol_time_Height_5_20000_AR_night.dat: No such file or directory
read_and_treat_AR_exclusive read_and_treat_AR_exclusive
read_and_treat_AR_exclusive read_and_treat_AR_exclusive
read_and_treat_AR_exclusive_WD read_and_treat_AR_exclusive_WD
+++ working on night --- 2025-05-26 +++
read_and_treat_AR_exclusive read_and_treat_AR_exclusive
read_and_treat_AR_exclusive read_and_treat_AR_exclusive
read_and_treat_AR_exclusive read_and_treat_AR_exclusive
grep: /home/report/DATA/DA_TRATTARE/test/night/20250526_wapor_evol_time_Height_5_20000_AR_night.dat: No such file or directory
read_and_treat_AR_exclusive read_and_treat_AR_exclusive
read_and_treat_AR_exclusive read_and_treat_AR_exclusive
read_and_treat_AR_exclusive_WD read_and_treat_AR_exclusive_WD
+++ working on night --- 2025-05-27 +++
read_and_treat_AR_exclusive read_and_treat_AR_exclusive
read_and_treat_AR_exclusive read_and_treat_AR_exclusive
read_and_treat_AR_exclusive read_and_treat_AR_exclusive
grep: /home/report/DATA/DA_TRATTARE/test/night/20250527_wapor_evol_time_Height_5_20000_AR_night.dat: No such file or directory
read_and_treat_AR_exclusive read_and_treat_AR_exclusive
read_and_treat_AR_exclusive read_and_treat_AR_exclusive
read_and_treat_AR_exclusive_WD read_and_treat_AR_exclusive_WD
+++ working on night --- 2025-05-28 +++
read_and_treat_AR_exclusive read_and_treat_AR_exclusive
read_and_treat_AR_exclusive read_and_treat_AR_exclusive
read_and_treat_AR_exclusive read_and_treat_AR_exclusive
grep: /home/report/DATA/DA_TRATTARE/test/night/20250528_wapor_evol_time_Height_5_20000_AR_night.dat: No such file or directory
read_and_treat_AR_exclusive read_and_treat_AR_exclusive
read_and_treat_AR_exclusive read_and_treat_AR_exclusive
read_and_treat_AR_exclusive_WD read_and_treat_AR_exclusive_WD
+++ working on night --- 2025-05-29 +++
read_and_treat_AR_exclusive read_and_treat_AR_exclusive
read_and_treat_AR_exclusive read_and_treat_AR_exclusive
read_and_treat_AR_exclusive read_and_treat_AR_exclusive
grep: /home/report/DATA/DA_TRATTARE/test/night/20250529_wapor_evol_time_Height_5_20000_AR_night.dat: No such file or directory
read_and_treat_AR_exclusive read_and_treat_AR_exclusive
read_and_treat_AR_exclusive read_and_treat_AR_exclusive
read_and_treat_AR_exclusive_WD read_and_treat_AR_exclusive_WD
+++ working on night --- 2025-05-30 +++
read_and_treat_AR_exclusive read_and_treat_AR_exclusive
read_and_treat_AR_exclusive read_and_treat_AR_exclusive
read_and_treat_AR_exclusive read_and_treat_AR_exclusive
grep: /home/report/DATA/DA_TRATTARE/test/night/20250530_wapor_evol_time_Height_5_20000_AR_night.dat: No such file or directory
read_and_treat_AR_exclusive read_and_treat_AR_exclusive
read_and_treat_AR_exclusive read_and_treat_AR_exclusive
read_and_treat_AR_exclusive_WD read_and_treat_AR_exclusive_WD
+++ working on night --- 2025-05-31 +++
read_and_treat_AR_exclusive read_and_treat_AR_exclusive
read_and_treat_AR_exclusive read_and_treat_AR_exclusive
read_and_treat_AR_exclusive read_and_treat_AR_exclusive
grep: /home/report/DATA/DA_TRATTARE/test/night/20250531_wapor_evol_time_Height_5_20000_AR_night.dat: No such file or directory
read_and_treat_AR_exclusive read_and_treat_AR_exclusive
read_and_treat_AR_exclusive read_and_treat_AR_exclusive
read_and_treat_AR_exclusive_WD read_and_treat_AR_exclusive_WD
+++ working on night --- 2025-06-01 +++
read_and_treat_AR_exclusive read_and_treat_AR_exclusive
read_and_treat_AR_exclusive read_and_treat_AR_exclusive
read_and_treat_AR_exclusive read_and_treat_AR_exclusive
grep: /home/report/DATA/DA_TRATTARE/test/night/20250601_wapor_evol_time_Height_5_20000_AR_night.dat: No such file or directory
read_and_treat_AR_exclusive read_and_treat_AR_exclusive
read_and_treat_AR_exclusive read_and_treat_AR_exclusive
read_and_treat_AR_exclusive_WD read_and_treat_AR_exclusive_WD
+++ working on night --- 2025-06-02 +++
read_and_treat_AR_exclusive read_and_treat_AR_exclusive
read_and_treat_AR_exclusive read_and_treat_AR_exclusive
read_and_treat_AR_exclusive read_and_treat_AR_exclusive
grep: /home/report/DATA/DA_TRATTARE/test/night/20250602_wapor_evol_time_Height_5_20000_AR_night.dat: No such file or directory
read_and_treat_AR_exclusive read_and_treat_AR_exclusive
read_and_treat_AR_exclusive read_and_treat_AR_exclusive
read_and_treat_AR_exclusive_WD read_and_treat_AR_exclusive_WD
+++ working on night --- 2025-06-03 +++
read_and_treat_AR_exclusive read_and_treat_AR_exclusive
read_and_treat_AR_exclusive read_and_treat_AR_exclusive
read_and_treat_AR_exclusive read_and_treat_AR_exclusive
grep: /home/report/DATA/DA_TRATTARE/test/night/20250603_wapor_evol_time_Height_5_20000_AR_night.dat: No such file or directory
read_and_treat_AR_exclusive read_and_treat_AR_exclusive
read_and_treat_AR_exclusive read_and_treat_AR_exclusive
read_and_treat_AR_exclusive_WD read_and_treat_AR_exclusive_WD
+++ working on night --- 2025-06-04 +++
read_and_treat_AR_exclusive read_and_treat_AR_exclusive
read_and_treat_AR_exclusive read_and_treat_AR_exclusive
read_and_treat_AR_exclusive read_and_treat_AR_exclusive
grep: /home/report/DATA/DA_TRATTARE/test/night/20250604_wapor_evol_time_Height_5_20000_AR_night.dat: No such file or directory
read_and_treat_AR_exclusive read_and_treat_AR_exclusive
read_and_treat_AR_exclusive read_and_treat_AR_exclusive
read_and_treat_AR_exclusive_WD read_and_treat_AR_exclusive_WD
+++ working on night --- 2025-06-05 +++
read_and_treat_AR_exclusive read_and_treat_AR_exclusive
read_and_treat_AR_exclusive read_and_treat_AR_exclusive
read_and_treat_AR_exclusive read_and_treat_AR_exclusive
grep: /home/report/DATA/DA_TRATTARE/test/night/20250605_wapor_evol_time_Height_5_20000_AR_night.dat: No such file or directory
read_and_treat_AR_exclusive read_and_treat_AR_exclusive
read_and_treat_AR_exclusive read_and_treat_AR_exclusive
read_and_treat_AR_exclusive_WD read_and_treat_AR_exclusive_WD
+++ working on night --- 2025-06-06 +++
read_and_treat_AR_exclusive read_and_treat_AR_exclusive
read_and_treat_AR_exclusive read_and_treat_AR_exclusive
read_and_treat_AR_exclusive read_and_treat_AR_exclusive
grep: /home/report/DATA/DA_TRATTARE/test/night/20250606_wapor_evol_time_Height_5_20000_AR_night.dat: No such file or directory
read_and_treat_AR_exclusive read_and_treat_AR_exclusive
read_and_treat_AR_exclusive read_and_treat_AR_exclusive
read_and_treat_AR_exclusive_WD read_and_treat_AR_exclusive_WD
+++ working on night --- 2025-06-07 +++
read_and_treat_AR_exclusive read_and_treat_AR_exclusive
read_and_treat_AR_exclusive read_and_treat_AR_exclusive
read_and_treat_AR_exclusive read_and_treat_AR_exclusive
grep: /home/report/DATA/DA_TRATTARE/test/night/20250607_wapor_evol_time_Height_5_20000_AR_night.dat: No such file or directory
read_and_treat_AR_exclusive read_and_treat_AR_exclusive
read_and_treat_AR_exclusive read_and_treat_AR_exclusive
read_and_treat_AR_exclusive_WD read_and_treat_AR_exclusive_WD
+++ working on night --- 2025-06-08 +++
read_and_treat_AR_exclusive read_and_treat_AR_exclusive
read_and_treat_AR_exclusive read_and_treat_AR_exclusive
read_and_treat_AR_exclusive read_and_treat_AR_exclusive
grep: /home/report/DATA/DA_TRATTARE/test/night/20250608_wapor_evol_time_Height_5_20000_AR_night.dat: No such file or directory
read_and_treat_AR_exclusive read_and_treat_AR_exclusive
read_and_treat_AR_exclusive read_and_treat_AR_exclusive
read_and_treat_AR_exclusive_WD read_and_treat_AR_exclusive_WD
+++ working on night --- 2025-06-09 +++
read_and_treat_AR_exclusive read_and_treat_AR_exclusive
read_and_treat_AR_exclusive read_and_treat_AR_exclusive
read_and_treat_AR_exclusive read_and_treat_AR_exclusive
grep: /home/report/DATA/DA_TRATTARE/test/night/20250609_wapor_evol_time_Height_5_20000_AR_night.dat: No such file or directory
read_and_treat_AR_exclusive read_and_treat_AR_exclusive
read_and_treat_AR_exclusive read_and_treat_AR_exclusive
read_and_treat_AR_exclusive_WD read_and_treat_AR_exclusive_WD
+++ working on night --- 2025-06-10 +++
read_and_treat_AR_exclusive read_and_treat_AR_exclusive
read_and_treat_AR_exclusive read_and_treat_AR_exclusive
read_and_treat_AR_exclusive read_and_treat_AR_exclusive
grep: /home/report/DATA/DA_TRATTARE/test/night/20250610_wapor_evol_time_Height_5_20000_AR_night.dat: No such file or directory
read_and_treat_AR_exclusive read_and_treat_AR_exclusive
read_and_treat_AR_exclusive read_and_treat_AR_exclusive
read_and_treat_AR_exclusive_WD read_and_treat_AR_exclusive_WD
+++ working on night --- 2025-06-11 +++
read_and_treat_AR_exclusive read_and_treat_AR_exclusive
read_and_treat_AR_exclusive read_and_treat_AR_exclusive
read_and_treat_AR_exclusive read_and_treat_AR_exclusive
grep: /home/report/DATA/DA_TRATTARE/test/night/20250611_wapor_evol_time_Height_5_20000_AR_night.dat: No such file or directory
read_and_treat_AR_exclusive read_and_treat_AR_exclusive
read_and_treat_AR_exclusive read_and_treat_AR_exclusive
read_and_treat_AR_exclusive_WD read_and_treat_AR_exclusive_WD
+++ working on night --- 2025-06-12 +++
read_and_treat_AR_exclusive read_and_treat_AR_exclusive
read_and_treat_AR_exclusive read_and_treat_AR_exclusive
read_and_treat_AR_exclusive read_and_treat_AR_exclusive
grep: /home/report/DATA/DA_TRATTARE/test/night/20250612_wapor_evol_time_Height_5_20000_AR_night.dat: No such file or directory
read_and_treat_AR_exclusive read_and_treat_AR_exclusive
read_and_treat_AR_exclusive read_and_treat_AR_exclusive
read_and_treat_AR_exclusive_WD read_and_treat_AR_exclusive_WD
+++ working on night --- 2025-06-13 +++
grep: /home/report/DATA/DA_TRATTARE/test/night/20250613_wapor_evol_time_Height_5_20000_AR_night.dat: No such file or directory
read_and_treat_AR_exclusive read_and_treat_AR_exclusive
read_and_treat_AR_exclusive read_and_treat_AR_exclusive
read_and_treat_AR_exclusive_WD read_and_treat_AR_exclusive_WD
+++ working on night --- 2025-06-14 +++
grep: /home/report/DATA/DA_TRATTARE/test/night/20250614_wapor_evol_time_Height_5_20000_AR_night.dat: No such file or directory
read_and_treat_AR_exclusive read_and_treat_AR_exclusive
read_and_treat_AR_exclusive read_and_treat_AR_exclusive
read_and_treat_AR_exclusive_WD read_and_treat_AR_exclusive_WD
+++ working on night --- 2025-06-15 +++
grep: /home/report/DATA/DA_TRATTARE/test/night/20250615_wapor_evol_time_Height_5_20000_AR_night.dat: No such file or directory
read_and_treat_AR_exclusive read_and_treat_AR_exclusive
read_and_treat_AR_exclusive read_and_treat_AR_exclusive
read_and_treat_AR_exclusive_WD read_and_treat_AR_exclusive_WD
+++ working on night --- 2025-06-16 +++
grep: /home/report/DATA/DA_TRATTARE/test/night/20250616_wapor_evol_time_Height_5_20000_AR_night.dat: No such file or directory
read_and_treat_AR_exclusive read_and_treat_AR_exclusive
read_and_treat_AR_exclusive read_and_treat_AR_exclusive
read_and_treat_AR_exclusive_WD read_and_treat_AR_exclusive_WD
+++ working on night --- 2025-06-17 +++
grep: /home/report/DATA/DA_TRATTARE/test/night/20250617_wapor_evol_time_Height_5_20000_AR_night.dat: No such file or directory
read_and_treat_AR_exclusive read_and_treat_AR_exclusive
read_and_treat_AR_exclusive read_and_treat_AR_exclusive
read_and_treat_AR_exclusive_WD read_and_treat_AR_exclusive_WD
+++ working on night --- 2025-06-18 +++
grep: /home/report/DATA/DA_TRATTARE/test/night/20250618_wapor_evol_time_Height_5_20000_AR_night.dat: No such file or directory
read_and_treat_AR_exclusive read_and_treat_AR_exclusive
read_and_treat_AR_exclusive read_and_treat_AR_exclusive
read_and_treat_AR_exclusive_WD read_and_treat_AR_exclusive_WD
+++ working on night --- 2025-06-19 +++
read_and_treat_AR_exclusive read_and_treat_AR_exclusive
read_and_treat_AR_exclusive read_and_treat_AR_exclusive
read_and_treat_AR_exclusive read_and_treat_AR_exclusive
grep: /home/report/DATA/DA_TRATTARE/test/night/20250619_wapor_evol_time_Height_5_20000_AR_night.dat: No such file or directory
read_and_treat_AR_exclusive read_and_treat_AR_exclusive
read_and_treat_AR_exclusive read_and_treat_AR_exclusive
read_and_treat_AR_exclusive_WD read_and_treat_AR_exclusive_WD
+++ working on night --- 2025-06-20 +++
read_and_treat_AR_exclusive read_and_treat_AR_exclusive
read_and_treat_AR_exclusive read_and_treat_AR_exclusive
read_and_treat_AR_exclusive read_and_treat_AR_exclusive
grep: /home/report/DATA/DA_TRATTARE/test/night/20250620_wapor_evol_time_Height_5_20000_AR_night.dat: No such file or directory
read_and_treat_AR_exclusive read_and_treat_AR_exclusive
read_and_treat_AR_exclusive read_and_treat_AR_exclusive
read_and_treat_AR_exclusive_WD read_and_treat_AR_exclusive_WD
+++ working on night --- 2025-06-21 +++
read_and_treat_AR_exclusive read_and_treat_AR_exclusive
read_and_treat_AR_exclusive read_and_treat_AR_exclusive
read_and_treat_AR_exclusive read_and_treat_AR_exclusive
grep: /home/report/DATA/DA_TRATTARE/test/night/20250621_wapor_evol_time_Height_5_20000_AR_night.dat: No such file or directory
read_and_treat_AR_exclusive read_and_treat_AR_exclusive
read_and_treat_AR_exclusive read_and_treat_AR_exclusive
read_and_treat_AR_exclusive_WD read_and_treat_AR_exclusive_WD
+++ working on night --- 2025-06-22 +++
read_and_treat_AR_exclusive read_and_treat_AR_exclusive
read_and_treat_AR_exclusive read_and_treat_AR_exclusive
read_and_treat_AR_exclusive read_and_treat_AR_exclusive
grep: /home/report/DATA/DA_TRATTARE/test/night/20250622_wapor_evol_time_Height_5_20000_AR_night.dat: No such file or directory
read_and_treat_AR_exclusive read_and_treat_AR_exclusive
read_and_treat_AR_exclusive read_and_treat_AR_exclusive
read_and_treat_AR_exclusive_WD read_and_treat_AR_exclusive_WD
+++ working on night --- 2025-06-23 +++
read_and_treat_AR_exclusive read_and_treat_AR_exclusive
read_and_treat_AR_exclusive read_and_treat_AR_exclusive
read_and_treat_AR_exclusive read_and_treat_AR_exclusive
grep: /home/report/DATA/DA_TRATTARE/test/night/20250623_wapor_evol_time_Height_5_20000_AR_night.dat: No such file or directory
read_and_treat_AR_exclusive read_and_treat_AR_exclusive
read_and_treat_AR_exclusive read_and_treat_AR_exclusive
read_and_treat_AR_exclusive_WD read_and_treat_AR_exclusive_WD
+++ working on night --- 2025-06-24 +++
read_and_treat_AR_exclusive read_and_treat_AR_exclusive
read_and_treat_AR_exclusive read_and_treat_AR_exclusive
read_and_treat_AR_exclusive read_and_treat_AR_exclusive
grep: /home/report/DATA/DA_TRATTARE/test/night/20250624_wapor_evol_time_Height_5_20000_AR_night.dat: No such file or directory
read_and_treat_AR_exclusive read_and_treat_AR_exclusive
read_and_treat_AR_exclusive read_and_treat_AR_exclusive
read_and_treat_AR_exclusive_WD read_and_treat_AR_exclusive_WD
+++ working on night --- 2025-06-25 +++
read_and_treat_AR_exclusive read_and_treat_AR_exclusive
read_and_treat_AR_exclusive read_and_treat_AR_exclusive
read_and_treat_AR_exclusive read_and_treat_AR_exclusive
grep: /home/report/DATA/DA_TRATTARE/test/night/20250625_wapor_evol_time_Height_5_20000_AR_night.dat: No such file or directory
read_and_treat_AR_exclusive read_and_treat_AR_exclusive
read_and_treat_AR_exclusive read_and_treat_AR_exclusive
read_and_treat_AR_exclusive_WD read_and_treat_AR_exclusive_WD
+++ working on night --- 2025-06-26 +++
read_and_treat_AR_exclusive read_and_treat_AR_exclusive
read_and_treat_AR_exclusive read_and_treat_AR_exclusive
read_and_treat_AR_exclusive read_and_treat_AR_exclusive
grep: /home/report/DATA/DA_TRATTARE/test/night/20250626_wapor_evol_time_Height_5_20000_AR_night.dat: No such file or directory
read_and_treat_AR_exclusive read_and_treat_AR_exclusive
read_and_treat_AR_exclusive read_and_treat_AR_exclusive
read_and_treat_AR_exclusive_WD read_and_treat_AR_exclusive_WD
+++ working on night --- 2025-06-27 +++
read_and_treat_AR_exclusive read_and_treat_AR_exclusive
read_and_treat_AR_exclusive read_and_treat_AR_exclusive
read_and_treat_AR_exclusive read_and_treat_AR_exclusive
grep: /home/report/DATA/DA_TRATTARE/test/night/20250627_wapor_evol_time_Height_5_20000_AR_night.dat: No such file or directory
read_and_treat_AR_exclusive read_and_treat_AR_exclusive
read_and_treat_AR_exclusive read_and_treat_AR_exclusive
read_and_treat_AR_exclusive_WD read_and_treat_AR_exclusive_WD
+++ working on night --- 2025-06-28 +++
read_and_treat_AR_exclusive read_and_treat_AR_exclusive
read_and_treat_AR_exclusive read_and_treat_AR_exclusive
read_and_treat_AR_exclusive read_and_treat_AR_exclusive
grep: /home/report/DATA/DA_TRATTARE/test/night/20250628_wapor_evol_time_Height_5_20000_AR_night.dat: No such file or directory
read_and_treat_AR_exclusive read_and_treat_AR_exclusive
read_and_treat_AR_exclusive read_and_treat_AR_exclusive
read_and_treat_AR_exclusive_WD read_and_treat_AR_exclusive_WD
+++ working on night --- 2025-06-29 +++
read_and_treat_AR_exclusive read_and_treat_AR_exclusive
read_and_treat_AR_exclusive read_and_treat_AR_exclusive
read_and_treat_AR_exclusive read_and_treat_AR_exclusive
grep: /home/report/DATA/DA_TRATTARE/test/night/20250629_wapor_evol_time_Height_5_20000_AR_night.dat: No such file or directory
read_and_treat_AR_exclusive read_and_treat_AR_exclusive
read_and_treat_AR_exclusive read_and_treat_AR_exclusive
read_and_treat_AR_exclusive_WD read_and_treat_AR_exclusive_WD
+++ working on night --- 2025-06-30 +++
read_and_treat_AR_exclusive read_and_treat_AR_exclusive
read_and_treat_AR_exclusive read_and_treat_AR_exclusive
read_and_treat_AR_exclusive read_and_treat_AR_exclusive
grep: /home/report/DATA/DA_TRATTARE/test/night/20250630_wapor_evol_time_Height_5_20000_AR_night.dat: No such file or directory
read_and_treat_AR_exclusive read_and_treat_AR_exclusive
read_and_treat_AR_exclusive read_and_treat_AR_exclusive
read_and_treat_AR_exclusive_WD read_and_treat_AR_exclusive_WD
+++ working on night --- 2025-07-01 +++
read_and_treat_AR_exclusive read_and_treat_AR_exclusive
read_and_treat_AR_exclusive read_and_treat_AR_exclusive
read_and_treat_AR_exclusive read_and_treat_AR_exclusive
grep: /home/report/DATA/DA_TRATTARE/test/night/20250701_wapor_evol_time_Height_5_20000_AR_night.dat: No such file or directory
read_and_treat_AR_exclusive read_and_treat_AR_exclusive
read_and_treat_AR_exclusive read_and_treat_AR_exclusive
read_and_treat_AR_exclusive_WD read_and_treat_AR_exclusive_WD
+++ working on night --- 2025-07-02 +++
read_and_treat_AR_exclusive read_and_treat_AR_exclusive
read_and_treat_AR_exclusive read_and_treat_AR_exclusive
read_and_treat_AR_exclusive read_and_treat_AR_exclusive
grep: /home/report/DATA/DA_TRATTARE/test/night/20250702_wapor_evol_time_Height_5_20000_AR_night.dat: No such file or directory
read_and_treat_AR_exclusive read_and_treat_AR_exclusive
read_and_treat_AR_exclusive read_and_treat_AR_exclusive
read_and_treat_AR_exclusive_WD read_and_treat_AR_exclusive_WD
+++ working on night --- 2025-07-03 +++
read_and_treat_AR_exclusive read_and_treat_AR_exclusive
read_and_treat_AR_exclusive read_and_treat_AR_exclusive
read_and_treat_AR_exclusive read_and_treat_AR_exclusive
grep: /home/report/DATA/DA_TRATTARE/test/night/20250703_wapor_evol_time_Height_5_20000_AR_night.dat: No such file or directory
read_and_treat_AR_exclusive read_and_treat_AR_exclusive
read_and_treat_AR_exclusive read_and_treat_AR_exclusive
read_and_treat_AR_exclusive_WD read_and_treat_AR_exclusive_WD
+++ working on night --- 2025-07-04 +++
read_and_treat_AR_exclusive read_and_treat_AR_exclusive
read_and_treat_AR_exclusive read_and_treat_AR_exclusive
read_and_treat_AR_exclusive read_and_treat_AR_exclusive
grep: /home/report/DATA/DA_TRATTARE/test/night/20250704_wapor_evol_time_Height_5_20000_AR_night.dat: No such file or directory
read_and_treat_AR_exclusive read_and_treat_AR_exclusive
read_and_treat_AR_exclusive read_and_treat_AR_exclusive
read_and_treat_AR_exclusive_WD read_and_treat_AR_exclusive_WD
+++ working on night --- 2025-07-05 +++
read_and_treat_AR_exclusive read_and_treat_AR_exclusive
read_and_treat_AR_exclusive read_and_treat_AR_exclusive
read_and_treat_AR_exclusive read_and_treat_AR_exclusive
grep: /home/report/DATA/DA_TRATTARE/test/night/20250705_wapor_evol_time_Height_5_20000_AR_night.dat: No such file or directory
read_and_treat_AR_exclusive read_and_treat_AR_exclusive
read_and_treat_AR_exclusive read_and_treat_AR_exclusive
read_and_treat_AR_exclusive_WD read_and_treat_AR_exclusive_WD
+++ working on night --- 2025-07-06 +++
read_and_treat_AR_exclusive read_and_treat_AR_exclusive
read_and_treat_AR_exclusive read_and_treat_AR_exclusive
read_and_treat_AR_exclusive read_and_treat_AR_exclusive
grep: /home/report/DATA/DA_TRATTARE/test/night/20250706_wapor_evol_time_Height_5_20000_AR_night.dat: No such file or directory
read_and_treat_AR_exclusive read_and_treat_AR_exclusive
read_and_treat_AR_exclusive read_and_treat_AR_exclusive
read_and_treat_AR_exclusive_WD read_and_treat_AR_exclusive_WD
+++ working on night --- 2025-07-07 +++
read_and_treat_AR_exclusive read_and_treat_AR_exclusive
read_and_treat_AR_exclusive read_and_treat_AR_exclusive
read_and_treat_AR_exclusive read_and_treat_AR_exclusive
grep: /home/report/DATA/DA_TRATTARE/test/night/20250707_wapor_evol_time_Height_5_20000_AR_night.dat: No such file or directory
read_and_treat_AR_exclusive read_and_treat_AR_exclusive
read_and_treat_AR_exclusive read_and_treat_AR_exclusive
read_and_treat_AR_exclusive_WD read_and_treat_AR_exclusive_WD
+++ working on night --- 2025-07-08 +++
read_and_treat_AR_exclusive read_and_treat_AR_exclusive
read_and_treat_AR_exclusive read_and_treat_AR_exclusive
read_and_treat_AR_exclusive read_and_treat_AR_exclusive
read_and_treat_AR_exclusive read_and_treat_AR_exclusive
read_and_treat_AR_exclusive read_and_treat_AR_exclusive
read_and_treat_AR_exclusive_WD read_and_treat_AR_exclusive_WD
+++ working on night --- 2025-07-09 +++
read_and_treat_AR_exclusive read_and_treat_AR_exclusive
read_and_treat_AR_exclusive read_and_treat_AR_exclusive
read_and_treat_AR_exclusive read_and_treat_AR_exclusive
read_and_treat_AR_exclusive read_and_treat_AR_exclusive
read_and_treat_AR_exclusive read_and_treat_AR_exclusive
read_and_treat_AR_exclusive_WD read_and_treat_AR_exclusive_WD
+++ working on night --- 2025-07-10 +++
read_and_treat_AR_exclusive read_and_treat_AR_exclusive
read_and_treat_AR_exclusive read_and_treat_AR_exclusive
read_and_treat_AR_exclusive read_and_treat_AR_exclusive
read_and_treat_AR_exclusive read_and_treat_AR_exclusive
read_and_treat_AR_exclusive read_and_treat_AR_exclusive
read_and_treat_AR_exclusive_WD read_and_treat_AR_exclusive_WD
+++ working on night --- 2025-07-11 +++
read_and_treat_AR_exclusive read_and_treat_AR_exclusive
read_and_treat_AR_exclusive read_and_treat_AR_exclusive
read_and_treat_AR_exclusive read_and_treat_AR_exclusive
read_and_treat_AR_exclusive read_and_treat_AR_exclusive
read_and_treat_AR_exclusive read_and_treat_AR_exclusive
read_and_treat_AR_exclusive read_and_treat_AR_exclusive
read_and_treat_AR_exclusive_WD read_and_treat_AR_exclusive_WD
+++ working on night --- 2025-07-12 +++
read_and_treat_AR_exclusive read_and_treat_AR_exclusive
read_and_treat_AR_exclusive read_and_treat_AR_exclusive
read_and_treat_AR_exclusive read_and_treat_AR_exclusive
read_and_treat_AR_exclusive read_and_treat_AR_exclusive
read_and_treat_AR_exclusive read_and_treat_AR_exclusive
read_and_treat_AR_exclusive read_and_treat_AR_exclusive
read_and_treat_AR_exclusive_WD read_and_treat_AR_exclusive_WD
+++ working on night --- 2025-07-13 +++
read_and_treat_AR_exclusive read_and_treat_AR_exclusive
read_and_treat_AR_exclusive read_and_treat_AR_exclusive
read_and_treat_AR_exclusive read_and_treat_AR_exclusive
read_and_treat_AR_exclusive read_and_treat_AR_exclusive
read_and_treat_AR_exclusive read_and_treat_AR_exclusive
read_and_treat_AR_exclusive read_and_treat_AR_exclusive
read_and_treat_AR_exclusive_WD read_and_treat_AR_exclusive_WD
+++ working on night --- 2025-07-14 +++
read_and_treat_AR_exclusive read_and_treat_AR_exclusive
read_and_treat_AR_exclusive read_and_treat_AR_exclusive
read_and_treat_AR_exclusive read_and_treat_AR_exclusive
read_and_treat_AR_exclusive read_and_treat_AR_exclusive
read_and_treat_AR_exclusive read_and_treat_AR_exclusive
read_and_treat_AR_exclusive read_and_treat_AR_exclusive
read_and_treat_AR_exclusive_WD read_and_treat_AR_exclusive_WD
+++ working on night --- 2025-07-15 +++
read_and_treat_AR_exclusive read_and_treat_AR_exclusive
read_and_treat_AR_exclusive read_and_treat_AR_exclusive
read_and_treat_AR_exclusive read_and_treat_AR_exclusive
read_and_treat_AR_exclusive read_and_treat_AR_exclusive
read_and_treat_AR_exclusive read_and_treat_AR_exclusive
read_and_treat_AR_exclusive read_and_treat_AR_exclusive
read_and_treat_AR_exclusive_WD read_and_treat_AR_exclusive_WD
+++ working on night --- 2025-07-16 +++
read_and_treat_AR_exclusive read_and_treat_AR_exclusive
read_and_treat_AR_exclusive read_and_treat_AR_exclusive
read_and_treat_AR_exclusive read_and_treat_AR_exclusive
read_and_treat_AR_exclusive read_and_treat_AR_exclusive
read_and_treat_AR_exclusive read_and_treat_AR_exclusive
read_and_treat_AR_exclusive read_and_treat_AR_exclusive
read_and_treat_AR_exclusive_WD read_and_treat_AR_exclusive_WD
+++ working on night --- 2025-07-17 +++
read_and_treat_AR_exclusive read_and_treat_AR_exclusive
read_and_treat_AR_exclusive read_and_treat_AR_exclusive
read_and_treat_AR_exclusive read_and_treat_AR_exclusive
read_and_treat_AR_exclusive read_and_treat_AR_exclusive
read_and_treat_AR_exclusive read_and_treat_AR_exclusive
read_and_treat_AR_exclusive read_and_treat_AR_exclusive
read_and_treat_AR_exclusive_WD read_and_treat_AR_exclusive_WD
+++ working on night --- 2025-07-18 +++
read_and_treat_AR_exclusive read_and_treat_AR_exclusive
read_and_treat_AR_exclusive read_and_treat_AR_exclusive
read_and_treat_AR_exclusive read_and_treat_AR_exclusive
read_and_treat_AR_exclusive read_and_treat_AR_exclusive
read_and_treat_AR_exclusive read_and_treat_AR_exclusive
read_and_treat_AR_exclusive read_and_treat_AR_exclusive
read_and_treat_AR_exclusive_WD read_and_treat_AR_exclusive_WD
+++ working on night --- 2025-07-19 +++
read_and_treat_AR_exclusive read_and_treat_AR_exclusive
read_and_treat_AR_exclusive read_and_treat_AR_exclusive
read_and_treat_AR_exclusive read_and_treat_AR_exclusive
read_and_treat_AR_exclusive read_and_treat_AR_exclusive
read_and_treat_AR_exclusive read_and_treat_AR_exclusive
read_and_treat_AR_exclusive read_and_treat_AR_exclusive
read_and_treat_AR_exclusive_WD read_and_treat_AR_exclusive_WD
+++ working on night --- 2025-07-20 +++
read_and_treat_AR_exclusive read_and_treat_AR_exclusive
read_and_treat_AR_exclusive read_and_treat_AR_exclusive
read_and_treat_AR_exclusive read_and_treat_AR_exclusive
read_and_treat_AR_exclusive read_and_treat_AR_exclusive
read_and_treat_AR_exclusive read_and_treat_AR_exclusive
read_and_treat_AR_exclusive read_and_treat_AR_exclusive
read_and_treat_AR_exclusive_WD read_and_treat_AR_exclusive_WD
+++ working on night --- 2025-07-21 +++
read_and_treat_AR_exclusive read_and_treat_AR_exclusive
read_and_treat_AR_exclusive read_and_treat_AR_exclusive
read_and_treat_AR_exclusive read_and_treat_AR_exclusive
read_and_treat_AR_exclusive read_and_treat_AR_exclusive
read_and_treat_AR_exclusive read_and_treat_AR_exclusive
read_and_treat_AR_exclusive read_and_treat_AR_exclusive
read_and_treat_AR_exclusive_WD read_and_treat_AR_exclusive_WD
+++ working on night --- 2025-07-22 +++
read_and_treat_AR_exclusive read_and_treat_AR_exclusive
read_and_treat_AR_exclusive read_and_treat_AR_exclusive
read_and_treat_AR_exclusive read_and_treat_AR_exclusive
read_and_treat_AR_exclusive read_and_treat_AR_exclusive
read_and_treat_AR_exclusive read_and_treat_AR_exclusive
read_and_treat_AR_exclusive read_and_treat_AR_exclusive
read_and_treat_AR_exclusive_WD read_and_treat_AR_exclusive_WD
+++ working on night --- 2025-07-23 +++
read_and_treat_AR_exclusive read_and_treat_AR_exclusive
read_and_treat_AR_exclusive read_and_treat_AR_exclusive
read_and_treat_AR_exclusive read_and_treat_AR_exclusive
read_and_treat_AR_exclusive read_and_treat_AR_exclusive
read_and_treat_AR_exclusive read_and_treat_AR_exclusive
read_and_treat_AR_exclusive read_and_treat_AR_exclusive
read_and_treat_AR_exclusive_WD read_and_treat_AR_exclusive_WD
+++ working on night --- 2025-07-24 +++
read_and_treat_AR_exclusive read_and_treat_AR_exclusive
read_and_treat_AR_exclusive read_and_treat_AR_exclusive
read_and_treat_AR_exclusive read_and_treat_AR_exclusive
read_and_treat_AR_exclusive read_and_treat_AR_exclusive
read_and_treat_AR_exclusive read_and_treat_AR_exclusive
read_and_treat_AR_exclusive read_and_treat_AR_exclusive
read_and_treat_AR_exclusive_WD read_and_treat_AR_exclusive_WD
+++ working on night --- 2025-07-25 +++
read_and_treat_AR_exclusive read_and_treat_AR_exclusive
read_and_treat_AR_exclusive read_and_treat_AR_exclusive
read_and_treat_AR_exclusive read_and_treat_AR_exclusive
read_and_treat_AR_exclusive read_and_treat_AR_exclusive
read_and_treat_AR_exclusive read_and_treat_AR_exclusive
read_and_treat_AR_exclusive read_and_treat_AR_exclusive
read_and_treat_AR_exclusive_WD read_and_treat_AR_exclusive_WD
+++ working on night --- 2025-07-26 +++
read_and_treat_AR_exclusive read_and_treat_AR_exclusive
read_and_treat_AR_exclusive read_and_treat_AR_exclusive
read_and_treat_AR_exclusive read_and_treat_AR_exclusive
read_and_treat_AR_exclusive read_and_treat_AR_exclusive
read_and_treat_AR_exclusive read_and_treat_AR_exclusive
read_and_treat_AR_exclusive read_and_treat_AR_exclusive
read_and_treat_AR_exclusive_WD read_and_treat_AR_exclusive_WD
+++ working on night --- 2025-07-27 +++
read_and_treat_AR_exclusive read_and_treat_AR_exclusive
read_and_treat_AR_exclusive read_and_treat_AR_exclusive
read_and_treat_AR_exclusive read_and_treat_AR_exclusive
read_and_treat_AR_exclusive read_and_treat_AR_exclusive
read_and_treat_AR_exclusive read_and_treat_AR_exclusive
read_and_treat_AR_exclusive read_and_treat_AR_exclusive
read_and_treat_AR_exclusive_WD read_and_treat_AR_exclusive_WD
+++ working on night --- 2025-07-28 +++
read_and_treat_AR_exclusive read_and_treat_AR_exclusive
read_and_treat_AR_exclusive read_and_treat_AR_exclusive
read_and_treat_AR_exclusive read_and_treat_AR_exclusive
read_and_treat_AR_exclusive read_and_treat_AR_exclusive
read_and_treat_AR_exclusive read_and_treat_AR_exclusive
read_and_treat_AR_exclusive read_and_treat_AR_exclusive
read_and_treat_AR_exclusive_WD read_and_treat_AR_exclusive_WD
+++ working on night --- 2025-07-29 +++
read_and_treat_AR_exclusive read_and_treat_AR_exclusive
read_and_treat_AR_exclusive read_and_treat_AR_exclusive
read_and_treat_AR_exclusive read_and_treat_AR_exclusive
read_and_treat_AR_exclusive read_and_treat_AR_exclusive
read_and_treat_AR_exclusive read_and_treat_AR_exclusive
read_and_treat_AR_exclusive read_and_treat_AR_exclusive
read_and_treat_AR_exclusive_WD read_and_treat_AR_exclusive_WD
+++ working on night --- 2025-07-30 +++
read_and_treat_AR_exclusive read_and_treat_AR_exclusive
read_and_treat_AR_exclusive read_and_treat_AR_exclusive
read_and_treat_AR_exclusive read_and_treat_AR_exclusive
read_and_treat_AR_exclusive read_and_treat_AR_exclusive
read_and_treat_AR_exclusive read_and_treat_AR_exclusive
read_and_treat_AR_exclusive read_and_treat_AR_exclusive
read_and_treat_AR_exclusive_WD read_and_treat_AR_exclusive_WD
+++ working on night --- 2025-07-31 +++
read_and_treat_AR_exclusive read_and_treat_AR_exclusive
read_and_treat_AR_exclusive read_and_treat_AR_exclusive
read_and_treat_AR_exclusive read_and_treat_AR_exclusive
read_and_treat_AR_exclusive_WD read_and_treat_AR_exclusive_WD
+++ working on night --- 2025-08-01 +++
read_and_treat_AR_exclusive read_and_treat_AR_exclusive
read_and_treat_AR_exclusive read_and_treat_AR_exclusive
read_and_treat_AR_exclusive read_and_treat_AR_exclusive
read_and_treat_AR_exclusive_WD read_and_treat_AR_exclusive_WD
+++ working on night --- 2025-08-02 +++
read_and_treat_AR_exclusive read_and_treat_AR_exclusive
read_and_treat_AR_exclusive read_and_treat_AR_exclusive
read_and_treat_AR_exclusive read_and_treat_AR_exclusive
read_and_treat_AR_exclusive_WD read_and_treat_AR_exclusive_WD
+++ working on night --- 2025-08-03 +++
read_and_treat_AR_exclusive read_and_treat_AR_exclusive
read_and_treat_AR_exclusive read_and_treat_AR_exclusive
read_and_treat_AR_exclusive read_and_treat_AR_exclusive
read_and_treat_AR_exclusive_WD read_and_treat_AR_exclusive_WD
+++ working on night --- 2025-08-04 +++
read_and_treat_AR_exclusive read_and_treat_AR_exclusive
read_and_treat_AR_exclusive read_and_treat_AR_exclusive
read_and_treat_AR_exclusive read_and_treat_AR_exclusive
read_and_treat_AR_exclusive_WD read_and_treat_AR_exclusive_WD
+++ working on night --- 2025-08-05 +++
read_and_treat_AR_exclusive read_and_treat_AR_exclusive
read_and_treat_AR_exclusive read_and_treat_AR_exclusive
read_and_treat_AR_exclusive read_and_treat_AR_exclusive
read_and_treat_AR_exclusive_WD read_and_treat_AR_exclusive_WD
+++ working on night --- 2025-08-06 +++
read_and_treat_AR_exclusive read_and_treat_AR_exclusive
read_and_treat_AR_exclusive read_and_treat_AR_exclusive
read_and_treat_AR_exclusive read_and_treat_AR_exclusive
read_and_treat_AR_exclusive read_and_treat_AR_exclusive
read_and_treat_AR_exclusive read_and_treat_AR_exclusive
read_and_treat_AR_exclusive read_and_treat_AR_exclusive
read_and_treat_AR_exclusive_WD read_and_treat_AR_exclusive_WD
+++ working on night --- 2025-08-07 +++
read_and_treat_AR_exclusive read_and_treat_AR_exclusive
read_and_treat_AR_exclusive read_and_treat_AR_exclusive
read_and_treat_AR_exclusive read_and_treat_AR_exclusive
read_and_treat_AR_exclusive read_and_treat_AR_exclusive
read_and_treat_AR_exclusive read_and_treat_AR_exclusive
read_and_treat_AR_exclusive read_and_treat_AR_exclusive
read_and_treat_AR_exclusive_WD read_and_treat_AR_exclusive_WD
+++ working on night --- 2025-08-08 +++
read_and_treat_AR_exclusive read_and_treat_AR_exclusive
read_and_treat_AR_exclusive read_and_treat_AR_exclusive
read_and_treat_AR_exclusive read_and_treat_AR_exclusive
read_and_treat_AR_exclusive read_and_treat_AR_exclusive
read_and_treat_AR_exclusive read_and_treat_AR_exclusive
read_and_treat_AR_exclusive read_and_treat_AR_exclusive
read_and_treat_AR_exclusive_WD read_and_treat_AR_exclusive_WD
+++ working on night --- 2025-08-09 +++
read_and_treat_AR_exclusive read_and_treat_AR_exclusive
read_and_treat_AR_exclusive read_and_treat_AR_exclusive
read_and_treat_AR_exclusive read_and_treat_AR_exclusive
read_and_treat_AR_exclusive read_and_treat_AR_exclusive
read_and_treat_AR_exclusive read_and_treat_AR_exclusive
read_and_treat_AR_exclusive read_and_treat_AR_exclusive
read_and_treat_AR_exclusive_WD read_and_treat_AR_exclusive_WD
+++ working on night --- 2025-08-10 +++
read_and_treat_AR_exclusive read_and_treat_AR_exclusive
read_and_treat_AR_exclusive read_and_treat_AR_exclusive
read_and_treat_AR_exclusive read_and_treat_AR_exclusive
read_and_treat_AR_exclusive read_and_treat_AR_exclusive
read_and_treat_AR_exclusive read_and_treat_AR_exclusive
read_and_treat_AR_exclusive read_and_treat_AR_exclusive
read_and_treat_AR_exclusive_WD read_and_treat_AR_exclusive_WD
+++ working on night --- 2025-08-11 +++
read_and_treat_AR_exclusive read_and_treat_AR_exclusive
read_and_treat_AR_exclusive read_and_treat_AR_exclusive
read_and_treat_AR_exclusive read_and_treat_AR_exclusive
read_and_treat_AR_exclusive read_and_treat_AR_exclusive
read_and_treat_AR_exclusive read_and_treat_AR_exclusive
read_and_treat_AR_exclusive read_and_treat_AR_exclusive
read_and_treat_AR_exclusive_WD read_and_treat_AR_exclusive_WD
+++ working on night --- 2025-08-12 +++
read_and_treat_AR_exclusive read_and_treat_AR_exclusive
read_and_treat_AR_exclusive read_and_treat_AR_exclusive
read_and_treat_AR_exclusive read_and_treat_AR_exclusive
read_and_treat_AR_exclusive read_and_treat_AR_exclusive
read_and_treat_AR_exclusive read_and_treat_AR_exclusive
read_and_treat_AR_exclusive read_and_treat_AR_exclusive
read_and_treat_AR_exclusive_WD read_and_treat_AR_exclusive_WD
+++ working on night --- 2025-08-13 +++
read_and_treat_AR_exclusive read_and_treat_AR_exclusive
read_and_treat_AR_exclusive read_and_treat_AR_exclusive
read_and_treat_AR_exclusive read_and_treat_AR_exclusive
read_and_treat_AR_exclusive read_and_treat_AR_exclusive
read_and_treat_AR_exclusive read_and_treat_AR_exclusive
read_and_treat_AR_exclusive_WD read_and_treat_AR_exclusive_WD
+++ working on night --- 2025-08-14 +++
read_and_treat_AR_exclusive read_and_treat_AR_exclusive
read_and_treat_AR_exclusive read_and_treat_AR_exclusive
read_and_treat_AR_exclusive read_and_treat_AR_exclusive
read_and_treat_AR_exclusive read_and_treat_AR_exclusive
read_and_treat_AR_exclusive read_and_treat_AR_exclusive
read_and_treat_AR_exclusive_WD read_and_treat_AR_exclusive_WD
+++ working on night --- 2025-08-15 +++
read_and_treat_AR_exclusive read_and_treat_AR_exclusive
read_and_treat_AR_exclusive read_and_treat_AR_exclusive
read_and_treat_AR_exclusive read_and_treat_AR_exclusive
read_and_treat_AR_exclusive read_and_treat_AR_exclusive
read_and_treat_AR_exclusive read_and_treat_AR_exclusive
read_and_treat_AR_exclusive_WD read_and_treat_AR_exclusive_WD
+++ working on night --- 2025-08-16 +++
read_and_treat_AR_exclusive read_and_treat_AR_exclusive
read_and_treat_AR_exclusive read_and_treat_AR_exclusive
read_and_treat_AR_exclusive read_and_treat_AR_exclusive
grep: /home/report/DATA/DA_TRATTARE/test/night/20250816_wapor_evol_time_Height_5_20000_AR_night.dat: No such file or directory
read_and_treat_AR_exclusive read_and_treat_AR_exclusive
read_and_treat_AR_exclusive read_and_treat_AR_exclusive
read_and_treat_AR_exclusive_WD read_and_treat_AR_exclusive_WD
+++ working on night --- 2025-08-17 +++
grep: /home/report/DATA/DA_TRATTARE/test/night/20250817_wapor_evol_time_Height_5_20000_AR_night.dat: No such file or directory
read_and_treat_AR_exclusive read_and_treat_AR_exclusive
read_and_treat_AR_exclusive read_and_treat_AR_exclusive
read_and_treat_AR_exclusive_WD read_and_treat_AR_exclusive_WD
+++ working on night --- 2025-08-18 +++
grep: /home/report/DATA/DA_TRATTARE/test/night/20250818_wapor_evol_time_Height_5_20000_AR_night.dat: No such file or directory
read_and_treat_AR_exclusive read_and_treat_AR_exclusive
read_and_treat_AR_exclusive read_and_treat_AR_exclusive
read_and_treat_AR_exclusive_WD read_and_treat_AR_exclusive_WD
+++ working on night --- 2025-08-19 +++
grep: /home/report/DATA/DA_TRATTARE/test/night/20250819_wapor_evol_time_Height_5_20000_AR_night.dat: No such file or directory
read_and_treat_AR_exclusive read_and_treat_AR_exclusive
read_and_treat_AR_exclusive read_and_treat_AR_exclusive
read_and_treat_AR_exclusive_WD read_and_treat_AR_exclusive_WD
+++ working on night --- 2025-08-20 +++
grep: /home/report/DATA/DA_TRATTARE/test/night/20250820_wapor_evol_time_Height_5_20000_AR_night.dat: No such file or directory
read_and_treat_AR_exclusive read_and_treat_AR_exclusive
read_and_treat_AR_exclusive read_and_treat_AR_exclusive
read_and_treat_AR_exclusive_WD read_and_treat_AR_exclusive_WD
+++ working on night --- 2025-08-21 +++
grep: /home/report/DATA/DA_TRATTARE/test/night/20250821_see_evol_time_Height_5_20000_AR_night.dat: No such file or directory
grep: /home/report/DATA/DA_TRATTARE/test/night/20250821_tau_evol_time_Height_5_20000_AR_night.dat: No such file or directory
grep: /home/report/DATA/DA_TRATTARE/test/night/20250821_glf_evol_time_Height_5_20000_AR_night.dat: No such file or directory
grep: /home/report/DATA/DA_TRATTARE/test/night/20250821_wapor_evol_time_Height_5_20000_AR_night.dat: No such file or directory
read_and_treat_AR_exclusive read_and_treat_AR_exclusive
read_and_treat_AR_exclusive read_and_treat_AR_exclusive
read_and_treat_AR_exclusive_WD read_and_treat_AR_exclusive_WD
+++ working on night --- 2025-08-22 +++
grep: /home/report/DATA/DA_TRATTARE/test/night/20250822_see_evol_time_Height_5_20000_AR_night.dat: No such file or directory
grep: /home/report/DATA/DA_TRATTARE/test/night/20250822_tau_evol_time_Height_5_20000_AR_night.dat: No such file or directory
grep: /home/report/DATA/DA_TRATTARE/test/night/20250822_glf_evol_time_Height_5_20000_AR_night.dat: No such file or directory
grep: /home/report/DATA/DA_TRATTARE/test/night/20250822_wapor_evol_time_Height_5_20000_AR_night.dat: No such file or directory
read_and_treat_AR_exclusive read_and_treat_AR_exclusive
read_and_treat_AR_exclusive read_and_treat_AR_exclusive
read_and_treat_AR_exclusive_WD read_and_treat_AR_exclusive_WD
+++ working on night --- 2025-08-23 +++
grep: /home/report/DATA/DA_TRATTARE/test/night/20250823_wapor_evol_time_Height_5_20000_AR_night.dat: No such file or directory
read_and_treat_AR_exclusive read_and_treat_AR_exclusive
read_and_treat_AR_exclusive read_and_treat_AR_exclusive
read_and_treat_AR_exclusive_WD read_and_treat_AR_exclusive_WD
+++ working on night --- 2025-08-24 +++
grep: /home/report/DATA/DA_TRATTARE/test/night/20250824_wapor_evol_time_Height_5_20000_AR_night.dat: No such file or directory
read_and_treat_AR_exclusive read_and_treat_AR_exclusive
read_and_treat_AR_exclusive read_and_treat_AR_exclusive
read_and_treat_AR_exclusive_WD read_and_treat_AR_exclusive_WD
+++ working on night --- 2025-08-25 +++
grep: /home/report/DATA/DA_TRATTARE/test/night/20250825_wapor_evol_time_Height_5_20000_AR_night.dat: No such file or directory
read_and_treat_AR_exclusive read_and_treat_AR_exclusive
read_and_treat_AR_exclusive read_and_treat_AR_exclusive
read_and_treat_AR_exclusive_WD read_and_treat_AR_exclusive_WD
+++ working on night --- 2025-08-26 +++
grep: /home/report/DATA/DA_TRATTARE/test/night/20250826_wapor_evol_time_Height_5_20000_AR_night.dat: No such file or directory
read_and_treat_AR_exclusive read_and_treat_AR_exclusive
read_and_treat_AR_exclusive read_and_treat_AR_exclusive
read_and_treat_AR_exclusive_WD read_and_treat_AR_exclusive_WD
+++ working on night --- 2025-08-27 +++
read_and_treat_AR_exclusive read_and_treat_AR_exclusive
read_and_treat_AR_exclusive read_and_treat_AR_exclusive
read_and_treat_AR_exclusive read_and_treat_AR_exclusive
grep: /home/report/DATA/DA_TRATTARE/test/night/20250827_wapor_evol_time_Height_5_20000_AR_night.dat: No such file or directory
read_and_treat_AR_exclusive read_and_treat_AR_exclusive
read_and_treat_AR_exclusive read_and_treat_AR_exclusive
read_and_treat_AR_exclusive_WD read_and_treat_AR_exclusive_WD
+++ working on night --- 2025-08-28 +++
read_and_treat_AR_exclusive read_and_treat_AR_exclusive
read_and_treat_AR_exclusive read_and_treat_AR_exclusive
read_and_treat_AR_exclusive read_and_treat_AR_exclusive
grep: /home/report/DATA/DA_TRATTARE/test/night/20250828_wapor_evol_time_Height_5_20000_AR_night.dat: No such file or directory
read_and_treat_AR_exclusive read_and_treat_AR_exclusive
read_and_treat_AR_exclusive read_and_treat_AR_exclusive
read_and_treat_AR_exclusive_WD read_and_treat_AR_exclusive_WD
+++ working on night --- 2025-08-29 +++
read_and_treat_AR_exclusive read_and_treat_AR_exclusive
read_and_treat_AR_exclusive read_and_treat_AR_exclusive
read_and_treat_AR_exclusive read_and_treat_AR_exclusive
grep: /home/report/DATA/DA_TRATTARE/test/night/20250829_wapor_evol_time_Height_5_20000_AR_night.dat: No such file or directory
read_and_treat_AR_exclusive read_and_treat_AR_exclusive
read_and_treat_AR_exclusive read_and_treat_AR_exclusive
read_and_treat_AR_exclusive_WD read_and_treat_AR_exclusive_WD
+++ working on night --- 2025-08-30 +++
grep: /home/report/DATA/DA_TRATTARE/test/night/20250830_see_evol_time_Height_5_20000_AR_night.dat: No such file or directory
grep: /home/report/DATA/DA_TRATTARE/test/night/20250830_tau_evol_time_Height_5_20000_AR_night.dat: No such file or directory
grep: /home/report/DATA/DA_TRATTARE/test/night/20250830_glf_evol_time_Height_5_20000_AR_night.dat: No such file or directory
grep: /home/report/DATA/DA_TRATTARE/test/night/20250830_wapor_evol_time_Height_5_20000_AR_night.dat: No such file or directory
read_and_treat_AR_exclusive read_and_treat_AR_exclusive
read_and_treat_AR_exclusive read_and_treat_AR_exclusive
read_and_treat_AR_exclusive_WD read_and_treat_AR_exclusive_WD
+++ working on night --- 2025-08-31 +++
read_and_treat_AR_exclusive read_and_treat_AR_exclusive
read_and_treat_AR_exclusive read_and_treat_AR_exclusive
read_and_treat_AR_exclusive read_and_treat_AR_exclusive
grep: /home/report/DATA/DA_TRATTARE/test/night/20250831_wapor_evol_time_Height_5_20000_AR_night.dat: No such file or directory
read_and_treat_AR_exclusive read_and_treat_AR_exclusive
read_and_treat_AR_exclusive read_and_treat_AR_exclusive
read_and_treat_AR_exclusive_WD read_and_treat_AR_exclusive_WD
+++ working on night --- 2025-09-01 +++
read_and_treat_AR_exclusive read_and_treat_AR_exclusive
read_and_treat_AR_exclusive read_and_treat_AR_exclusive
read_and_treat_AR_exclusive read_and_treat_AR_exclusive
grep: /home/report/DATA/DA_TRATTARE/test/night/20250901_wapor_evol_time_Height_5_20000_AR_night.dat: No such file or directory
read_and_treat_AR_exclusive read_and_treat_AR_exclusive
read_and_treat_AR_exclusive read_and_treat_AR_exclusive
read_and_treat_AR_exclusive_WD read_and_treat_AR_exclusive_WD
+++ working on night --- 2025-09-02 +++
read_and_treat_AR_exclusive read_and_treat_AR_exclusive
read_and_treat_AR_exclusive read_and_treat_AR_exclusive
read_and_treat_AR_exclusive read_and_treat_AR_exclusive
grep: /home/report/DATA/DA_TRATTARE/test/night/20250902_wapor_evol_time_Height_5_20000_AR_night.dat: No such file or directory
read_and_treat_AR_exclusive read_and_treat_AR_exclusive
read_and_treat_AR_exclusive read_and_treat_AR_exclusive
read_and_treat_AR_exclusive_WD read_and_treat_AR_exclusive_WD
+++ working on night --- 2025-09-03 +++
read_and_treat_AR_exclusive read_and_treat_AR_exclusive
read_and_treat_AR_exclusive read_and_treat_AR_exclusive
read_and_treat_AR_exclusive read_and_treat_AR_exclusive
grep: /home/report/DATA/DA_TRATTARE/test/night/20250903_wapor_evol_time_Height_5_20000_AR_night.dat: No such file or directory
read_and_treat_AR_exclusive read_and_treat_AR_exclusive
read_and_treat_AR_exclusive read_and_treat_AR_exclusive
read_and_treat_AR_exclusive_WD read_and_treat_AR_exclusive_WD
+++ working on night --- 2025-09-04 +++
read_and_treat_AR_exclusive read_and_treat_AR_exclusive
read_and_treat_AR_exclusive read_and_treat_AR_exclusive
read_and_treat_AR_exclusive read_and_treat_AR_exclusive
grep: /home/report/DATA/DA_TRATTARE/test/night/20250904_wapor_evol_time_Height_5_20000_AR_night.dat: No such file or directory
read_and_treat_AR_exclusive read_and_treat_AR_exclusive
read_and_treat_AR_exclusive read_and_treat_AR_exclusive
read_and_treat_AR_exclusive_WD read_and_treat_AR_exclusive_WD
+++ working on night --- 2025-09-05 +++
read_and_treat_AR_exclusive read_and_treat_AR_exclusive
read_and_treat_AR_exclusive read_and_treat_AR_exclusive
read_and_treat_AR_exclusive read_and_treat_AR_exclusive
grep: /home/report/DATA/DA_TRATTARE/test/night/20250905_wapor_evol_time_Height_5_20000_AR_night.dat: No such file or directory
read_and_treat_AR_exclusive read_and_treat_AR_exclusive
read_and_treat_AR_exclusive read_and_treat_AR_exclusive
read_and_treat_AR_exclusive_WD read_and_treat_AR_exclusive_WD
+++ working on night --- 2025-09-06 +++
grep: /home/report/DATA/DA_TRATTARE/test/night/20250906_wapor_evol_time_Height_5_20000_AR_night.dat: No such file or directory
read_and_treat_AR_exclusive read_and_treat_AR_exclusive
read_and_treat_AR_exclusive read_and_treat_AR_exclusive
read_and_treat_AR_exclusive_WD read_and_treat_AR_exclusive_WD
+++ working on night --- 2025-09-07 +++
grep: /home/report/DATA/DA_TRATTARE/test/night/20250907_wapor_evol_time_Height_5_20000_AR_night.dat: No such file or directory
read_and_treat_AR_exclusive read_and_treat_AR_exclusive
read_and_treat_AR_exclusive read_and_treat_AR_exclusive
read_and_treat_AR_exclusive_WD read_and_treat_AR_exclusive_WD
+++ working on night --- 2025-09-08 +++
grep: /home/report/DATA/DA_TRATTARE/test/night/20250908_wapor_evol_time_Height_5_20000_AR_night.dat: No such file or directory
read_and_treat_AR_exclusive read_and_treat_AR_exclusive
read_and_treat_AR_exclusive read_and_treat_AR_exclusive
read_and_treat_AR_exclusive_WD read_and_treat_AR_exclusive_WD
+++ working on night --- 2025-09-09 +++
grep: /home/report/DATA/DA_TRATTARE/test/night/20250909_wapor_evol_time_Height_5_20000_AR_night.dat: No such file or directory
read_and_treat_AR_exclusive read_and_treat_AR_exclusive
read_and_treat_AR_exclusive read_and_treat_AR_exclusive
read_and_treat_AR_exclusive_WD read_and_treat_AR_exclusive_WD
+++ working on night --- 2025-09-10 +++
grep: /home/report/DATA/DA_TRATTARE/test/night/20250910_wapor_evol_time_Height_5_20000_AR_night.dat: No such file or directory
read_and_treat_AR_exclusive read_and_treat_AR_exclusive
read_and_treat_AR_exclusive read_and_treat_AR_exclusive
read_and_treat_AR_exclusive_WD read_and_treat_AR_exclusive_WD
+++ working on night --- 2025-09-11 +++
grep: /home/report/DATA/DA_TRATTARE/test/night/20250911_wapor_evol_time_Height_5_20000_AR_night.dat: No such file or directory
read_and_treat_AR_exclusive read_and_treat_AR_exclusive
read_and_treat_AR_exclusive read_and_treat_AR_exclusive
read_and_treat_AR_exclusive_WD read_and_treat_AR_exclusive_WD
+++ working on night --- 2025-09-12 +++
grep: /home/report/DATA/DA_TRATTARE/test/night/20250912_wapor_evol_time_Height_5_20000_AR_night.dat: No such file or directory
read_and_treat_AR_exclusive read_and_treat_AR_exclusive
read_and_treat_AR_exclusive read_and_treat_AR_exclusive
read_and_treat_AR_exclusive_WD read_and_treat_AR_exclusive_WD
+++ working on night --- 2025-09-13 +++
read_and_treat_AR_exclusive read_and_treat_AR_exclusive
read_and_treat_AR_exclusive read_and_treat_AR_exclusive
read_and_treat_AR_exclusive read_and_treat_AR_exclusive
grep: /home/report/DATA/DA_TRATTARE/test/night/20250913_wapor_evol_time_Height_5_20000_AR_night.dat: No such file or directory
read_and_treat_AR_exclusive read_and_treat_AR_exclusive
read_and_treat_AR_exclusive read_and_treat_AR_exclusive
read_and_treat_AR_exclusive_WD read_and_treat_AR_exclusive_WD
+++ working on night --- 2025-09-14 +++
read_and_treat_AR_exclusive read_and_treat_AR_exclusive
read_and_treat_AR_exclusive read_and_treat_AR_exclusive
read_and_treat_AR_exclusive read_and_treat_AR_exclusive
grep: /home/report/DATA/DA_TRATTARE/test/night/20250914_wapor_evol_time_Height_5_20000_AR_night.dat: No such file or directory
read_and_treat_AR_exclusive read_and_treat_AR_exclusive
read_and_treat_AR_exclusive read_and_treat_AR_exclusive
read_and_treat_AR_exclusive_WD read_and_treat_AR_exclusive_WD
+++ working on night --- 2025-09-15 +++
read_and_treat_AR_exclusive read_and_treat_AR_exclusive
read_and_treat_AR_exclusive read_and_treat_AR_exclusive
read_and_treat_AR_exclusive read_and_treat_AR_exclusive
read_and_treat_AR_exclusive read_and_treat_AR_exclusive
read_and_treat_AR_exclusive read_and_treat_AR_exclusive
read_and_treat_AR_exclusive_WD read_and_treat_AR_exclusive_WD
+++ working on night --- 2025-09-16 +++
read_and_treat_AR_exclusive read_and_treat_AR_exclusive
read_and_treat_AR_exclusive read_and_treat_AR_exclusive
read_and_treat_AR_exclusive read_and_treat_AR_exclusive
read_and_treat_AR_exclusive read_and_treat_AR_exclusive
read_and_treat_AR_exclusive read_and_treat_AR_exclusive
read_and_treat_AR_exclusive_WD read_and_treat_AR_exclusive_WD
+++ working on night --- 2025-09-17 +++
read_and_treat_AR_exclusive read_and_treat_AR_exclusive
read_and_treat_AR_exclusive read_and_treat_AR_exclusive
read_and_treat_AR_exclusive read_and_treat_AR_exclusive
read_and_treat_AR_exclusive read_and_treat_AR_exclusive
read_and_treat_AR_exclusive read_and_treat_AR_exclusive
read_and_treat_AR_exclusive_WD read_and_treat_AR_exclusive_WD
+++ working on night --- 2025-09-18 +++
read_and_treat_AR_exclusive read_and_treat_AR_exclusive
read_and_treat_AR_exclusive read_and_treat_AR_exclusive
read_and_treat_AR_exclusive read_and_treat_AR_exclusive
read_and_treat_AR_exclusive read_and_treat_AR_exclusive
read_and_treat_AR_exclusive read_and_treat_AR_exclusive
read_and_treat_AR_exclusive read_and_treat_AR_exclusive
read_and_treat_AR_exclusive_WD read_and_treat_AR_exclusive_WD
+++ working on night --- 2025-09-19 +++
read_and_treat_AR_exclusive read_and_treat_AR_exclusive
read_and_treat_AR_exclusive read_and_treat_AR_exclusive
read_and_treat_AR_exclusive read_and_treat_AR_exclusive
read_and_treat_AR_exclusive read_and_treat_AR_exclusive
read_and_treat_AR_exclusive read_and_treat_AR_exclusive
read_and_treat_AR_exclusive_WD read_and_treat_AR_exclusive_WD
+++ working on night --- 2025-09-20 +++
read_and_treat_AR_exclusive read_and_treat_AR_exclusive
read_and_treat_AR_exclusive read_and_treat_AR_exclusive
read_and_treat_AR_exclusive read_and_treat_AR_exclusive
read_and_treat_AR_exclusive read_and_treat_AR_exclusive
read_and_treat_AR_exclusive read_and_treat_AR_exclusive
read_and_treat_AR_exclusive_WD read_and_treat_AR_exclusive_WD
+++ working on night --- 2025-09-21 +++
read_and_treat_AR_exclusive read_and_treat_AR_exclusive
read_and_treat_AR_exclusive read_and_treat_AR_exclusive
read_and_treat_AR_exclusive read_and_treat_AR_exclusive
read_and_treat_AR_exclusive read_and_treat_AR_exclusive
read_and_treat_AR_exclusive read_and_treat_AR_exclusive
read_and_treat_AR_exclusive_WD read_and_treat_AR_exclusive_WD
+++ working on night --- 2025-09-22 +++
read_and_treat_AR_exclusive read_and_treat_AR_exclusive
read_and_treat_AR_exclusive read_and_treat_AR_exclusive
read_and_treat_AR_exclusive read_and_treat_AR_exclusive
read_and_treat_AR_exclusive read_and_treat_AR_exclusive
read_and_treat_AR_exclusive read_and_treat_AR_exclusive
read_and_treat_AR_exclusive_WD read_and_treat_AR_exclusive_WD
+++ working on night --- 2025-09-23 +++
read_and_treat_AR_exclusive read_and_treat_AR_exclusive
read_and_treat_AR_exclusive read_and_treat_AR_exclusive
read_and_treat_AR_exclusive read_and_treat_AR_exclusive
read_and_treat_AR_exclusive read_and_treat_AR_exclusive
read_and_treat_AR_exclusive read_and_treat_AR_exclusive
read_and_treat_AR_exclusive_WD read_and_treat_AR_exclusive_WD
+++ working on night --- 2025-09-24 +++
read_and_treat_AR_exclusive read_and_treat_AR_exclusive
read_and_treat_AR_exclusive read_and_treat_AR_exclusive
read_and_treat_AR_exclusive read_and_treat_AR_exclusive
read_and_treat_AR_exclusive read_and_treat_AR_exclusive
read_and_treat_AR_exclusive read_and_treat_AR_exclusive
read_and_treat_AR_exclusive_WD read_and_treat_AR_exclusive_WD
+++ working on night --- 2025-09-25 +++
read_and_treat_AR_exclusive read_and_treat_AR_exclusive
read_and_treat_AR_exclusive read_and_treat_AR_exclusive
read_and_treat_AR_exclusive read_and_treat_AR_exclusive
read_and_treat_AR_exclusive read_and_treat_AR_exclusive
read_and_treat_AR_exclusive read_and_treat_AR_exclusive
read_and_treat_AR_exclusive read_and_treat_AR_exclusive
read_and_treat_AR_exclusive_WD read_and_treat_AR_exclusive_WD
+++ working on night --- 2025-09-26 +++
read_and_treat_AR_exclusive read_and_treat_AR_exclusive
read_and_treat_AR_exclusive read_and_treat_AR_exclusive
read_and_treat_AR_exclusive read_and_treat_AR_exclusive
read_and_treat_AR_exclusive read_and_treat_AR_exclusive
read_and_treat_AR_exclusive read_and_treat_AR_exclusive
read_and_treat_AR_exclusive read_and_treat_AR_exclusive
read_and_treat_AR_exclusive_WD read_and_treat_AR_exclusive_WD
+++ working on night --- 2025-09-27 +++
read_and_treat_AR_exclusive read_and_treat_AR_exclusive
read_and_treat_AR_exclusive read_and_treat_AR_exclusive
read_and_treat_AR_exclusive read_and_treat_AR_exclusive
read_and_treat_AR_exclusive read_and_treat_AR_exclusive
read_and_treat_AR_exclusive read_and_treat_AR_exclusive
read_and_treat_AR_exclusive read_and_treat_AR_exclusive
read_and_treat_AR_exclusive_WD read_and_treat_AR_exclusive_WD
+++ working on night --- 2025-09-28 +++
read_and_treat_AR_exclusive read_and_treat_AR_exclusive
read_and_treat_AR_exclusive read_and_treat_AR_exclusive
read_and_treat_AR_exclusive read_and_treat_AR_exclusive
read_and_treat_AR_exclusive read_and_treat_AR_exclusive
read_and_treat_AR_exclusive read_and_treat_AR_exclusive
read_and_treat_AR_exclusive read_and_treat_AR_exclusive
read_and_treat_AR_exclusive_WD read_and_treat_AR_exclusive_WD
+++ working on night --- 2025-09-29 +++
read_and_treat_AR_exclusive read_and_treat_AR_exclusive
read_and_treat_AR_exclusive read_and_treat_AR_exclusive
read_and_treat_AR_exclusive read_and_treat_AR_exclusive
read_and_treat_AR_exclusive read_and_treat_AR_exclusive
read_and_treat_AR_exclusive read_and_treat_AR_exclusive
read_and_treat_AR_exclusive read_and_treat_AR_exclusive
read_and_treat_AR_exclusive_WD read_and_treat_AR_exclusive_WD
+++ working on night --- 2025-09-30 +++
read_and_treat_AR_exclusive read_and_treat_AR_exclusive
read_and_treat_AR_exclusive read_and_treat_AR_exclusive
read_and_treat_AR_exclusive read_and_treat_AR_exclusive
read_and_treat_AR_exclusive read_and_treat_AR_exclusive
read_and_treat_AR_exclusive read_and_treat_AR_exclusive
read_and_treat_AR_exclusive read_and_treat_AR_exclusive
read_and_treat_AR_exclusive_WD read_and_treat_AR_exclusive_WD
+++ working on night --- 2025-10-01 +++
read_and_treat_AR_exclusive read_and_treat_AR_exclusive
read_and_treat_AR_exclusive read_and_treat_AR_exclusive
read_and_treat_AR_exclusive read_and_treat_AR_exclusive
read_and_treat_AR_exclusive read_and_treat_AR_exclusive
read_and_treat_AR_exclusive read_and_treat_AR_exclusive
read_and_treat_AR_exclusive read_and_treat_AR_exclusive
read_and_treat_AR_exclusive_WD read_and_treat_AR_exclusive_WD
+++ working on night --- 2025-10-02 +++
read_and_treat_AR_exclusive read_and_treat_AR_exclusive
read_and_treat_AR_exclusive read_and_treat_AR_exclusive
read_and_treat_AR_exclusive read_and_treat_AR_exclusive
read_and_treat_AR_exclusive read_and_treat_AR_exclusive
read_and_treat_AR_exclusive read_and_treat_AR_exclusive
read_and_treat_AR_exclusive read_and_treat_AR_exclusive
read_and_treat_AR_exclusive_WD read_and_treat_AR_exclusive_WD
+++ working on night --- 2025-10-03 +++
read_and_treat_AR_exclusive read_and_treat_AR_exclusive
read_and_treat_AR_exclusive read_and_treat_AR_exclusive
read_and_treat_AR_exclusive read_and_treat_AR_exclusive
read_and_treat_AR_exclusive read_and_treat_AR_exclusive
read_and_treat_AR_exclusive read_and_treat_AR_exclusive
read_and_treat_AR_exclusive read_and_treat_AR_exclusive
read_and_treat_AR_exclusive_WD read_and_treat_AR_exclusive_WD
+++ working on night --- 2025-10-04 +++
read_and_treat_AR_exclusive read_and_treat_AR_exclusive
read_and_treat_AR_exclusive read_and_treat_AR_exclusive
read_and_treat_AR_exclusive read_and_treat_AR_exclusive
read_and_treat_AR_exclusive read_and_treat_AR_exclusive
read_and_treat_AR_exclusive read_and_treat_AR_exclusive
read_and_treat_AR_exclusive read_and_treat_AR_exclusive
read_and_treat_AR_exclusive_WD read_and_treat_AR_exclusive_WD
+++ working on night --- 2025-10-05 +++
read_and_treat_AR_exclusive read_and_treat_AR_exclusive
read_and_treat_AR_exclusive read_and_treat_AR_exclusive
read_and_treat_AR_exclusive read_and_treat_AR_exclusive
read_and_treat_AR_exclusive read_and_treat_AR_exclusive
read_and_treat_AR_exclusive read_and_treat_AR_exclusive
read_and_treat_AR_exclusive read_and_treat_AR_exclusive
read_and_treat_AR_exclusive_WD read_and_treat_AR_exclusive_WD
+++ working on night --- 2025-10-06 +++
read_and_treat_AR_exclusive read_and_treat_AR_exclusive
read_and_treat_AR_exclusive read_and_treat_AR_exclusive
read_and_treat_AR_exclusive read_and_treat_AR_exclusive
read_and_treat_AR_exclusive read_and_treat_AR_exclusive
read_and_treat_AR_exclusive read_and_treat_AR_exclusive
read_and_treat_AR_exclusive read_and_treat_AR_exclusive
read_and_treat_AR_exclusive_WD read_and_treat_AR_exclusive_WD
+++ working on night --- 2025-10-07 +++
read_and_treat_AR_exclusive read_and_treat_AR_exclusive
read_and_treat_AR_exclusive read_and_treat_AR_exclusive
read_and_treat_AR_exclusive read_and_treat_AR_exclusive
read_and_treat_AR_exclusive read_and_treat_AR_exclusive
read_and_treat_AR_exclusive read_and_treat_AR_exclusive
read_and_treat_AR_exclusive read_and_treat_AR_exclusive
read_and_treat_AR_exclusive_WD read_and_treat_AR_exclusive_WD
+++ working on night --- 2025-10-08 +++
read_and_treat_AR_exclusive read_and_treat_AR_exclusive
read_and_treat_AR_exclusive read_and_treat_AR_exclusive
read_and_treat_AR_exclusive read_and_treat_AR_exclusive
read_and_treat_AR_exclusive read_and_treat_AR_exclusive
read_and_treat_AR_exclusive read_and_treat_AR_exclusive
read_and_treat_AR_exclusive read_and_treat_AR_exclusive
read_and_treat_AR_exclusive_WD read_and_treat_AR_exclusive_WD
+++ working on night --- 2025-10-09 +++
read_and_treat_AR_exclusive read_and_treat_AR_exclusive
read_and_treat_AR_exclusive read_and_treat_AR_exclusive
read_and_treat_AR_exclusive read_and_treat_AR_exclusive
read_and_treat_AR_exclusive read_and_treat_AR_exclusive
read_and_treat_AR_exclusive read_and_treat_AR_exclusive
read_and_treat_AR_exclusive read_and_treat_AR_exclusive
read_and_treat_AR_exclusive_WD read_and_treat_AR_exclusive_WD
+++ working on night --- 2025-10-10 +++
+++ working on night --- 2025-10-11 +++
+++ working on night --- 2025-10-12 +++
+++ working on night --- 2025-10-13 +++
+++ working on night --- 2025-10-14 +++
+++ working on night --- 2025-10-15 +++
read_and_treat_AR_exclusive read_and_treat_AR_exclusive
read_and_treat_AR_exclusive read_and_treat_AR_exclusive
read_and_treat_AR_exclusive read_and_treat_AR_exclusive
read_and_treat_AR_exclusive read_and_treat_AR_exclusive
read_and_treat_AR_exclusive read_and_treat_AR_exclusive
read_and_treat_AR_exclusive read_and_treat_AR_exclusive
read_and_treat_AR_exclusive_WD read_and_treat_AR_exclusive_WD
+++ working on night --- 2025-10-16 +++
read_and_treat_AR_exclusive read_and_treat_AR_exclusive
read_and_treat_AR_exclusive read_and_treat_AR_exclusive
read_and_treat_AR_exclusive read_and_treat_AR_exclusive
read_and_treat_AR_exclusive read_and_treat_AR_exclusive
read_and_treat_AR_exclusive read_and_treat_AR_exclusive
read_and_treat_AR_exclusive read_and_treat_AR_exclusive
read_and_treat_AR_exclusive_WD read_and_treat_AR_exclusive_WD
+++ working on night --- 2025-10-17 +++
read_and_treat_AR_exclusive read_and_treat_AR_exclusive
read_and_treat_AR_exclusive read_and_treat_AR_exclusive
read_and_treat_AR_exclusive read_and_treat_AR_exclusive
read_and_treat_AR_exclusive read_and_treat_AR_exclusive
read_and_treat_AR_exclusive read_and_treat_AR_exclusive
read_and_treat_AR_exclusive read_and_treat_AR_exclusive
read_and_treat_AR_exclusive_WD read_and_treat_AR_exclusive_WD
+++ working on night --- 2025-10-18 +++
read_and_treat_AR_exclusive read_and_treat_AR_exclusive
read_and_treat_AR_exclusive read_and_treat_AR_exclusive
read_and_treat_AR_exclusive read_and_treat_AR_exclusive
read_and_treat_AR_exclusive read_and_treat_AR_exclusive
read_and_treat_AR_exclusive read_and_treat_AR_exclusive
read_and_treat_AR_exclusive read_and_treat_AR_exclusive
read_and_treat_AR_exclusive_WD read_and_treat_AR_exclusive_WD
+++ working on night --- 2025-10-19 +++
read_and_treat_AR_exclusive read_and_treat_AR_exclusive
read_and_treat_AR_exclusive read_and_treat_AR_exclusive
read_and_treat_AR_exclusive read_and_treat_AR_exclusive
read_and_treat_AR_exclusive read_and_treat_AR_exclusive
read_and_treat_AR_exclusive read_and_treat_AR_exclusive
read_and_treat_AR_exclusive read_and_treat_AR_exclusive
read_and_treat_AR_exclusive_WD read_and_treat_AR_exclusive_WD
+++ working on night --- 2025-10-20 +++
read_and_treat_AR_exclusive read_and_treat_AR_exclusive
read_and_treat_AR_exclusive read_and_treat_AR_exclusive
read_and_treat_AR_exclusive read_and_treat_AR_exclusive
read_and_treat_AR_exclusive read_and_treat_AR_exclusive
read_and_treat_AR_exclusive read_and_treat_AR_exclusive
read_and_treat_AR_exclusive read_and_treat_AR_exclusive
read_and_treat_AR_exclusive_WD read_and_treat_AR_exclusive_WD
+++ working on night --- 2025-10-22 +++
+++ working on night --- 2025-10-23 +++
+++ working on night --- 2025-10-24 +++
+++ working on night --- 2025-10-25 +++
+++ working on night --- 2025-10-26 +++
+++ working on night --- 2025-10-27 +++
read_and_treat_AR_exclusive read_and_treat_AR_exclusive
read_and_treat_AR_exclusive read_and_treat_AR_exclusive
read_and_treat_AR_exclusive read_and_treat_AR_exclusive
read_and_treat_AR_exclusive read_and_treat_AR_exclusive
read_and_treat_AR_exclusive read_and_treat_AR_exclusive
read_and_treat_AR_exclusive read_and_treat_AR_exclusive
read_and_treat_AR_exclusive_WD read_and_treat_AR_exclusive_WD
+++ working on night --- 2025-10-28 +++
read_and_treat_AR_exclusive read_and_treat_AR_exclusive
read_and_treat_AR_exclusive read_and_treat_AR_exclusive
read_and_treat_AR_exclusive read_and_treat_AR_exclusive
read_and_treat_AR_exclusive read_and_treat_AR_exclusive
read_and_treat_AR_exclusive read_and_treat_AR_exclusive
read_and_treat_AR_exclusive read_and_treat_AR_exclusive
read_and_treat_AR_exclusive_WD read_and_treat_AR_exclusive_WD
+++ working on night --- 2025-10-29 +++
read_and_treat_AR_exclusive read_and_treat_AR_exclusive
read_and_treat_AR_exclusive read_and_treat_AR_exclusive
read_and_treat_AR_exclusive read_and_treat_AR_exclusive
read_and_treat_AR_exclusive read_and_treat_AR_exclusive
read_and_treat_AR_exclusive read_and_treat_AR_exclusive
read_and_treat_AR_exclusive read_and_treat_AR_exclusive
read_and_treat_AR_exclusive_WD read_and_treat_AR_exclusive_WD
+++ working on night --- 2025-10-30 +++
read_and_treat_AR_exclusive read_and_treat_AR_exclusive
read_and_treat_AR_exclusive read_and_treat_AR_exclusive
read_and_treat_AR_exclusive read_and_treat_AR_exclusive
read_and_treat_AR_exclusive read_and_treat_AR_exclusive
read_and_treat_AR_exclusive read_and_treat_AR_exclusive
read_and_treat_AR_exclusive read_and_treat_AR_exclusive
read_and_treat_AR_exclusive_WD read_and_treat_AR_exclusive_WD
+++ working on night --- 2025-10-31 +++
read_and_treat_AR_exclusive read_and_treat_AR_exclusive
read_and_treat_AR_exclusive read_and_treat_AR_exclusive
read_and_treat_AR_exclusive read_and_treat_AR_exclusive
read_and_treat_AR_exclusive read_and_treat_AR_exclusive
read_and_treat_AR_exclusive read_and_treat_AR_exclusive
read_and_treat_AR_exclusive read_and_treat_AR_exclusive
read_and_treat_AR_exclusive_WD read_and_treat_AR_exclusive_WD
+++ working on night --- 2025-11-01 +++
read_and_treat_AR_exclusive read_and_treat_AR_exclusive
read_and_treat_AR_exclusive read_and_treat_AR_exclusive
read_and_treat_AR_exclusive read_and_treat_AR_exclusive
read_and_treat_AR_exclusive read_and_treat_AR_exclusive
read_and_treat_AR_exclusive read_and_treat_AR_exclusive
read_and_treat_AR_exclusive read_and_treat_AR_exclusive
read_and_treat_AR_exclusive_WD read_and_treat_AR_exclusive_WD
+++ working on night --- 2025-11-02 +++
read_and_treat_AR_exclusive read_and_treat_AR_exclusive
read_and_treat_AR_exclusive read_and_treat_AR_exclusive
read_and_treat_AR_exclusive read_and_treat_AR_exclusive
read_and_treat_AR_exclusive read_and_treat_AR_exclusive
read_and_treat_AR_exclusive read_and_treat_AR_exclusive
read_and_treat_AR_exclusive read_and_treat_AR_exclusive
read_and_treat_AR_exclusive_WD read_and_treat_AR_exclusive_WD
+++ working on night --- 2025-11-03 +++
read_and_treat_AR_exclusive read_and_treat_AR_exclusive
read_and_treat_AR_exclusive read_and_treat_AR_exclusive
read_and_treat_AR_exclusive read_and_treat_AR_exclusive
read_and_treat_AR_exclusive read_and_treat_AR_exclusive
read_and_treat_AR_exclusive read_and_treat_AR_exclusive
read_and_treat_AR_exclusive read_and_treat_AR_exclusive
read_and_treat_AR_exclusive_WD read_and_treat_AR_exclusive_WD
+++ working on night --- 2025-11-04 +++
read_and_treat_AR_exclusive read_and_treat_AR_exclusive
read_and_treat_AR_exclusive read_and_treat_AR_exclusive
read_and_treat_AR_exclusive read_and_treat_AR_exclusive
read_and_treat_AR_exclusive read_and_treat_AR_exclusive
read_and_treat_AR_exclusive read_and_treat_AR_exclusive
read_and_treat_AR_exclusive read_and_treat_AR_exclusive
read_and_treat_AR_exclusive_WD read_and_treat_AR_exclusive_WD
+++ working on night --- 2025-11-05 +++
read_and_treat_AR_exclusive read_and_treat_AR_exclusive
read_and_treat_AR_exclusive read_and_treat_AR_exclusive
read_and_treat_AR_exclusive read_and_treat_AR_exclusive
read_and_treat_AR_exclusive read_and_treat_AR_exclusive
read_and_treat_AR_exclusive read_and_treat_AR_exclusive
read_and_treat_AR_exclusive_WD read_and_treat_AR_exclusive_WD
+++ working on night --- 2025-11-06 +++
read_and_treat_AR_exclusive read_and_treat_AR_exclusive
read_and_treat_AR_exclusive read_and_treat_AR_exclusive
read_and_treat_AR_exclusive read_and_treat_AR_exclusive
read_and_treat_AR_exclusive read_and_treat_AR_exclusive
read_and_treat_AR_exclusive read_and_treat_AR_exclusive
read_and_treat_AR_exclusive_WD read_and_treat_AR_exclusive_WD
+++ working on night --- 2025-11-07 +++
read_and_treat_AR_exclusive read_and_treat_AR_exclusive
read_and_treat_AR_exclusive read_and_treat_AR_exclusive
read_and_treat_AR_exclusive read_and_treat_AR_exclusive
read_and_treat_AR_exclusive read_and_treat_AR_exclusive
read_and_treat_AR_exclusive read_and_treat_AR_exclusive
read_and_treat_AR_exclusive_WD read_and_treat_AR_exclusive_WD
+++ working on night --- 2025-11-08 +++
read_and_treat_AR_exclusive read_and_treat_AR_exclusive
read_and_treat_AR_exclusive read_and_treat_AR_exclusive
read_and_treat_AR_exclusive read_and_treat_AR_exclusive
read_and_treat_AR_exclusive read_and_treat_AR_exclusive
read_and_treat_AR_exclusive read_and_treat_AR_exclusive
read_and_treat_AR_exclusive_WD read_and_treat_AR_exclusive_WD
+++ working on night --- 2025-11-09 +++
read_and_treat_AR_exclusive read_and_treat_AR_exclusive
read_and_treat_AR_exclusive read_and_treat_AR_exclusive
read_and_treat_AR_exclusive read_and_treat_AR_exclusive
read_and_treat_AR_exclusive read_and_treat_AR_exclusive
read_and_treat_AR_exclusive read_and_treat_AR_exclusive
read_and_treat_AR_exclusive_WD read_and_treat_AR_exclusive_WD
+++ working on night --- 2025-11-10 +++
read_and_treat_AR_exclusive read_and_treat_AR_exclusive
read_and_treat_AR_exclusive read_and_treat_AR_exclusive
read_and_treat_AR_exclusive read_and_treat_AR_exclusive
read_and_treat_AR_exclusive read_and_treat_AR_exclusive
read_and_treat_AR_exclusive read_and_treat_AR_exclusive
read_and_treat_AR_exclusive_WD read_and_treat_AR_exclusive_WD
+++ working on night --- 2025-11-11 +++
read_and_treat_AR_exclusive read_and_treat_AR_exclusive
read_and_treat_AR_exclusive read_and_treat_AR_exclusive
read_and_treat_AR_exclusive read_and_treat_AR_exclusive
read_and_treat_AR_exclusive read_and_treat_AR_exclusive
read_and_treat_AR_exclusive read_and_treat_AR_exclusive
read_and_treat_AR_exclusive read_and_treat_AR_exclusive
read_and_treat_AR_exclusive_WD read_and_treat_AR_exclusive_WD
+++ working on night --- 2025-11-12 +++
read_and_treat_AR_exclusive read_and_treat_AR_exclusive
read_and_treat_AR_exclusive read_and_treat_AR_exclusive
read_and_treat_AR_exclusive read_and_treat_AR_exclusive
read_and_treat_AR_exclusive read_and_treat_AR_exclusive
read_and_treat_AR_exclusive read_and_treat_AR_exclusive
read_and_treat_AR_exclusive read_and_treat_AR_exclusive
read_and_treat_AR_exclusive_WD read_and_treat_AR_exclusive_WD
+++ working on night --- 2025-11-13 +++
read_and_treat_AR_exclusive read_and_treat_AR_exclusive
read_and_treat_AR_exclusive read_and_treat_AR_exclusive
read_and_treat_AR_exclusive read_and_treat_AR_exclusive
read_and_treat_AR_exclusive read_and_treat_AR_exclusive
read_and_treat_AR_exclusive read_and_treat_AR_exclusive
read_and_treat_AR_exclusive read_and_treat_AR_exclusive
read_and_treat_AR_exclusive_WD read_and_treat_AR_exclusive_WD
+++ working on night --- 2025-11-14 +++
read_and_treat_AR_exclusive read_and_treat_AR_exclusive
read_and_treat_AR_exclusive read_and_treat_AR_exclusive
read_and_treat_AR_exclusive read_and_treat_AR_exclusive
read_and_treat_AR_exclusive read_and_treat_AR_exclusive
read_and_treat_AR_exclusive read_and_treat_AR_exclusive
read_and_treat_AR_exclusive read_and_treat_AR_exclusive
read_and_treat_AR_exclusive_WD read_and_treat_AR_exclusive_WD
+++ working on night --- 2025-11-15 +++
read_and_treat_AR_exclusive read_and_treat_AR_exclusive
read_and_treat_AR_exclusive read_and_treat_AR_exclusive
read_and_treat_AR_exclusive read_and_treat_AR_exclusive
read_and_treat_AR_exclusive read_and_treat_AR_exclusive
read_and_treat_AR_exclusive read_and_treat_AR_exclusive
read_and_treat_AR_exclusive read_and_treat_AR_exclusive
read_and_treat_AR_exclusive_WD read_and_treat_AR_exclusive_WD
+++ working on night --- 2025-11-16 +++
read_and_treat_AR_exclusive read_and_treat_AR_exclusive
read_and_treat_AR_exclusive read_and_treat_AR_exclusive
read_and_treat_AR_exclusive read_and_treat_AR_exclusive
read_and_treat_AR_exclusive read_and_treat_AR_exclusive
read_and_treat_AR_exclusive read_and_treat_AR_exclusive
read_and_treat_AR_exclusive read_and_treat_AR_exclusive
read_and_treat_AR_exclusive_WD read_and_treat_AR_exclusive_WD
+++ working on night --- 2025-11-17 +++
read_and_treat_AR_exclusive read_and_treat_AR_exclusive
read_and_treat_AR_exclusive read_and_treat_AR_exclusive
read_and_treat_AR_exclusive read_and_treat_AR_exclusive
read_and_treat_AR_exclusive read_and_treat_AR_exclusive
read_and_treat_AR_exclusive read_and_treat_AR_exclusive
read_and_treat_AR_exclusive read_and_treat_AR_exclusive
read_and_treat_AR_exclusive_WD read_and_treat_AR_exclusive_WD
+++ working on night --- 2025-11-18 +++
read_and_treat_AR_exclusive read_and_treat_AR_exclusive
read_and_treat_AR_exclusive read_and_treat_AR_exclusive
read_and_treat_AR_exclusive read_and_treat_AR_exclusive
read_and_treat_AR_exclusive read_and_treat_AR_exclusive
read_and_treat_AR_exclusive read_and_treat_AR_exclusive
read_and_treat_AR_exclusive read_and_treat_AR_exclusive
read_and_treat_AR_exclusive_WD read_and_treat_AR_exclusive_WD
+++ working on night --- 2025-11-20 +++
+++ working on night --- 2025-11-21 +++
+++ working on night --- 2025-11-22 +++
+++ working on night --- 2025-11-23 +++
+++ working on night --- 2025-11-24 +++
+++ working on night --- 2025-11-25 +++
read_and_treat_AR_exclusive read_and_treat_AR_exclusive
read_and_treat_AR_exclusive read_and_treat_AR_exclusive
read_and_treat_AR_exclusive read_and_treat_AR_exclusive
read_and_treat_AR_exclusive read_and_treat_AR_exclusive
read_and_treat_AR_exclusive read_and_treat_AR_exclusive
read_and_treat_AR_exclusive read_and_treat_AR_exclusive
read_and_treat_AR_exclusive_WD read_and_treat_AR_exclusive_WD
+++ working on night --- 2025-11-26 +++
read_and_treat_AR_exclusive read_and_treat_AR_exclusive
read_and_treat_AR_exclusive read_and_treat_AR_exclusive
read_and_treat_AR_exclusive read_and_treat_AR_exclusive
read_and_treat_AR_exclusive read_and_treat_AR_exclusive
read_and_treat_AR_exclusive read_and_treat_AR_exclusive
read_and_treat_AR_exclusive read_and_treat_AR_exclusive
read_and_treat_AR_exclusive_WD read_and_treat_AR_exclusive_WD
+++ working on night --- 2025-11-27 +++
read_and_treat_AR_exclusive read_and_treat_AR_exclusive
read_and_treat_AR_exclusive read_and_treat_AR_exclusive
read_and_treat_AR_exclusive read_and_treat_AR_exclusive
read_and_treat_AR_exclusive read_and_treat_AR_exclusive
read_and_treat_AR_exclusive read_and_treat_AR_exclusive
read_and_treat_AR_exclusive read_and_treat_AR_exclusive
read_and_treat_AR_exclusive_WD read_and_treat_AR_exclusive_WD
+++ working on night --- 2025-11-28 +++
read_and_treat_AR_exclusive read_and_treat_AR_exclusive
read_and_treat_AR_exclusive read_and_treat_AR_exclusive
read_and_treat_AR_exclusive read_and_treat_AR_exclusive
read_and_treat_AR_exclusive read_and_treat_AR_exclusive
read_and_treat_AR_exclusive read_and_treat_AR_exclusive
read_and_treat_AR_exclusive read_and_treat_AR_exclusive
read_and_treat_AR_exclusive_WD read_and_treat_AR_exclusive_WD
+++ working on night --- 2025-11-29 +++
read_and_treat_AR_exclusive read_and_treat_AR_exclusive
read_and_treat_AR_exclusive read_and_treat_AR_exclusive
read_and_treat_AR_exclusive read_and_treat_AR_exclusive
read_and_treat_AR_exclusive read_and_treat_AR_exclusive
read_and_treat_AR_exclusive read_and_treat_AR_exclusive
read_and_treat_AR_exclusive read_and_treat_AR_exclusive
read_and_treat_AR_exclusive_WD read_and_treat_AR_exclusive_WD
+++ working on night --- 2025-11-30 +++
read_and_treat_AR_exclusive read_and_treat_AR_exclusive
read_and_treat_AR_exclusive read_and_treat_AR_exclusive
read_and_treat_AR_exclusive read_and_treat_AR_exclusive
read_and_treat_AR_exclusive read_and_treat_AR_exclusive
read_and_treat_AR_exclusive read_and_treat_AR_exclusive
read_and_treat_AR_exclusive read_and_treat_AR_exclusive
read_and_treat_AR_exclusive_WD read_and_treat_AR_exclusive_WD
+++ working on night --- 2025-12-01 +++
read_and_treat_AR_exclusive read_and_treat_AR_exclusive
read_and_treat_AR_exclusive read_and_treat_AR_exclusive
read_and_treat_AR_exclusive read_and_treat_AR_exclusive
read_and_treat_AR_exclusive read_and_treat_AR_exclusive
read_and_treat_AR_exclusive read_and_treat_AR_exclusive
read_and_treat_AR_exclusive read_and_treat_AR_exclusive
read_and_treat_AR_exclusive_WD read_and_treat_AR_exclusive_WD
+++ working on night --- 2025-12-02 +++
read_and_treat_AR_exclusive read_and_treat_AR_exclusive
read_and_treat_AR_exclusive read_and_treat_AR_exclusive
read_and_treat_AR_exclusive read_and_treat_AR_exclusive
read_and_treat_AR_exclusive read_and_treat_AR_exclusive
read_and_treat_AR_exclusive read_and_treat_AR_exclusive
read_and_treat_AR_exclusive read_and_treat_AR_exclusive
read_and_treat_AR_exclusive_WD read_and_treat_AR_exclusive_WD
+++ working on night --- 2025-12-03 +++
read_and_treat_AR_exclusive read_and_treat_AR_exclusive
read_and_treat_AR_exclusive read_and_treat_AR_exclusive
read_and_treat_AR_exclusive read_and_treat_AR_exclusive
read_and_treat_AR_exclusive read_and_treat_AR_exclusive
read_and_treat_AR_exclusive read_and_treat_AR_exclusive
read_and_treat_AR_exclusive read_and_treat_AR_exclusive
read_and_treat_AR_exclusive_WD read_and_treat_AR_exclusive_WD
+++ working on night --- 2025-12-04 +++
read_and_treat_AR_exclusive read_and_treat_AR_exclusive
read_and_treat_AR_exclusive read_and_treat_AR_exclusive
read_and_treat_AR_exclusive read_and_treat_AR_exclusive
read_and_treat_AR_exclusive read_and_treat_AR_exclusive
read_and_treat_AR_exclusive read_and_treat_AR_exclusive
read_and_treat_AR_exclusive read_and_treat_AR_exclusive
read_and_treat_AR_exclusive_WD read_and_treat_AR_exclusive_WD
+++ working on night --- 2025-12-05 +++
read_and_treat_AR_exclusive read_and_treat_AR_exclusive
read_and_treat_AR_exclusive read_and_treat_AR_exclusive
read_and_treat_AR_exclusive read_and_treat_AR_exclusive
read_and_treat_AR_exclusive read_and_treat_AR_exclusive
read_and_treat_AR_exclusive read_and_treat_AR_exclusive
read_and_treat_AR_exclusive read_and_treat_AR_exclusive
read_and_treat_AR_exclusive_WD read_and_treat_AR_exclusive_WD
+++ working on night --- 2025-12-06 +++
read_and_treat_AR_exclusive read_and_treat_AR_exclusive
read_and_treat_AR_exclusive read_and_treat_AR_exclusive
read_and_treat_AR_exclusive read_and_treat_AR_exclusive
read_and_treat_AR_exclusive read_and_treat_AR_exclusive
read_and_treat_AR_exclusive read_and_treat_AR_exclusive
read_and_treat_AR_exclusive read_and_treat_AR_exclusive
read_and_treat_AR_exclusive_WD read_and_treat_AR_exclusive_WD
+++ working on night --- 2025-12-07 +++
read_and_treat_AR_exclusive read_and_treat_AR_exclusive
read_and_treat_AR_exclusive read_and_treat_AR_exclusive
read_and_treat_AR_exclusive read_and_treat_AR_exclusive
read_and_treat_AR_exclusive read_and_treat_AR_exclusive
read_and_treat_AR_exclusive read_and_treat_AR_exclusive
read_and_treat_AR_exclusive read_and_treat_AR_exclusive
read_and_treat_AR_exclusive_WD read_and_treat_AR_exclusive_WD
+++ working on night --- 2025-12-08 +++
read_and_treat_AR_exclusive read_and_treat_AR_exclusive
read_and_treat_AR_exclusive read_and_treat_AR_exclusive
read_and_treat_AR_exclusive read_and_treat_AR_exclusive
read_and_treat_AR_exclusive read_and_treat_AR_exclusive
read_and_treat_AR_exclusive read_and_treat_AR_exclusive
read_and_treat_AR_exclusive read_and_treat_AR_exclusive
read_and_treat_AR_exclusive_WD read_and_treat_AR_exclusive_WD
+++ working on night --- 2025-12-09 +++
read_and_treat_AR_exclusive read_and_treat_AR_exclusive
read_and_treat_AR_exclusive read_and_treat_AR_exclusive
read_and_treat_AR_exclusive read_and_treat_AR_exclusive
read_and_treat_AR_exclusive read_and_treat_AR_exclusive
read_and_treat_AR_exclusive read_and_treat_AR_exclusive
read_and_treat_AR_exclusive read_and_treat_AR_exclusive
read_and_treat_AR_exclusive_WD read_and_treat_AR_exclusive_WD
+++ working on night --- 2025-12-10 +++
read_and_treat_AR_exclusive read_and_treat_AR_exclusive
read_and_treat_AR_exclusive read_and_treat_AR_exclusive
read_and_treat_AR_exclusive read_and_treat_AR_exclusive
read_and_treat_AR_exclusive read_and_treat_AR_exclusive
read_and_treat_AR_exclusive read_and_treat_AR_exclusive
read_and_treat_AR_exclusive read_and_treat_AR_exclusive
read_and_treat_AR_exclusive_WD read_and_treat_AR_exclusive_WD
+++ working on night --- 2025-12-11 +++
read_and_treat_AR_exclusive read_and_treat_AR_exclusive
read_and_treat_AR_exclusive read_and_treat_AR_exclusive
read_and_treat_AR_exclusive read_and_treat_AR_exclusive
read_and_treat_AR_exclusive read_and_treat_AR_exclusive
read_and_treat_AR_exclusive read_and_treat_AR_exclusive
read_and_treat_AR_exclusive read_and_treat_AR_exclusive
read_and_treat_AR_exclusive_WD read_and_treat_AR_exclusive_WD
+++ working on night --- 2025-12-12 +++
read_and_treat_AR_exclusive read_and_treat_AR_exclusive
read_and_treat_AR_exclusive read_and_treat_AR_exclusive
read_and_treat_AR_exclusive read_and_treat_AR_exclusive
read_and_treat_AR_exclusive read_and_treat_AR_exclusive
read_and_treat_AR_exclusive read_and_treat_AR_exclusive
read_and_treat_AR_exclusive read_and_treat_AR_exclusive
read_and_treat_AR_exclusive_WD read_and_treat_AR_exclusive_WD
+++ working on night --- 2025-12-13 +++
read_and_treat_AR_exclusive read_and_treat_AR_exclusive
read_and_treat_AR_exclusive read_and_treat_AR_exclusive
read_and_treat_AR_exclusive read_and_treat_AR_exclusive
read_and_treat_AR_exclusive read_and_treat_AR_exclusive
read_and_treat_AR_exclusive read_and_treat_AR_exclusive
read_and_treat_AR_exclusive read_and_treat_AR_exclusive
read_and_treat_AR_exclusive_WD read_and_treat_AR_exclusive_WD
+++ working on night --- 2025-12-14 +++
read_and_treat_AR_exclusive read_and_treat_AR_exclusive
read_and_treat_AR_exclusive read_and_treat_AR_exclusive
read_and_treat_AR_exclusive read_and_treat_AR_exclusive
read_and_treat_AR_exclusive read_and_treat_AR_exclusive
read_and_treat_AR_exclusive read_and_treat_AR_exclusive
read_and_treat_AR_exclusive read_and_treat_AR_exclusive
read_and_treat_AR_exclusive_WD read_and_treat_AR_exclusive_WD
+++ working on night --- 2025-12-15 +++
read_and_treat_AR_exclusive read_and_treat_AR_exclusive
read_and_treat_AR_exclusive read_and_treat_AR_exclusive
read_and_treat_AR_exclusive read_and_treat_AR_exclusive
read_and_treat_AR_exclusive read_and_treat_AR_exclusive
read_and_treat_AR_exclusive read_and_treat_AR_exclusive
read_and_treat_AR_exclusive read_and_treat_AR_exclusive
read_and_treat_AR_exclusive_WD read_and_treat_AR_exclusive_WD
+++ working on night --- 2025-12-16 +++
read_and_treat_AR_exclusive read_and_treat_AR_exclusive
read_and_treat_AR_exclusive read_and_treat_AR_exclusive
read_and_treat_AR_exclusive read_and_treat_AR_exclusive
read_and_treat_AR_exclusive read_and_treat_AR_exclusive
read_and_treat_AR_exclusive read_and_treat_AR_exclusive
read_and_treat_AR_exclusive read_and_treat_AR_exclusive
read_and_treat_AR_exclusive_WD read_and_treat_AR_exclusive_WD
+++ working on night --- 2025-12-17 +++
read_and_treat_AR_exclusive read_and_treat_AR_exclusive
read_and_treat_AR_exclusive read_and_treat_AR_exclusive
read_and_treat_AR_exclusive read_and_treat_AR_exclusive
read_and_treat_AR_exclusive read_and_treat_AR_exclusive
read_and_treat_AR_exclusive read_and_treat_AR_exclusive
read_and_treat_AR_exclusive read_and_treat_AR_exclusive
read_and_treat_AR_exclusive_WD read_and_treat_AR_exclusive_WD
+++ working on night --- 2025-12-18 +++
read_and_treat_AR_exclusive read_and_treat_AR_exclusive
read_and_treat_AR_exclusive read_and_treat_AR_exclusive
read_and_treat_AR_exclusive read_and_treat_AR_exclusive
read_and_treat_AR_exclusive read_and_treat_AR_exclusive
read_and_treat_AR_exclusive read_and_treat_AR_exclusive
read_and_treat_AR_exclusive read_and_treat_AR_exclusive
read_and_treat_AR_exclusive_WD read_and_treat_AR_exclusive_WD
+++ working on night --- 2025-12-19 +++
read_and_treat_AR_exclusive read_and_treat_AR_exclusive
read_and_treat_AR_exclusive read_and_treat_AR_exclusive
read_and_treat_AR_exclusive read_and_treat_AR_exclusive
read_and_treat_AR_exclusive read_and_treat_AR_exclusive
read_and_treat_AR_exclusive read_and_treat_AR_exclusive
read_and_treat_AR_exclusive read_and_treat_AR_exclusive
read_and_treat_AR_exclusive_WD read_and_treat_AR_exclusive_WD
+++ working on night --- 2025-12-20 +++
read_and_treat_AR_exclusive read_and_treat_AR_exclusive
read_and_treat_AR_exclusive read_and_treat_AR_exclusive
read_and_treat_AR_exclusive read_and_treat_AR_exclusive
read_and_treat_AR_exclusive read_and_treat_AR_exclusive
read_and_treat_AR_exclusive read_and_treat_AR_exclusive
read_and_treat_AR_exclusive read_and_treat_AR_exclusive
read_and_treat_AR_exclusive_WD read_and_treat_AR_exclusive_WD
+++ working on night --- 2025-12-21 +++
read_and_treat_AR_exclusive read_and_treat_AR_exclusive
read_and_treat_AR_exclusive read_and_treat_AR_exclusive
read_and_treat_AR_exclusive read_and_treat_AR_exclusive
read_and_treat_AR_exclusive read_and_treat_AR_exclusive
read_and_treat_AR_exclusive read_and_treat_AR_exclusive
read_and_treat_AR_exclusive read_and_treat_AR_exclusive
read_and_treat_AR_exclusive_WD read_and_treat_AR_exclusive_WD
+++ working on night --- 2025-12-22 +++
read_and_treat_AR_exclusive read_and_treat_AR_exclusive
read_and_treat_AR_exclusive read_and_treat_AR_exclusive
read_and_treat_AR_exclusive read_and_treat_AR_exclusive
read_and_treat_AR_exclusive read_and_treat_AR_exclusive
read_and_treat_AR_exclusive read_and_treat_AR_exclusive
read_and_treat_AR_exclusive read_and_treat_AR_exclusive
read_and_treat_AR_exclusive_WD read_and_treat_AR_exclusive_WD
+++ working on night --- 2025-12-23 +++
read_and_treat_AR_exclusive read_and_treat_AR_exclusive
read_and_treat_AR_exclusive read_and_treat_AR_exclusive
read_and_treat_AR_exclusive read_and_treat_AR_exclusive
read_and_treat_AR_exclusive read_and_treat_AR_exclusive
read_and_treat_AR_exclusive read_and_treat_AR_exclusive
read_and_treat_AR_exclusive read_and_treat_AR_exclusive
read_and_treat_AR_exclusive_WD read_and_treat_AR_exclusive_WD
+++ working on night --- 2025-12-24 +++
read_and_treat_AR_exclusive read_and_treat_AR_exclusive
read_and_treat_AR_exclusive read_and_treat_AR_exclusive
read_and_treat_AR_exclusive read_and_treat_AR_exclusive
read_and_treat_AR_exclusive read_and_treat_AR_exclusive
read_and_treat_AR_exclusive read_and_treat_AR_exclusive
read_and_treat_AR_exclusive read_and_treat_AR_exclusive
read_and_treat_AR_exclusive_WD read_and_treat_AR_exclusive_WD
+++ working on night --- 2025-12-25 +++
read_and_treat_AR_exclusive read_and_treat_AR_exclusive
read_and_treat_AR_exclusive read_and_treat_AR_exclusive
read_and_treat_AR_exclusive read_and_treat_AR_exclusive
read_and_treat_AR_exclusive read_and_treat_AR_exclusive
read_and_treat_AR_exclusive read_and_treat_AR_exclusive
read_and_treat_AR_exclusive read_and_treat_AR_exclusive
read_and_treat_AR_exclusive_WD read_and_treat_AR_exclusive_WD
+++ working on night --- 2025-12-26 +++
read_and_treat_AR_exclusive read_and_treat_AR_exclusive
read_and_treat_AR_exclusive read_and_treat_AR_exclusive
read_and_treat_AR_exclusive read_and_treat_AR_exclusive
read_and_treat_AR_exclusive read_and_treat_AR_exclusive
read_and_treat_AR_exclusive read_and_treat_AR_exclusive
read_and_treat_AR_exclusive read_and_treat_AR_exclusive
read_and_treat_AR_exclusive_WD read_and_treat_AR_exclusive_WD
+++ working on night --- 2025-12-27 +++
read_and_treat_AR_exclusive read_and_treat_AR_exclusive
read_and_treat_AR_exclusive read_and_treat_AR_exclusive
read_and_treat_AR_exclusive read_and_treat_AR_exclusive
read_and_treat_AR_exclusive read_and_treat_AR_exclusive
read_and_treat_AR_exclusive read_and_treat_AR_exclusive
read_and_treat_AR_exclusive read_and_treat_AR_exclusive
read_and_treat_AR_exclusive_WD read_and_treat_AR_exclusive_WD
+++ working on night --- 2025-12-28 +++
read_and_treat_AR_exclusive read_and_treat_AR_exclusive
read_and_treat_AR_exclusive read_and_treat_AR_exclusive
read_and_treat_AR_exclusive read_and_treat_AR_exclusive
read_and_treat_AR_exclusive read_and_treat_AR_exclusive
read_and_treat_AR_exclusive read_and_treat_AR_exclusive
read_and_treat_AR_exclusive read_and_treat_AR_exclusive
read_and_treat_AR_exclusive_WD read_and_treat_AR_exclusive_WD
+++ working on night --- 2025-12-29 +++
read_and_treat_AR_exclusive read_and_treat_AR_exclusive
read_and_treat_AR_exclusive read_and_treat_AR_exclusive
read_and_treat_AR_exclusive read_and_treat_AR_exclusive
read_and_treat_AR_exclusive read_and_treat_AR_exclusive
read_and_treat_AR_exclusive read_and_treat_AR_exclusive
read_and_treat_AR_exclusive read_and_treat_AR_exclusive
read_and_treat_AR_exclusive_WD read_and_treat_AR_exclusive_WD
+++ working on night --- 2025-12-30 +++
read_and_treat_AR_exclusive read_and_treat_AR_exclusive
read_and_treat_AR_exclusive read_and_treat_AR_exclusive
read_and_treat_AR_exclusive read_and_treat_AR_exclusive
read_and_treat_AR_exclusive read_and_treat_AR_exclusive
read_and_treat_AR_exclusive read_and_treat_AR_exclusive
read_and_treat_AR_exclusive read_and_treat_AR_exclusive
read_and_treat_AR_exclusive_WD read_and_treat_AR_exclusive_WD
+++ working on night --- 2025-12-31 +++
read_and_treat_AR_exclusive read_and_treat_AR_exclusive
read_and_treat_AR_exclusive read_and_treat_AR_exclusive
read_and_treat_AR_exclusive read_and_treat_AR_exclusive
read_and_treat_AR_exclusive read_and_treat_AR_exclusive
read_and_treat_AR_exclusive read_and_treat_AR_exclusive
read_and_treat_AR_exclusive read_and_treat_AR_exclusive
read_and_treat_AR_exclusive_WD read_and_treat_AR_exclusive_WD
