+++ working on night --- 2024-06-01 +++
read_and_treat_AR_exclusive read_and_treat_AR_exclusive
read_and_treat_AR_exclusive read_and_treat_AR_exclusive
read_and_treat_AR_exclusive read_and_treat_AR_exclusive
read_and_treat_AR_exclusive read_and_treat_AR_exclusive
read_and_treat_AR_exclusive read_and_treat_AR_exclusive
read_and_treat_AR_exclusive read_and_treat_AR_exclusive
read_and_treat_AR_exclusive_WD read_and_treat_AR_exclusive_WD
+++ working on night --- 2024-06-02 +++
read_and_treat_AR_exclusive read_and_treat_AR_exclusive
read_and_treat_AR_exclusive read_and_treat_AR_exclusive
read_and_treat_AR_exclusive read_and_treat_AR_exclusive
read_and_treat_AR_exclusive read_and_treat_AR_exclusive
read_and_treat_AR_exclusive read_and_treat_AR_exclusive
read_and_treat_AR_exclusive read_and_treat_AR_exclusive
read_and_treat_AR_exclusive_WD read_and_treat_AR_exclusive_WD
+++ working on night --- 2024-06-03 +++
read_and_treat_AR_exclusive read_and_treat_AR_exclusive
read_and_treat_AR_exclusive read_and_treat_AR_exclusive
read_and_treat_AR_exclusive read_and_treat_AR_exclusive
read_and_treat_AR_exclusive read_and_treat_AR_exclusive
read_and_treat_AR_exclusive read_and_treat_AR_exclusive
read_and_treat_AR_exclusive read_and_treat_AR_exclusive
read_and_treat_AR_exclusive_WD read_and_treat_AR_exclusive_WD
+++ working on night --- 2024-06-04 +++
read_and_treat_AR_exclusive read_and_treat_AR_exclusive
read_and_treat_AR_exclusive read_and_treat_AR_exclusive
read_and_treat_AR_exclusive read_and_treat_AR_exclusive
read_and_treat_AR_exclusive read_and_treat_AR_exclusive
read_and_treat_AR_exclusive read_and_treat_AR_exclusive
read_and_treat_AR_exclusive read_and_treat_AR_exclusive
read_and_treat_AR_exclusive_WD read_and_treat_AR_exclusive_WD
+++ working on night --- 2024-06-05 +++
read_and_treat_AR_exclusive read_and_treat_AR_exclusive
read_and_treat_AR_exclusive read_and_treat_AR_exclusive
read_and_treat_AR_exclusive read_and_treat_AR_exclusive
read_and_treat_AR_exclusive read_and_treat_AR_exclusive
read_and_treat_AR_exclusive read_and_treat_AR_exclusive
read_and_treat_AR_exclusive read_and_treat_AR_exclusive
read_and_treat_AR_exclusive_WD read_and_treat_AR_exclusive_WD
+++ working on night --- 2024-06-06 +++
read_and_treat_AR_exclusive read_and_treat_AR_exclusive
read_and_treat_AR_exclusive read_and_treat_AR_exclusive
read_and_treat_AR_exclusive read_and_treat_AR_exclusive
read_and_treat_AR_exclusive read_and_treat_AR_exclusive
read_and_treat_AR_exclusive read_and_treat_AR_exclusive
read_and_treat_AR_exclusive read_and_treat_AR_exclusive
read_and_treat_AR_exclusive_WD read_and_treat_AR_exclusive_WD
+++ working on night --- 2024-06-07 +++
read_and_treat_AR_exclusive read_and_treat_AR_exclusive
read_and_treat_AR_exclusive read_and_treat_AR_exclusive
read_and_treat_AR_exclusive read_and_treat_AR_exclusive
read_and_treat_AR_exclusive read_and_treat_AR_exclusive
read_and_treat_AR_exclusive read_and_treat_AR_exclusive
read_and_treat_AR_exclusive read_and_treat_AR_exclusive
read_and_treat_AR_exclusive_WD read_and_treat_AR_exclusive_WD
+++ working on night --- 2024-06-08 +++
read_and_treat_AR_exclusive read_and_treat_AR_exclusive
read_and_treat_AR_exclusive read_and_treat_AR_exclusive
read_and_treat_AR_exclusive read_and_treat_AR_exclusive
read_and_treat_AR_exclusive read_and_treat_AR_exclusive
read_and_treat_AR_exclusive read_and_treat_AR_exclusive
read_and_treat_AR_exclusive read_and_treat_AR_exclusive
read_and_treat_AR_exclusive_WD read_and_treat_AR_exclusive_WD
+++ working on night --- 2024-06-09 +++
read_and_treat_AR_exclusive read_and_treat_AR_exclusive
read_and_treat_AR_exclusive read_and_treat_AR_exclusive
read_and_treat_AR_exclusive read_and_treat_AR_exclusive
read_and_treat_AR_exclusive read_and_treat_AR_exclusive
read_and_treat_AR_exclusive read_and_treat_AR_exclusive
read_and_treat_AR_exclusive read_and_treat_AR_exclusive
read_and_treat_AR_exclusive_WD read_and_treat_AR_exclusive_WD
+++ working on night --- 2024-06-10 +++
read_and_treat_AR_exclusive read_and_treat_AR_exclusive
read_and_treat_AR_exclusive read_and_treat_AR_exclusive
read_and_treat_AR_exclusive read_and_treat_AR_exclusive
read_and_treat_AR_exclusive read_and_treat_AR_exclusive
read_and_treat_AR_exclusive read_and_treat_AR_exclusive
read_and_treat_AR_exclusive read_and_treat_AR_exclusive
read_and_treat_AR_exclusive_WD read_and_treat_AR_exclusive_WD
+++ working on night --- 2024-06-11 +++
read_and_treat_AR_exclusive read_and_treat_AR_exclusive
read_and_treat_AR_exclusive read_and_treat_AR_exclusive
read_and_treat_AR_exclusive read_and_treat_AR_exclusive
read_and_treat_AR_exclusive read_and_treat_AR_exclusive
read_and_treat_AR_exclusive read_and_treat_AR_exclusive
read_and_treat_AR_exclusive read_and_treat_AR_exclusive
read_and_treat_AR_exclusive_WD read_and_treat_AR_exclusive_WD
+++ working on night --- 2024-06-12 +++
read_and_treat_AR_exclusive read_and_treat_AR_exclusive
read_and_treat_AR_exclusive read_and_treat_AR_exclusive
read_and_treat_AR_exclusive read_and_treat_AR_exclusive
read_and_treat_AR_exclusive read_and_treat_AR_exclusive
read_and_treat_AR_exclusive read_and_treat_AR_exclusive
read_and_treat_AR_exclusive read_and_treat_AR_exclusive
read_and_treat_AR_exclusive_WD read_and_treat_AR_exclusive_WD
+++ working on night --- 2024-06-13 +++
read_and_treat_AR_exclusive read_and_treat_AR_exclusive
read_and_treat_AR_exclusive read_and_treat_AR_exclusive
read_and_treat_AR_exclusive read_and_treat_AR_exclusive
read_and_treat_AR_exclusive read_and_treat_AR_exclusive
read_and_treat_AR_exclusive read_and_treat_AR_exclusive
read_and_treat_AR_exclusive read_and_treat_AR_exclusive
read_and_treat_AR_exclusive_WD read_and_treat_AR_exclusive_WD
+++ working on night --- 2024-06-14 +++
read_and_treat_AR_exclusive read_and_treat_AR_exclusive
read_and_treat_AR_exclusive read_and_treat_AR_exclusive
read_and_treat_AR_exclusive read_and_treat_AR_exclusive
read_and_treat_AR_exclusive read_and_treat_AR_exclusive
read_and_treat_AR_exclusive read_and_treat_AR_exclusive
read_and_treat_AR_exclusive read_and_treat_AR_exclusive
read_and_treat_AR_exclusive_WD read_and_treat_AR_exclusive_WD
+++ working on night --- 2024-06-15 +++
read_and_treat_AR_exclusive read_and_treat_AR_exclusive
read_and_treat_AR_exclusive read_and_treat_AR_exclusive
read_and_treat_AR_exclusive read_and_treat_AR_exclusive
read_and_treat_AR_exclusive read_and_treat_AR_exclusive
read_and_treat_AR_exclusive read_and_treat_AR_exclusive
read_and_treat_AR_exclusive read_and_treat_AR_exclusive
read_and_treat_AR_exclusive_WD read_and_treat_AR_exclusive_WD
+++ working on night --- 2024-06-16 +++
read_and_treat_AR_exclusive read_and_treat_AR_exclusive
read_and_treat_AR_exclusive read_and_treat_AR_exclusive
read_and_treat_AR_exclusive read_and_treat_AR_exclusive
read_and_treat_AR_exclusive read_and_treat_AR_exclusive
read_and_treat_AR_exclusive read_and_treat_AR_exclusive
read_and_treat_AR_exclusive read_and_treat_AR_exclusive
read_and_treat_AR_exclusive_WD read_and_treat_AR_exclusive_WD
+++ working on night --- 2024-06-17 +++
read_and_treat_AR_exclusive read_and_treat_AR_exclusive
tail: cannot open ‘/home/report/DATA/DA_TRATTARE/test/night/20240617_tau_evol_time_Height_5_20000_TELEMETRY_output_night_PERSIST.dat’ for reading: No such file or directory
read_and_treat_AR_exclusive read_and_treat_AR_exclusive
tail: cannot open ‘/home/report/DATA/DA_TRATTARE/test/night/20240617_glf_evol_time_Height_5_20000_TELEMETRY_output_night_PERSIST.dat’ for reading: No such file or directory
read_and_treat_AR_exclusive read_and_treat_AR_exclusive
read_and_treat_AR_exclusive read_and_treat_AR_exclusive
read_and_treat_AR_exclusive read_and_treat_AR_exclusive
read_and_treat_AR_exclusive read_and_treat_AR_exclusive
read_and_treat_AR_exclusive_WD read_and_treat_AR_exclusive_WD
+++ working on night --- 2024-06-18 +++
read_and_treat_AR_exclusive read_and_treat_AR_exclusive
tail: cannot open ‘/home/report/DATA/DA_TRATTARE/test/night/20240618_tau_evol_time_Height_5_20000_TELEMETRY_output_night_PERSIST.dat’ for reading: No such file or directory
read_and_treat_AR_exclusive read_and_treat_AR_exclusive
tail: cannot open ‘/home/report/DATA/DA_TRATTARE/test/night/20240618_glf_evol_time_Height_5_20000_TELEMETRY_output_night_PERSIST.dat’ for reading: No such file or directory
read_and_treat_AR_exclusive read_and_treat_AR_exclusive
read_and_treat_AR_exclusive read_and_treat_AR_exclusive
read_and_treat_AR_exclusive read_and_treat_AR_exclusive
read_and_treat_AR_exclusive read_and_treat_AR_exclusive
read_and_treat_AR_exclusive_WD read_and_treat_AR_exclusive_WD
+++ working on night --- 2024-06-19 +++
read_and_treat_AR_exclusive read_and_treat_AR_exclusive
read_and_treat_AR_exclusive read_and_treat_AR_exclusive
read_and_treat_AR_exclusive read_and_treat_AR_exclusive
read_and_treat_AR_exclusive read_and_treat_AR_exclusive
read_and_treat_AR_exclusive read_and_treat_AR_exclusive
read_and_treat_AR_exclusive read_and_treat_AR_exclusive
read_and_treat_AR_exclusive_WD read_and_treat_AR_exclusive_WD
+++ working on night --- 2024-06-20 +++
read_and_treat_AR_exclusive read_and_treat_AR_exclusive
read_and_treat_AR_exclusive read_and_treat_AR_exclusive
read_and_treat_AR_exclusive read_and_treat_AR_exclusive
read_and_treat_AR_exclusive read_and_treat_AR_exclusive
read_and_treat_AR_exclusive read_and_treat_AR_exclusive
read_and_treat_AR_exclusive read_and_treat_AR_exclusive
read_and_treat_AR_exclusive_WD read_and_treat_AR_exclusive_WD
+++ working on night --- 2024-06-21 +++
read_and_treat_AR_exclusive read_and_treat_AR_exclusive
tail: cannot open ‘/home/report/DATA/DA_TRATTARE/test/night/20240621_tau_evol_time_Height_5_20000_TELEMETRY_output_night_PERSIST.dat’ for reading: No such file or directory
read_and_treat_AR_exclusive read_and_treat_AR_exclusive
tail: cannot open ‘/home/report/DATA/DA_TRATTARE/test/night/20240621_glf_evol_time_Height_5_20000_TELEMETRY_output_night_PERSIST.dat’ for reading: No such file or directory
read_and_treat_AR_exclusive read_and_treat_AR_exclusive
read_and_treat_AR_exclusive read_and_treat_AR_exclusive
read_and_treat_AR_exclusive read_and_treat_AR_exclusive
read_and_treat_AR_exclusive read_and_treat_AR_exclusive
read_and_treat_AR_exclusive_WD read_and_treat_AR_exclusive_WD
+++ working on night --- 2024-06-22 +++
read_and_treat_AR_exclusive read_and_treat_AR_exclusive
tail: cannot open ‘/home/report/DATA/DA_TRATTARE/test/night/20240622_tau_evol_time_Height_5_20000_TELEMETRY_output_night_PERSIST.dat’ for reading: No such file or directory
read_and_treat_AR_exclusive read_and_treat_AR_exclusive
tail: cannot open ‘/home/report/DATA/DA_TRATTARE/test/night/20240622_glf_evol_time_Height_5_20000_TELEMETRY_output_night_PERSIST.dat’ for reading: No such file or directory
read_and_treat_AR_exclusive read_and_treat_AR_exclusive
read_and_treat_AR_exclusive read_and_treat_AR_exclusive
read_and_treat_AR_exclusive read_and_treat_AR_exclusive
read_and_treat_AR_exclusive read_and_treat_AR_exclusive
read_and_treat_AR_exclusive_WD read_and_treat_AR_exclusive_WD
+++ working on night --- 2024-06-23 +++
read_and_treat_AR_exclusive read_and_treat_AR_exclusive
tail: cannot open ‘/home/report/DATA/DA_TRATTARE/test/night/20240623_tau_evol_time_Height_5_20000_TELEMETRY_output_night_PERSIST.dat’ for reading: No such file or directory
read_and_treat_AR_exclusive read_and_treat_AR_exclusive
tail: cannot open ‘/home/report/DATA/DA_TRATTARE/test/night/20240623_glf_evol_time_Height_5_20000_TELEMETRY_output_night_PERSIST.dat’ for reading: No such file or directory
read_and_treat_AR_exclusive read_and_treat_AR_exclusive
read_and_treat_AR_exclusive read_and_treat_AR_exclusive
read_and_treat_AR_exclusive read_and_treat_AR_exclusive
read_and_treat_AR_exclusive read_and_treat_AR_exclusive
read_and_treat_AR_exclusive_WD read_and_treat_AR_exclusive_WD
+++ working on night --- 2024-06-24 +++
read_and_treat_AR_exclusive read_and_treat_AR_exclusive
tail: cannot open ‘/home/report/DATA/DA_TRATTARE/test/night/20240624_tau_evol_time_Height_5_20000_TELEMETRY_output_night_PERSIST.dat’ for reading: No such file or directory
read_and_treat_AR_exclusive read_and_treat_AR_exclusive
tail: cannot open ‘/home/report/DATA/DA_TRATTARE/test/night/20240624_glf_evol_time_Height_5_20000_TELEMETRY_output_night_PERSIST.dat’ for reading: No such file or directory
read_and_treat_AR_exclusive read_and_treat_AR_exclusive
read_and_treat_AR_exclusive read_and_treat_AR_exclusive
read_and_treat_AR_exclusive read_and_treat_AR_exclusive
read_and_treat_AR_exclusive read_and_treat_AR_exclusive
read_and_treat_AR_exclusive_WD read_and_treat_AR_exclusive_WD
+++ working on night --- 2024-06-25 +++
read_and_treat_AR_exclusive read_and_treat_AR_exclusive
tail: cannot open ‘/home/report/DATA/DA_TRATTARE/test/night/20240625_tau_evol_time_Height_5_20000_TELEMETRY_output_night_PERSIST.dat’ for reading: No such file or directory
read_and_treat_AR_exclusive read_and_treat_AR_exclusive
tail: cannot open ‘/home/report/DATA/DA_TRATTARE/test/night/20240625_glf_evol_time_Height_5_20000_TELEMETRY_output_night_PERSIST.dat’ for reading: No such file or directory
read_and_treat_AR_exclusive read_and_treat_AR_exclusive
read_and_treat_AR_exclusive read_and_treat_AR_exclusive
read_and_treat_AR_exclusive read_and_treat_AR_exclusive
read_and_treat_AR_exclusive read_and_treat_AR_exclusive
read_and_treat_AR_exclusive_WD read_and_treat_AR_exclusive_WD
+++ working on night --- 2024-06-26 +++
read_and_treat_AR_exclusive read_and_treat_AR_exclusive
read_and_treat_AR_exclusive read_and_treat_AR_exclusive
read_and_treat_AR_exclusive read_and_treat_AR_exclusive
read_and_treat_AR_exclusive read_and_treat_AR_exclusive
read_and_treat_AR_exclusive read_and_treat_AR_exclusive
read_and_treat_AR_exclusive read_and_treat_AR_exclusive
read_and_treat_AR_exclusive_WD read_and_treat_AR_exclusive_WD
+++ working on night --- 2024-06-27 +++
read_and_treat_AR_exclusive read_and_treat_AR_exclusive
read_and_treat_AR_exclusive read_and_treat_AR_exclusive
read_and_treat_AR_exclusive read_and_treat_AR_exclusive
read_and_treat_AR_exclusive read_and_treat_AR_exclusive
read_and_treat_AR_exclusive read_and_treat_AR_exclusive
read_and_treat_AR_exclusive read_and_treat_AR_exclusive
read_and_treat_AR_exclusive_WD read_and_treat_AR_exclusive_WD
+++ working on night --- 2024-06-28 +++
read_and_treat_AR_exclusive read_and_treat_AR_exclusive
read_and_treat_AR_exclusive read_and_treat_AR_exclusive
read_and_treat_AR_exclusive read_and_treat_AR_exclusive
read_and_treat_AR_exclusive read_and_treat_AR_exclusive
read_and_treat_AR_exclusive read_and_treat_AR_exclusive
read_and_treat_AR_exclusive read_and_treat_AR_exclusive
read_and_treat_AR_exclusive_WD read_and_treat_AR_exclusive_WD
+++ working on night --- 2024-06-29 +++
read_and_treat_AR_exclusive read_and_treat_AR_exclusive
read_and_treat_AR_exclusive read_and_treat_AR_exclusive
read_and_treat_AR_exclusive read_and_treat_AR_exclusive
read_and_treat_AR_exclusive read_and_treat_AR_exclusive
read_and_treat_AR_exclusive read_and_treat_AR_exclusive
read_and_treat_AR_exclusive read_and_treat_AR_exclusive
read_and_treat_AR_exclusive_WD read_and_treat_AR_exclusive_WD
+++ working on night --- 2024-06-30 +++
read_and_treat_AR_exclusive read_and_treat_AR_exclusive
read_and_treat_AR_exclusive read_and_treat_AR_exclusive
read_and_treat_AR_exclusive read_and_treat_AR_exclusive
read_and_treat_AR_exclusive read_and_treat_AR_exclusive
read_and_treat_AR_exclusive read_and_treat_AR_exclusive
read_and_treat_AR_exclusive read_and_treat_AR_exclusive
read_and_treat_AR_exclusive_WD read_and_treat_AR_exclusive_WD
+++ working on night --- 2024-07-01 +++
read_and_treat_AR_exclusive read_and_treat_AR_exclusive
read_and_treat_AR_exclusive read_and_treat_AR_exclusive
read_and_treat_AR_exclusive read_and_treat_AR_exclusive
read_and_treat_AR_exclusive read_and_treat_AR_exclusive
read_and_treat_AR_exclusive read_and_treat_AR_exclusive
read_and_treat_AR_exclusive read_and_treat_AR_exclusive
read_and_treat_AR_exclusive_WD read_and_treat_AR_exclusive_WD
+++ working on night --- 2024-07-02 +++
read_and_treat_AR_exclusive read_and_treat_AR_exclusive
read_and_treat_AR_exclusive read_and_treat_AR_exclusive
read_and_treat_AR_exclusive read_and_treat_AR_exclusive
read_and_treat_AR_exclusive read_and_treat_AR_exclusive
read_and_treat_AR_exclusive read_and_treat_AR_exclusive
read_and_treat_AR_exclusive read_and_treat_AR_exclusive
read_and_treat_AR_exclusive_WD read_and_treat_AR_exclusive_WD
+++ working on night --- 2024-07-03 +++
read_and_treat_AR_exclusive read_and_treat_AR_exclusive
read_and_treat_AR_exclusive read_and_treat_AR_exclusive
read_and_treat_AR_exclusive read_and_treat_AR_exclusive
read_and_treat_AR_exclusive read_and_treat_AR_exclusive
read_and_treat_AR_exclusive read_and_treat_AR_exclusive
read_and_treat_AR_exclusive read_and_treat_AR_exclusive
read_and_treat_AR_exclusive_WD read_and_treat_AR_exclusive_WD
+++ working on night --- 2024-07-04 +++
read_and_treat_AR_exclusive read_and_treat_AR_exclusive
read_and_treat_AR_exclusive read_and_treat_AR_exclusive
read_and_treat_AR_exclusive read_and_treat_AR_exclusive
read_and_treat_AR_exclusive read_and_treat_AR_exclusive
read_and_treat_AR_exclusive read_and_treat_AR_exclusive
read_and_treat_AR_exclusive read_and_treat_AR_exclusive
read_and_treat_AR_exclusive_WD read_and_treat_AR_exclusive_WD
+++ working on night --- 2024-07-05 +++
read_and_treat_AR_exclusive read_and_treat_AR_exclusive
read_and_treat_AR_exclusive read_and_treat_AR_exclusive
read_and_treat_AR_exclusive read_and_treat_AR_exclusive
read_and_treat_AR_exclusive read_and_treat_AR_exclusive
read_and_treat_AR_exclusive read_and_treat_AR_exclusive
read_and_treat_AR_exclusive read_and_treat_AR_exclusive
read_and_treat_AR_exclusive_WD read_and_treat_AR_exclusive_WD
+++ working on night --- 2024-07-06 +++
read_and_treat_AR_exclusive read_and_treat_AR_exclusive
read_and_treat_AR_exclusive read_and_treat_AR_exclusive
read_and_treat_AR_exclusive read_and_treat_AR_exclusive
read_and_treat_AR_exclusive read_and_treat_AR_exclusive
read_and_treat_AR_exclusive read_and_treat_AR_exclusive
read_and_treat_AR_exclusive read_and_treat_AR_exclusive
read_and_treat_AR_exclusive_WD read_and_treat_AR_exclusive_WD
+++ working on night --- 2024-07-07 +++
read_and_treat_AR_exclusive read_and_treat_AR_exclusive
read_and_treat_AR_exclusive read_and_treat_AR_exclusive
read_and_treat_AR_exclusive read_and_treat_AR_exclusive
read_and_treat_AR_exclusive read_and_treat_AR_exclusive
read_and_treat_AR_exclusive read_and_treat_AR_exclusive
read_and_treat_AR_exclusive read_and_treat_AR_exclusive
read_and_treat_AR_exclusive_WD read_and_treat_AR_exclusive_WD
+++ working on night --- 2024-07-08 +++
read_and_treat_AR_exclusive read_and_treat_AR_exclusive
read_and_treat_AR_exclusive read_and_treat_AR_exclusive
read_and_treat_AR_exclusive read_and_treat_AR_exclusive
read_and_treat_AR_exclusive read_and_treat_AR_exclusive
read_and_treat_AR_exclusive read_and_treat_AR_exclusive
read_and_treat_AR_exclusive read_and_treat_AR_exclusive
read_and_treat_AR_exclusive_WD read_and_treat_AR_exclusive_WD
+++ working on night --- 2024-07-09 +++
read_and_treat_AR_exclusive read_and_treat_AR_exclusive
read_and_treat_AR_exclusive read_and_treat_AR_exclusive
read_and_treat_AR_exclusive read_and_treat_AR_exclusive
read_and_treat_AR_exclusive read_and_treat_AR_exclusive
read_and_treat_AR_exclusive read_and_treat_AR_exclusive
read_and_treat_AR_exclusive read_and_treat_AR_exclusive
read_and_treat_AR_exclusive_WD read_and_treat_AR_exclusive_WD
+++ working on night --- 2024-07-10 +++
read_and_treat_AR_exclusive read_and_treat_AR_exclusive
read_and_treat_AR_exclusive read_and_treat_AR_exclusive
read_and_treat_AR_exclusive read_and_treat_AR_exclusive
read_and_treat_AR_exclusive read_and_treat_AR_exclusive
read_and_treat_AR_exclusive read_and_treat_AR_exclusive
read_and_treat_AR_exclusive read_and_treat_AR_exclusive
read_and_treat_AR_exclusive_WD read_and_treat_AR_exclusive_WD
+++ working on night --- 2024-07-11 +++
read_and_treat_AR_exclusive read_and_treat_AR_exclusive
read_and_treat_AR_exclusive read_and_treat_AR_exclusive
read_and_treat_AR_exclusive read_and_treat_AR_exclusive
read_and_treat_AR_exclusive read_and_treat_AR_exclusive
read_and_treat_AR_exclusive read_and_treat_AR_exclusive
read_and_treat_AR_exclusive read_and_treat_AR_exclusive
read_and_treat_AR_exclusive_WD read_and_treat_AR_exclusive_WD
+++ working on night --- 2024-07-12 +++
read_and_treat_AR_exclusive read_and_treat_AR_exclusive
read_and_treat_AR_exclusive read_and_treat_AR_exclusive
read_and_treat_AR_exclusive read_and_treat_AR_exclusive
read_and_treat_AR_exclusive read_and_treat_AR_exclusive
read_and_treat_AR_exclusive read_and_treat_AR_exclusive
read_and_treat_AR_exclusive read_and_treat_AR_exclusive
read_and_treat_AR_exclusive_WD read_and_treat_AR_exclusive_WD
+++ working on night --- 2024-07-13 +++
read_and_treat_AR_exclusive read_and_treat_AR_exclusive
read_and_treat_AR_exclusive read_and_treat_AR_exclusive
read_and_treat_AR_exclusive read_and_treat_AR_exclusive
read_and_treat_AR_exclusive read_and_treat_AR_exclusive
read_and_treat_AR_exclusive read_and_treat_AR_exclusive
read_and_treat_AR_exclusive read_and_treat_AR_exclusive
read_and_treat_AR_exclusive_WD read_and_treat_AR_exclusive_WD
+++ working on night --- 2024-07-14 +++
read_and_treat_AR_exclusive read_and_treat_AR_exclusive
read_and_treat_AR_exclusive read_and_treat_AR_exclusive
read_and_treat_AR_exclusive read_and_treat_AR_exclusive
read_and_treat_AR_exclusive read_and_treat_AR_exclusive
read_and_treat_AR_exclusive read_and_treat_AR_exclusive
read_and_treat_AR_exclusive read_and_treat_AR_exclusive
read_and_treat_AR_exclusive_WD read_and_treat_AR_exclusive_WD
+++ working on night --- 2024-07-15 +++
read_and_treat_AR_exclusive read_and_treat_AR_exclusive
read_and_treat_AR_exclusive read_and_treat_AR_exclusive
read_and_treat_AR_exclusive read_and_treat_AR_exclusive
read_and_treat_AR_exclusive read_and_treat_AR_exclusive
read_and_treat_AR_exclusive read_and_treat_AR_exclusive
read_and_treat_AR_exclusive read_and_treat_AR_exclusive
read_and_treat_AR_exclusive_WD read_and_treat_AR_exclusive_WD
+++ working on night --- 2024-07-16 +++
read_and_treat_AR_exclusive read_and_treat_AR_exclusive
read_and_treat_AR_exclusive read_and_treat_AR_exclusive
read_and_treat_AR_exclusive read_and_treat_AR_exclusive
read_and_treat_AR_exclusive read_and_treat_AR_exclusive
read_and_treat_AR_exclusive read_and_treat_AR_exclusive
read_and_treat_AR_exclusive read_and_treat_AR_exclusive
read_and_treat_AR_exclusive_WD read_and_treat_AR_exclusive_WD
+++ working on night --- 2024-07-17 +++
read_and_treat_AR_exclusive read_and_treat_AR_exclusive
read_and_treat_AR_exclusive read_and_treat_AR_exclusive
read_and_treat_AR_exclusive read_and_treat_AR_exclusive
read_and_treat_AR_exclusive read_and_treat_AR_exclusive
read_and_treat_AR_exclusive read_and_treat_AR_exclusive
read_and_treat_AR_exclusive read_and_treat_AR_exclusive
read_and_treat_AR_exclusive_WD read_and_treat_AR_exclusive_WD
+++ working on night --- 2024-07-18 +++
read_and_treat_AR_exclusive read_and_treat_AR_exclusive
read_and_treat_AR_exclusive read_and_treat_AR_exclusive
read_and_treat_AR_exclusive read_and_treat_AR_exclusive
read_and_treat_AR_exclusive read_and_treat_AR_exclusive
read_and_treat_AR_exclusive read_and_treat_AR_exclusive
read_and_treat_AR_exclusive read_and_treat_AR_exclusive
read_and_treat_AR_exclusive_WD read_and_treat_AR_exclusive_WD
+++ working on night --- 2024-07-19 +++
read_and_treat_AR_exclusive read_and_treat_AR_exclusive
read_and_treat_AR_exclusive read_and_treat_AR_exclusive
read_and_treat_AR_exclusive read_and_treat_AR_exclusive
read_and_treat_AR_exclusive read_and_treat_AR_exclusive
read_and_treat_AR_exclusive read_and_treat_AR_exclusive
read_and_treat_AR_exclusive read_and_treat_AR_exclusive
read_and_treat_AR_exclusive_WD read_and_treat_AR_exclusive_WD
+++ working on night --- 2024-07-20 +++
read_and_treat_AR_exclusive read_and_treat_AR_exclusive
read_and_treat_AR_exclusive read_and_treat_AR_exclusive
read_and_treat_AR_exclusive read_and_treat_AR_exclusive
read_and_treat_AR_exclusive read_and_treat_AR_exclusive
read_and_treat_AR_exclusive read_and_treat_AR_exclusive
read_and_treat_AR_exclusive read_and_treat_AR_exclusive
read_and_treat_AR_exclusive_WD read_and_treat_AR_exclusive_WD
+++ working on night --- 2024-07-21 +++
read_and_treat_AR_exclusive read_and_treat_AR_exclusive
read_and_treat_AR_exclusive read_and_treat_AR_exclusive
read_and_treat_AR_exclusive read_and_treat_AR_exclusive
read_and_treat_AR_exclusive read_and_treat_AR_exclusive
read_and_treat_AR_exclusive read_and_treat_AR_exclusive
read_and_treat_AR_exclusive read_and_treat_AR_exclusive
read_and_treat_AR_exclusive_WD read_and_treat_AR_exclusive_WD
+++ working on night --- 2024-07-22 +++
tail: cannot open ‘/home/report/DATA/DA_TRATTARE/test/night/20240722_see_evol_time_Height_5_20000_TELEMETRY_output_night_PERSIST.dat’ for reading: No such file or directory
read_and_treat_AR_exclusive read_and_treat_AR_exclusive
tail: cannot open ‘/home/report/DATA/DA_TRATTARE/test/night/20240722_tau_evol_time_Height_5_20000_TELEMETRY_output_night_PERSIST.dat’ for reading: No such file or directory
read_and_treat_AR_exclusive read_and_treat_AR_exclusive
tail: cannot open ‘/home/report/DATA/DA_TRATTARE/test/night/20240722_glf_evol_time_Height_5_20000_TELEMETRY_output_night_PERSIST.dat’ for reading: No such file or directory
read_and_treat_AR_exclusive read_and_treat_AR_exclusive
read_and_treat_AR_exclusive read_and_treat_AR_exclusive
read_and_treat_AR_exclusive read_and_treat_AR_exclusive
read_and_treat_AR_exclusive read_and_treat_AR_exclusive
read_and_treat_AR_exclusive_WD read_and_treat_AR_exclusive_WD
+++ working on night --- 2024-07-23 +++
tail: cannot open ‘/home/report/DATA/DA_TRATTARE/test/night/20240723_see_evol_time_Height_5_20000_TELEMETRY_output_night_PERSIST.dat’ for reading: No such file or directory
read_and_treat_AR_exclusive read_and_treat_AR_exclusive
tail: cannot open ‘/home/report/DATA/DA_TRATTARE/test/night/20240723_tau_evol_time_Height_5_20000_TELEMETRY_output_night_PERSIST.dat’ for reading: No such file or directory
read_and_treat_AR_exclusive read_and_treat_AR_exclusive
tail: cannot open ‘/home/report/DATA/DA_TRATTARE/test/night/20240723_glf_evol_time_Height_5_20000_TELEMETRY_output_night_PERSIST.dat’ for reading: No such file or directory
read_and_treat_AR_exclusive read_and_treat_AR_exclusive
read_and_treat_AR_exclusive read_and_treat_AR_exclusive
read_and_treat_AR_exclusive read_and_treat_AR_exclusive
read_and_treat_AR_exclusive read_and_treat_AR_exclusive
read_and_treat_AR_exclusive_WD read_and_treat_AR_exclusive_WD
+++ working on night --- 2024-07-24 +++
tail: cannot open ‘/home/report/DATA/DA_TRATTARE/test/night/20240724_see_evol_time_Height_5_20000_TELEMETRY_output_night_PERSIST.dat’ for reading: No such file or directory
read_and_treat_AR_exclusive read_and_treat_AR_exclusive
tail: cannot open ‘/home/report/DATA/DA_TRATTARE/test/night/20240724_tau_evol_time_Height_5_20000_TELEMETRY_output_night_PERSIST.dat’ for reading: No such file or directory
read_and_treat_AR_exclusive read_and_treat_AR_exclusive
tail: cannot open ‘/home/report/DATA/DA_TRATTARE/test/night/20240724_glf_evol_time_Height_5_20000_TELEMETRY_output_night_PERSIST.dat’ for reading: No such file or directory
read_and_treat_AR_exclusive read_and_treat_AR_exclusive
read_and_treat_AR_exclusive read_and_treat_AR_exclusive
read_and_treat_AR_exclusive read_and_treat_AR_exclusive
read_and_treat_AR_exclusive read_and_treat_AR_exclusive
read_and_treat_AR_exclusive_WD read_and_treat_AR_exclusive_WD
+++ working on night --- 2024-07-25 +++
read_and_treat_AR_exclusive read_and_treat_AR_exclusive
read_and_treat_AR_exclusive read_and_treat_AR_exclusive
read_and_treat_AR_exclusive read_and_treat_AR_exclusive
read_and_treat_AR_exclusive read_and_treat_AR_exclusive
read_and_treat_AR_exclusive read_and_treat_AR_exclusive
read_and_treat_AR_exclusive read_and_treat_AR_exclusive
read_and_treat_AR_exclusive_WD read_and_treat_AR_exclusive_WD
+++ working on night --- 2024-07-26 +++
read_and_treat_AR_exclusive read_and_treat_AR_exclusive
read_and_treat_AR_exclusive read_and_treat_AR_exclusive
read_and_treat_AR_exclusive read_and_treat_AR_exclusive
read_and_treat_AR_exclusive read_and_treat_AR_exclusive
read_and_treat_AR_exclusive read_and_treat_AR_exclusive
read_and_treat_AR_exclusive read_and_treat_AR_exclusive
read_and_treat_AR_exclusive_WD read_and_treat_AR_exclusive_WD
+++ working on night --- 2024-07-27 +++
read_and_treat_AR_exclusive read_and_treat_AR_exclusive
read_and_treat_AR_exclusive read_and_treat_AR_exclusive
read_and_treat_AR_exclusive read_and_treat_AR_exclusive
read_and_treat_AR_exclusive read_and_treat_AR_exclusive
read_and_treat_AR_exclusive read_and_treat_AR_exclusive
read_and_treat_AR_exclusive read_and_treat_AR_exclusive
read_and_treat_AR_exclusive_WD read_and_treat_AR_exclusive_WD
+++ working on night --- 2024-07-28 +++
read_and_treat_AR_exclusive read_and_treat_AR_exclusive
read_and_treat_AR_exclusive read_and_treat_AR_exclusive
read_and_treat_AR_exclusive read_and_treat_AR_exclusive
read_and_treat_AR_exclusive read_and_treat_AR_exclusive
read_and_treat_AR_exclusive read_and_treat_AR_exclusive
read_and_treat_AR_exclusive read_and_treat_AR_exclusive
read_and_treat_AR_exclusive_WD read_and_treat_AR_exclusive_WD
+++ working on night --- 2024-07-29 +++
read_and_treat_AR_exclusive read_and_treat_AR_exclusive
read_and_treat_AR_exclusive read_and_treat_AR_exclusive
read_and_treat_AR_exclusive read_and_treat_AR_exclusive
read_and_treat_AR_exclusive read_and_treat_AR_exclusive
read_and_treat_AR_exclusive read_and_treat_AR_exclusive
read_and_treat_AR_exclusive read_and_treat_AR_exclusive
read_and_treat_AR_exclusive_WD read_and_treat_AR_exclusive_WD
+++ working on night --- 2024-07-30 +++
read_and_treat_AR_exclusive read_and_treat_AR_exclusive
read_and_treat_AR_exclusive read_and_treat_AR_exclusive
read_and_treat_AR_exclusive read_and_treat_AR_exclusive
read_and_treat_AR_exclusive read_and_treat_AR_exclusive
read_and_treat_AR_exclusive read_and_treat_AR_exclusive
read_and_treat_AR_exclusive read_and_treat_AR_exclusive
read_and_treat_AR_exclusive_WD read_and_treat_AR_exclusive_WD
+++ working on night --- 2024-07-31 +++
read_and_treat_AR_exclusive read_and_treat_AR_exclusive
read_and_treat_AR_exclusive read_and_treat_AR_exclusive
read_and_treat_AR_exclusive read_and_treat_AR_exclusive
read_and_treat_AR_exclusive read_and_treat_AR_exclusive
read_and_treat_AR_exclusive read_and_treat_AR_exclusive
read_and_treat_AR_exclusive read_and_treat_AR_exclusive
read_and_treat_AR_exclusive_WD read_and_treat_AR_exclusive_WD
+++ working on night --- 2024-08-01 +++
read_and_treat_AR_exclusive read_and_treat_AR_exclusive
read_and_treat_AR_exclusive read_and_treat_AR_exclusive
read_and_treat_AR_exclusive read_and_treat_AR_exclusive
read_and_treat_AR_exclusive read_and_treat_AR_exclusive
read_and_treat_AR_exclusive read_and_treat_AR_exclusive
read_and_treat_AR_exclusive read_and_treat_AR_exclusive
read_and_treat_AR_exclusive_WD read_and_treat_AR_exclusive_WD
+++ working on night --- 2024-08-02 +++
read_and_treat_AR_exclusive read_and_treat_AR_exclusive
read_and_treat_AR_exclusive read_and_treat_AR_exclusive
read_and_treat_AR_exclusive read_and_treat_AR_exclusive
read_and_treat_AR_exclusive read_and_treat_AR_exclusive
read_and_treat_AR_exclusive read_and_treat_AR_exclusive
read_and_treat_AR_exclusive read_and_treat_AR_exclusive
read_and_treat_AR_exclusive_WD read_and_treat_AR_exclusive_WD
+++ working on night --- 2024-08-03 +++
read_and_treat_AR_exclusive read_and_treat_AR_exclusive
read_and_treat_AR_exclusive read_and_treat_AR_exclusive
read_and_treat_AR_exclusive read_and_treat_AR_exclusive
read_and_treat_AR_exclusive read_and_treat_AR_exclusive
read_and_treat_AR_exclusive read_and_treat_AR_exclusive
read_and_treat_AR_exclusive read_and_treat_AR_exclusive
read_and_treat_AR_exclusive_WD read_and_treat_AR_exclusive_WD
+++ working on night --- 2024-08-04 +++
read_and_treat_AR_exclusive read_and_treat_AR_exclusive
read_and_treat_AR_exclusive read_and_treat_AR_exclusive
read_and_treat_AR_exclusive read_and_treat_AR_exclusive
read_and_treat_AR_exclusive read_and_treat_AR_exclusive
read_and_treat_AR_exclusive read_and_treat_AR_exclusive
read_and_treat_AR_exclusive read_and_treat_AR_exclusive
read_and_treat_AR_exclusive_WD read_and_treat_AR_exclusive_WD
+++ working on night --- 2024-08-05 +++
read_and_treat_AR_exclusive read_and_treat_AR_exclusive
read_and_treat_AR_exclusive read_and_treat_AR_exclusive
read_and_treat_AR_exclusive read_and_treat_AR_exclusive
read_and_treat_AR_exclusive read_and_treat_AR_exclusive
read_and_treat_AR_exclusive read_and_treat_AR_exclusive
read_and_treat_AR_exclusive read_and_treat_AR_exclusive
read_and_treat_AR_exclusive_WD read_and_treat_AR_exclusive_WD
+++ working on night --- 2024-08-06 +++
read_and_treat_AR_exclusive read_and_treat_AR_exclusive
read_and_treat_AR_exclusive read_and_treat_AR_exclusive
read_and_treat_AR_exclusive read_and_treat_AR_exclusive
read_and_treat_AR_exclusive read_and_treat_AR_exclusive
read_and_treat_AR_exclusive read_and_treat_AR_exclusive
read_and_treat_AR_exclusive read_and_treat_AR_exclusive
read_and_treat_AR_exclusive_WD read_and_treat_AR_exclusive_WD
+++ working on night --- 2024-08-07 +++
read_and_treat_AR_exclusive read_and_treat_AR_exclusive
read_and_treat_AR_exclusive read_and_treat_AR_exclusive
read_and_treat_AR_exclusive read_and_treat_AR_exclusive
read_and_treat_AR_exclusive read_and_treat_AR_exclusive
read_and_treat_AR_exclusive read_and_treat_AR_exclusive
read_and_treat_AR_exclusive read_and_treat_AR_exclusive
read_and_treat_AR_exclusive_WD read_and_treat_AR_exclusive_WD
+++ working on night --- 2024-08-08 +++
read_and_treat_AR_exclusive read_and_treat_AR_exclusive
read_and_treat_AR_exclusive read_and_treat_AR_exclusive
read_and_treat_AR_exclusive read_and_treat_AR_exclusive
read_and_treat_AR_exclusive read_and_treat_AR_exclusive
read_and_treat_AR_exclusive read_and_treat_AR_exclusive
read_and_treat_AR_exclusive read_and_treat_AR_exclusive
read_and_treat_AR_exclusive_WD read_and_treat_AR_exclusive_WD
+++ working on night --- 2024-08-09 +++
read_and_treat_AR_exclusive read_and_treat_AR_exclusive
read_and_treat_AR_exclusive read_and_treat_AR_exclusive
read_and_treat_AR_exclusive read_and_treat_AR_exclusive
read_and_treat_AR_exclusive read_and_treat_AR_exclusive
read_and_treat_AR_exclusive read_and_treat_AR_exclusive
read_and_treat_AR_exclusive read_and_treat_AR_exclusive
read_and_treat_AR_exclusive_WD read_and_treat_AR_exclusive_WD
+++ working on night --- 2024-08-10 +++
read_and_treat_AR_exclusive read_and_treat_AR_exclusive
read_and_treat_AR_exclusive read_and_treat_AR_exclusive
read_and_treat_AR_exclusive read_and_treat_AR_exclusive
read_and_treat_AR_exclusive read_and_treat_AR_exclusive
read_and_treat_AR_exclusive read_and_treat_AR_exclusive
read_and_treat_AR_exclusive read_and_treat_AR_exclusive
read_and_treat_AR_exclusive_WD read_and_treat_AR_exclusive_WD
+++ working on night --- 2024-08-11 +++
read_and_treat_AR_exclusive read_and_treat_AR_exclusive
read_and_treat_AR_exclusive read_and_treat_AR_exclusive
read_and_treat_AR_exclusive read_and_treat_AR_exclusive
read_and_treat_AR_exclusive read_and_treat_AR_exclusive
read_and_treat_AR_exclusive read_and_treat_AR_exclusive
read_and_treat_AR_exclusive read_and_treat_AR_exclusive
read_and_treat_AR_exclusive_WD read_and_treat_AR_exclusive_WD
+++ working on night --- 2024-08-12 +++
read_and_treat_AR_exclusive read_and_treat_AR_exclusive
read_and_treat_AR_exclusive read_and_treat_AR_exclusive
read_and_treat_AR_exclusive read_and_treat_AR_exclusive
read_and_treat_AR_exclusive read_and_treat_AR_exclusive
read_and_treat_AR_exclusive read_and_treat_AR_exclusive
read_and_treat_AR_exclusive read_and_treat_AR_exclusive
read_and_treat_AR_exclusive_WD read_and_treat_AR_exclusive_WD
+++ working on night --- 2024-08-13 +++
read_and_treat_AR_exclusive read_and_treat_AR_exclusive
read_and_treat_AR_exclusive read_and_treat_AR_exclusive
read_and_treat_AR_exclusive read_and_treat_AR_exclusive
read_and_treat_AR_exclusive read_and_treat_AR_exclusive
read_and_treat_AR_exclusive read_and_treat_AR_exclusive
read_and_treat_AR_exclusive read_and_treat_AR_exclusive
read_and_treat_AR_exclusive_WD read_and_treat_AR_exclusive_WD
+++ working on night --- 2024-08-14 +++
read_and_treat_AR_exclusive read_and_treat_AR_exclusive
read_and_treat_AR_exclusive read_and_treat_AR_exclusive
read_and_treat_AR_exclusive read_and_treat_AR_exclusive
read_and_treat_AR_exclusive read_and_treat_AR_exclusive
read_and_treat_AR_exclusive read_and_treat_AR_exclusive
read_and_treat_AR_exclusive read_and_treat_AR_exclusive
read_and_treat_AR_exclusive_WD read_and_treat_AR_exclusive_WD
+++ working on night --- 2024-08-15 +++
read_and_treat_AR_exclusive read_and_treat_AR_exclusive
read_and_treat_AR_exclusive read_and_treat_AR_exclusive
read_and_treat_AR_exclusive read_and_treat_AR_exclusive
read_and_treat_AR_exclusive read_and_treat_AR_exclusive
read_and_treat_AR_exclusive read_and_treat_AR_exclusive
read_and_treat_AR_exclusive read_and_treat_AR_exclusive
read_and_treat_AR_exclusive_WD read_and_treat_AR_exclusive_WD
+++ working on night --- 2024-08-16 +++
read_and_treat_AR_exclusive read_and_treat_AR_exclusive
read_and_treat_AR_exclusive read_and_treat_AR_exclusive
read_and_treat_AR_exclusive read_and_treat_AR_exclusive
read_and_treat_AR_exclusive read_and_treat_AR_exclusive
read_and_treat_AR_exclusive read_and_treat_AR_exclusive
read_and_treat_AR_exclusive read_and_treat_AR_exclusive
read_and_treat_AR_exclusive_WD read_and_treat_AR_exclusive_WD
+++ working on night --- 2024-08-17 +++
read_and_treat_AR_exclusive read_and_treat_AR_exclusive
read_and_treat_AR_exclusive read_and_treat_AR_exclusive
read_and_treat_AR_exclusive read_and_treat_AR_exclusive
read_and_treat_AR_exclusive read_and_treat_AR_exclusive
read_and_treat_AR_exclusive read_and_treat_AR_exclusive
read_and_treat_AR_exclusive read_and_treat_AR_exclusive
read_and_treat_AR_exclusive_WD read_and_treat_AR_exclusive_WD
+++ working on night --- 2024-08-18 +++
read_and_treat_AR_exclusive read_and_treat_AR_exclusive
read_and_treat_AR_exclusive read_and_treat_AR_exclusive
read_and_treat_AR_exclusive read_and_treat_AR_exclusive
read_and_treat_AR_exclusive read_and_treat_AR_exclusive
read_and_treat_AR_exclusive read_and_treat_AR_exclusive
read_and_treat_AR_exclusive read_and_treat_AR_exclusive
read_and_treat_AR_exclusive_WD read_and_treat_AR_exclusive_WD
+++ working on night --- 2024-08-19 +++
read_and_treat_AR_exclusive read_and_treat_AR_exclusive
read_and_treat_AR_exclusive read_and_treat_AR_exclusive
read_and_treat_AR_exclusive read_and_treat_AR_exclusive
read_and_treat_AR_exclusive read_and_treat_AR_exclusive
read_and_treat_AR_exclusive read_and_treat_AR_exclusive
read_and_treat_AR_exclusive read_and_treat_AR_exclusive
read_and_treat_AR_exclusive_WD read_and_treat_AR_exclusive_WD
+++ working on night --- 2024-08-20 +++
read_and_treat_AR_exclusive read_and_treat_AR_exclusive
read_and_treat_AR_exclusive read_and_treat_AR_exclusive
read_and_treat_AR_exclusive read_and_treat_AR_exclusive
read_and_treat_AR_exclusive read_and_treat_AR_exclusive
read_and_treat_AR_exclusive read_and_treat_AR_exclusive
read_and_treat_AR_exclusive read_and_treat_AR_exclusive
read_and_treat_AR_exclusive_WD read_and_treat_AR_exclusive_WD
+++ working on night --- 2024-08-21 +++
read_and_treat_AR_exclusive read_and_treat_AR_exclusive
read_and_treat_AR_exclusive read_and_treat_AR_exclusive
read_and_treat_AR_exclusive read_and_treat_AR_exclusive
read_and_treat_AR_exclusive read_and_treat_AR_exclusive
read_and_treat_AR_exclusive read_and_treat_AR_exclusive
read_and_treat_AR_exclusive read_and_treat_AR_exclusive
read_and_treat_AR_exclusive_WD read_and_treat_AR_exclusive_WD
+++ working on night --- 2024-08-22 +++
read_and_treat_AR_exclusive read_and_treat_AR_exclusive
read_and_treat_AR_exclusive read_and_treat_AR_exclusive
read_and_treat_AR_exclusive read_and_treat_AR_exclusive
read_and_treat_AR_exclusive read_and_treat_AR_exclusive
read_and_treat_AR_exclusive read_and_treat_AR_exclusive
read_and_treat_AR_exclusive read_and_treat_AR_exclusive
read_and_treat_AR_exclusive_WD read_and_treat_AR_exclusive_WD
+++ working on night --- 2024-08-23 +++
read_and_treat_AR_exclusive read_and_treat_AR_exclusive
read_and_treat_AR_exclusive read_and_treat_AR_exclusive
read_and_treat_AR_exclusive read_and_treat_AR_exclusive
read_and_treat_AR_exclusive read_and_treat_AR_exclusive
read_and_treat_AR_exclusive read_and_treat_AR_exclusive
read_and_treat_AR_exclusive read_and_treat_AR_exclusive
read_and_treat_AR_exclusive_WD read_and_treat_AR_exclusive_WD
+++ working on night --- 2024-08-24 +++
read_and_treat_AR_exclusive read_and_treat_AR_exclusive
read_and_treat_AR_exclusive read_and_treat_AR_exclusive
read_and_treat_AR_exclusive read_and_treat_AR_exclusive
read_and_treat_AR_exclusive read_and_treat_AR_exclusive
read_and_treat_AR_exclusive read_and_treat_AR_exclusive
read_and_treat_AR_exclusive read_and_treat_AR_exclusive
read_and_treat_AR_exclusive_WD read_and_treat_AR_exclusive_WD
+++ working on night --- 2024-08-25 +++
read_and_treat_AR_exclusive read_and_treat_AR_exclusive
read_and_treat_AR_exclusive read_and_treat_AR_exclusive
read_and_treat_AR_exclusive read_and_treat_AR_exclusive
read_and_treat_AR_exclusive read_and_treat_AR_exclusive
read_and_treat_AR_exclusive read_and_treat_AR_exclusive
read_and_treat_AR_exclusive read_and_treat_AR_exclusive
read_and_treat_AR_exclusive_WD read_and_treat_AR_exclusive_WD
+++ working on night --- 2024-08-26 +++
read_and_treat_AR_exclusive read_and_treat_AR_exclusive
read_and_treat_AR_exclusive read_and_treat_AR_exclusive
read_and_treat_AR_exclusive read_and_treat_AR_exclusive
read_and_treat_AR_exclusive read_and_treat_AR_exclusive
read_and_treat_AR_exclusive read_and_treat_AR_exclusive
read_and_treat_AR_exclusive read_and_treat_AR_exclusive
read_and_treat_AR_exclusive_WD read_and_treat_AR_exclusive_WD
+++ working on night --- 2024-08-27 +++
read_and_treat_AR_exclusive read_and_treat_AR_exclusive
read_and_treat_AR_exclusive read_and_treat_AR_exclusive
read_and_treat_AR_exclusive read_and_treat_AR_exclusive
read_and_treat_AR_exclusive read_and_treat_AR_exclusive
read_and_treat_AR_exclusive read_and_treat_AR_exclusive
read_and_treat_AR_exclusive read_and_treat_AR_exclusive
read_and_treat_AR_exclusive_WD read_and_treat_AR_exclusive_WD
+++ working on night --- 2024-08-28 +++
read_and_treat_AR_exclusive read_and_treat_AR_exclusive
read_and_treat_AR_exclusive read_and_treat_AR_exclusive
read_and_treat_AR_exclusive read_and_treat_AR_exclusive
read_and_treat_AR_exclusive read_and_treat_AR_exclusive
read_and_treat_AR_exclusive read_and_treat_AR_exclusive
read_and_treat_AR_exclusive read_and_treat_AR_exclusive
read_and_treat_AR_exclusive_WD read_and_treat_AR_exclusive_WD
+++ working on night --- 2024-08-29 +++
read_and_treat_AR_exclusive read_and_treat_AR_exclusive
read_and_treat_AR_exclusive read_and_treat_AR_exclusive
read_and_treat_AR_exclusive read_and_treat_AR_exclusive
read_and_treat_AR_exclusive read_and_treat_AR_exclusive
read_and_treat_AR_exclusive read_and_treat_AR_exclusive
read_and_treat_AR_exclusive read_and_treat_AR_exclusive
read_and_treat_AR_exclusive_WD read_and_treat_AR_exclusive_WD
+++ working on night --- 2024-08-30 +++
read_and_treat_AR_exclusive read_and_treat_AR_exclusive
read_and_treat_AR_exclusive read_and_treat_AR_exclusive
read_and_treat_AR_exclusive read_and_treat_AR_exclusive
read_and_treat_AR_exclusive read_and_treat_AR_exclusive
read_and_treat_AR_exclusive read_and_treat_AR_exclusive
read_and_treat_AR_exclusive read_and_treat_AR_exclusive
read_and_treat_AR_exclusive_WD read_and_treat_AR_exclusive_WD
+++ working on night --- 2024-08-31 +++
read_and_treat_AR_exclusive read_and_treat_AR_exclusive
read_and_treat_AR_exclusive read_and_treat_AR_exclusive
read_and_treat_AR_exclusive read_and_treat_AR_exclusive
read_and_treat_AR_exclusive read_and_treat_AR_exclusive
read_and_treat_AR_exclusive read_and_treat_AR_exclusive
read_and_treat_AR_exclusive read_and_treat_AR_exclusive
read_and_treat_AR_exclusive_WD read_and_treat_AR_exclusive_WD
+++ working on night --- 2024-09-01 +++
read_and_treat_AR_exclusive read_and_treat_AR_exclusive
read_and_treat_AR_exclusive read_and_treat_AR_exclusive
read_and_treat_AR_exclusive read_and_treat_AR_exclusive
read_and_treat_AR_exclusive read_and_treat_AR_exclusive
read_and_treat_AR_exclusive read_and_treat_AR_exclusive
read_and_treat_AR_exclusive read_and_treat_AR_exclusive
read_and_treat_AR_exclusive_WD read_and_treat_AR_exclusive_WD
+++ working on night --- 2024-09-02 +++
read_and_treat_AR_exclusive read_and_treat_AR_exclusive
read_and_treat_AR_exclusive read_and_treat_AR_exclusive
read_and_treat_AR_exclusive read_and_treat_AR_exclusive
read_and_treat_AR_exclusive read_and_treat_AR_exclusive
read_and_treat_AR_exclusive read_and_treat_AR_exclusive
read_and_treat_AR_exclusive read_and_treat_AR_exclusive
read_and_treat_AR_exclusive_WD read_and_treat_AR_exclusive_WD
+++ working on night --- 2024-09-03 +++
read_and_treat_AR_exclusive read_and_treat_AR_exclusive
read_and_treat_AR_exclusive read_and_treat_AR_exclusive
read_and_treat_AR_exclusive read_and_treat_AR_exclusive
read_and_treat_AR_exclusive read_and_treat_AR_exclusive
read_and_treat_AR_exclusive read_and_treat_AR_exclusive
read_and_treat_AR_exclusive read_and_treat_AR_exclusive
read_and_treat_AR_exclusive_WD read_and_treat_AR_exclusive_WD
+++ working on night --- 2024-09-04 +++
read_and_treat_AR_exclusive read_and_treat_AR_exclusive
read_and_treat_AR_exclusive read_and_treat_AR_exclusive
read_and_treat_AR_exclusive read_and_treat_AR_exclusive
read_and_treat_AR_exclusive read_and_treat_AR_exclusive
read_and_treat_AR_exclusive read_and_treat_AR_exclusive
read_and_treat_AR_exclusive read_and_treat_AR_exclusive
read_and_treat_AR_exclusive_WD read_and_treat_AR_exclusive_WD
+++ working on night --- 2024-09-05 +++
read_and_treat_AR_exclusive read_and_treat_AR_exclusive
read_and_treat_AR_exclusive read_and_treat_AR_exclusive
read_and_treat_AR_exclusive read_and_treat_AR_exclusive
read_and_treat_AR_exclusive read_and_treat_AR_exclusive
read_and_treat_AR_exclusive read_and_treat_AR_exclusive
read_and_treat_AR_exclusive read_and_treat_AR_exclusive
read_and_treat_AR_exclusive_WD read_and_treat_AR_exclusive_WD
+++ working on night --- 2024-09-06 +++
read_and_treat_AR_exclusive read_and_treat_AR_exclusive
read_and_treat_AR_exclusive read_and_treat_AR_exclusive
read_and_treat_AR_exclusive read_and_treat_AR_exclusive
read_and_treat_AR_exclusive read_and_treat_AR_exclusive
read_and_treat_AR_exclusive read_and_treat_AR_exclusive
read_and_treat_AR_exclusive read_and_treat_AR_exclusive
read_and_treat_AR_exclusive_WD read_and_treat_AR_exclusive_WD
+++ working on night --- 2024-09-07 +++
read_and_treat_AR_exclusive read_and_treat_AR_exclusive
read_and_treat_AR_exclusive read_and_treat_AR_exclusive
read_and_treat_AR_exclusive read_and_treat_AR_exclusive
read_and_treat_AR_exclusive read_and_treat_AR_exclusive
read_and_treat_AR_exclusive read_and_treat_AR_exclusive
read_and_treat_AR_exclusive read_and_treat_AR_exclusive
read_and_treat_AR_exclusive_WD read_and_treat_AR_exclusive_WD
+++ working on night --- 2024-09-08 +++
read_and_treat_AR_exclusive read_and_treat_AR_exclusive
read_and_treat_AR_exclusive read_and_treat_AR_exclusive
read_and_treat_AR_exclusive read_and_treat_AR_exclusive
read_and_treat_AR_exclusive read_and_treat_AR_exclusive
read_and_treat_AR_exclusive read_and_treat_AR_exclusive
read_and_treat_AR_exclusive read_and_treat_AR_exclusive
read_and_treat_AR_exclusive_WD read_and_treat_AR_exclusive_WD
+++ working on night --- 2024-09-09 +++
read_and_treat_AR_exclusive read_and_treat_AR_exclusive
read_and_treat_AR_exclusive read_and_treat_AR_exclusive
read_and_treat_AR_exclusive read_and_treat_AR_exclusive
read_and_treat_AR_exclusive read_and_treat_AR_exclusive
read_and_treat_AR_exclusive read_and_treat_AR_exclusive
read_and_treat_AR_exclusive read_and_treat_AR_exclusive
read_and_treat_AR_exclusive_WD read_and_treat_AR_exclusive_WD
+++ working on night --- 2024-09-10 +++
read_and_treat_AR_exclusive read_and_treat_AR_exclusive
read_and_treat_AR_exclusive read_and_treat_AR_exclusive
read_and_treat_AR_exclusive read_and_treat_AR_exclusive
read_and_treat_AR_exclusive read_and_treat_AR_exclusive
read_and_treat_AR_exclusive read_and_treat_AR_exclusive
read_and_treat_AR_exclusive read_and_treat_AR_exclusive
read_and_treat_AR_exclusive_WD read_and_treat_AR_exclusive_WD
+++ working on night --- 2024-09-11 +++
read_and_treat_AR_exclusive read_and_treat_AR_exclusive
read_and_treat_AR_exclusive read_and_treat_AR_exclusive
read_and_treat_AR_exclusive read_and_treat_AR_exclusive
read_and_treat_AR_exclusive read_and_treat_AR_exclusive
read_and_treat_AR_exclusive read_and_treat_AR_exclusive
read_and_treat_AR_exclusive read_and_treat_AR_exclusive
read_and_treat_AR_exclusive_WD read_and_treat_AR_exclusive_WD
+++ working on night --- 2024-09-12 +++
read_and_treat_AR_exclusive read_and_treat_AR_exclusive
read_and_treat_AR_exclusive read_and_treat_AR_exclusive
read_and_treat_AR_exclusive read_and_treat_AR_exclusive
read_and_treat_AR_exclusive read_and_treat_AR_exclusive
read_and_treat_AR_exclusive read_and_treat_AR_exclusive
read_and_treat_AR_exclusive read_and_treat_AR_exclusive
read_and_treat_AR_exclusive_WD read_and_treat_AR_exclusive_WD
+++ working on night --- 2024-09-13 +++
read_and_treat_AR_exclusive read_and_treat_AR_exclusive
read_and_treat_AR_exclusive read_and_treat_AR_exclusive
read_and_treat_AR_exclusive read_and_treat_AR_exclusive
read_and_treat_AR_exclusive read_and_treat_AR_exclusive
read_and_treat_AR_exclusive read_and_treat_AR_exclusive
read_and_treat_AR_exclusive read_and_treat_AR_exclusive
read_and_treat_AR_exclusive_WD read_and_treat_AR_exclusive_WD
+++ working on night --- 2024-09-14 +++
read_and_treat_AR_exclusive read_and_treat_AR_exclusive
read_and_treat_AR_exclusive read_and_treat_AR_exclusive
read_and_treat_AR_exclusive read_and_treat_AR_exclusive
read_and_treat_AR_exclusive read_and_treat_AR_exclusive
read_and_treat_AR_exclusive read_and_treat_AR_exclusive
read_and_treat_AR_exclusive read_and_treat_AR_exclusive
read_and_treat_AR_exclusive_WD read_and_treat_AR_exclusive_WD
+++ working on night --- 2024-09-15 +++
read_and_treat_AR_exclusive read_and_treat_AR_exclusive
read_and_treat_AR_exclusive read_and_treat_AR_exclusive
read_and_treat_AR_exclusive read_and_treat_AR_exclusive
read_and_treat_AR_exclusive read_and_treat_AR_exclusive
read_and_treat_AR_exclusive read_and_treat_AR_exclusive
read_and_treat_AR_exclusive read_and_treat_AR_exclusive
read_and_treat_AR_exclusive_WD read_and_treat_AR_exclusive_WD
+++ working on night --- 2024-09-16 +++
read_and_treat_AR_exclusive read_and_treat_AR_exclusive
read_and_treat_AR_exclusive read_and_treat_AR_exclusive
read_and_treat_AR_exclusive read_and_treat_AR_exclusive
read_and_treat_AR_exclusive read_and_treat_AR_exclusive
read_and_treat_AR_exclusive read_and_treat_AR_exclusive
read_and_treat_AR_exclusive read_and_treat_AR_exclusive
read_and_treat_AR_exclusive_WD read_and_treat_AR_exclusive_WD
+++ working on night --- 2024-09-17 +++
read_and_treat_AR_exclusive read_and_treat_AR_exclusive
read_and_treat_AR_exclusive read_and_treat_AR_exclusive
read_and_treat_AR_exclusive read_and_treat_AR_exclusive
read_and_treat_AR_exclusive read_and_treat_AR_exclusive
read_and_treat_AR_exclusive read_and_treat_AR_exclusive
read_and_treat_AR_exclusive read_and_treat_AR_exclusive
read_and_treat_AR_exclusive_WD read_and_treat_AR_exclusive_WD
+++ working on night --- 2024-09-18 +++
read_and_treat_AR_exclusive read_and_treat_AR_exclusive
read_and_treat_AR_exclusive read_and_treat_AR_exclusive
read_and_treat_AR_exclusive read_and_treat_AR_exclusive
read_and_treat_AR_exclusive read_and_treat_AR_exclusive
read_and_treat_AR_exclusive read_and_treat_AR_exclusive
read_and_treat_AR_exclusive read_and_treat_AR_exclusive
read_and_treat_AR_exclusive_WD read_and_treat_AR_exclusive_WD
+++ working on night --- 2024-09-19 +++
read_and_treat_AR_exclusive read_and_treat_AR_exclusive
read_and_treat_AR_exclusive read_and_treat_AR_exclusive
read_and_treat_AR_exclusive read_and_treat_AR_exclusive
read_and_treat_AR_exclusive read_and_treat_AR_exclusive
read_and_treat_AR_exclusive read_and_treat_AR_exclusive
read_and_treat_AR_exclusive read_and_treat_AR_exclusive
read_and_treat_AR_exclusive_WD read_and_treat_AR_exclusive_WD
+++ working on night --- 2024-09-20 +++
read_and_treat_AR_exclusive read_and_treat_AR_exclusive
read_and_treat_AR_exclusive read_and_treat_AR_exclusive
read_and_treat_AR_exclusive read_and_treat_AR_exclusive
read_and_treat_AR_exclusive read_and_treat_AR_exclusive
read_and_treat_AR_exclusive read_and_treat_AR_exclusive
read_and_treat_AR_exclusive read_and_treat_AR_exclusive
read_and_treat_AR_exclusive_WD read_and_treat_AR_exclusive_WD
+++ working on night --- 2024-09-21 +++
read_and_treat_AR_exclusive read_and_treat_AR_exclusive
read_and_treat_AR_exclusive read_and_treat_AR_exclusive
read_and_treat_AR_exclusive read_and_treat_AR_exclusive
read_and_treat_AR_exclusive read_and_treat_AR_exclusive
read_and_treat_AR_exclusive read_and_treat_AR_exclusive
read_and_treat_AR_exclusive read_and_treat_AR_exclusive
read_and_treat_AR_exclusive_WD read_and_treat_AR_exclusive_WD
+++ working on night --- 2024-09-22 +++
read_and_treat_AR_exclusive read_and_treat_AR_exclusive
read_and_treat_AR_exclusive read_and_treat_AR_exclusive
read_and_treat_AR_exclusive read_and_treat_AR_exclusive
read_and_treat_AR_exclusive read_and_treat_AR_exclusive
read_and_treat_AR_exclusive read_and_treat_AR_exclusive
read_and_treat_AR_exclusive read_and_treat_AR_exclusive
read_and_treat_AR_exclusive_WD read_and_treat_AR_exclusive_WD
+++ working on night --- 2024-09-23 +++
read_and_treat_AR_exclusive read_and_treat_AR_exclusive
read_and_treat_AR_exclusive read_and_treat_AR_exclusive
read_and_treat_AR_exclusive read_and_treat_AR_exclusive
read_and_treat_AR_exclusive read_and_treat_AR_exclusive
read_and_treat_AR_exclusive read_and_treat_AR_exclusive
read_and_treat_AR_exclusive read_and_treat_AR_exclusive
read_and_treat_AR_exclusive_WD read_and_treat_AR_exclusive_WD
+++ working on night --- 2024-09-24 +++
read_and_treat_AR_exclusive read_and_treat_AR_exclusive
read_and_treat_AR_exclusive read_and_treat_AR_exclusive
read_and_treat_AR_exclusive read_and_treat_AR_exclusive
read_and_treat_AR_exclusive read_and_treat_AR_exclusive
read_and_treat_AR_exclusive read_and_treat_AR_exclusive
read_and_treat_AR_exclusive read_and_treat_AR_exclusive
read_and_treat_AR_exclusive_WD read_and_treat_AR_exclusive_WD
+++ working on night --- 2024-09-25 +++
read_and_treat_AR_exclusive read_and_treat_AR_exclusive
read_and_treat_AR_exclusive read_and_treat_AR_exclusive
read_and_treat_AR_exclusive read_and_treat_AR_exclusive
read_and_treat_AR_exclusive read_and_treat_AR_exclusive
read_and_treat_AR_exclusive read_and_treat_AR_exclusive
read_and_treat_AR_exclusive read_and_treat_AR_exclusive
read_and_treat_AR_exclusive_WD read_and_treat_AR_exclusive_WD
+++ working on night --- 2024-09-26 +++
read_and_treat_AR_exclusive read_and_treat_AR_exclusive
read_and_treat_AR_exclusive read_and_treat_AR_exclusive
read_and_treat_AR_exclusive read_and_treat_AR_exclusive
read_and_treat_AR_exclusive read_and_treat_AR_exclusive
read_and_treat_AR_exclusive read_and_treat_AR_exclusive
read_and_treat_AR_exclusive read_and_treat_AR_exclusive
read_and_treat_AR_exclusive_WD read_and_treat_AR_exclusive_WD
+++ working on night --- 2024-09-27 +++
read_and_treat_AR_exclusive read_and_treat_AR_exclusive
read_and_treat_AR_exclusive read_and_treat_AR_exclusive
read_and_treat_AR_exclusive read_and_treat_AR_exclusive
read_and_treat_AR_exclusive read_and_treat_AR_exclusive
read_and_treat_AR_exclusive read_and_treat_AR_exclusive
read_and_treat_AR_exclusive read_and_treat_AR_exclusive
read_and_treat_AR_exclusive_WD read_and_treat_AR_exclusive_WD
+++ working on night --- 2024-09-28 +++
read_and_treat_AR_exclusive read_and_treat_AR_exclusive
read_and_treat_AR_exclusive read_and_treat_AR_exclusive
read_and_treat_AR_exclusive read_and_treat_AR_exclusive
read_and_treat_AR_exclusive read_and_treat_AR_exclusive
read_and_treat_AR_exclusive read_and_treat_AR_exclusive
read_and_treat_AR_exclusive read_and_treat_AR_exclusive
read_and_treat_AR_exclusive_WD read_and_treat_AR_exclusive_WD
+++ working on night --- 2024-09-29 +++
read_and_treat_AR_exclusive read_and_treat_AR_exclusive
read_and_treat_AR_exclusive read_and_treat_AR_exclusive
read_and_treat_AR_exclusive read_and_treat_AR_exclusive
read_and_treat_AR_exclusive read_and_treat_AR_exclusive
read_and_treat_AR_exclusive read_and_treat_AR_exclusive
read_and_treat_AR_exclusive read_and_treat_AR_exclusive
read_and_treat_AR_exclusive_WD read_and_treat_AR_exclusive_WD
+++ working on night --- 2024-09-30 +++
read_and_treat_AR_exclusive read_and_treat_AR_exclusive
read_and_treat_AR_exclusive read_and_treat_AR_exclusive
read_and_treat_AR_exclusive read_and_treat_AR_exclusive
read_and_treat_AR_exclusive read_and_treat_AR_exclusive
read_and_treat_AR_exclusive read_and_treat_AR_exclusive
read_and_treat_AR_exclusive read_and_treat_AR_exclusive
read_and_treat_AR_exclusive_WD read_and_treat_AR_exclusive_WD
+++ working on night --- 2024-10-01 +++
read_and_treat_AR_exclusive read_and_treat_AR_exclusive
read_and_treat_AR_exclusive read_and_treat_AR_exclusive
read_and_treat_AR_exclusive read_and_treat_AR_exclusive
read_and_treat_AR_exclusive read_and_treat_AR_exclusive
read_and_treat_AR_exclusive read_and_treat_AR_exclusive
read_and_treat_AR_exclusive read_and_treat_AR_exclusive
read_and_treat_AR_exclusive_WD read_and_treat_AR_exclusive_WD
+++ working on night --- 2024-10-02 +++
read_and_treat_AR_exclusive read_and_treat_AR_exclusive
read_and_treat_AR_exclusive read_and_treat_AR_exclusive
read_and_treat_AR_exclusive read_and_treat_AR_exclusive
read_and_treat_AR_exclusive read_and_treat_AR_exclusive
read_and_treat_AR_exclusive read_and_treat_AR_exclusive
read_and_treat_AR_exclusive read_and_treat_AR_exclusive
read_and_treat_AR_exclusive_WD read_and_treat_AR_exclusive_WD
+++ working on night --- 2024-10-03 +++
read_and_treat_AR_exclusive read_and_treat_AR_exclusive
read_and_treat_AR_exclusive read_and_treat_AR_exclusive
read_and_treat_AR_exclusive read_and_treat_AR_exclusive
read_and_treat_AR_exclusive read_and_treat_AR_exclusive
read_and_treat_AR_exclusive read_and_treat_AR_exclusive
read_and_treat_AR_exclusive read_and_treat_AR_exclusive
read_and_treat_AR_exclusive_WD read_and_treat_AR_exclusive_WD
+++ working on night --- 2024-10-04 +++
read_and_treat_AR_exclusive read_and_treat_AR_exclusive
read_and_treat_AR_exclusive read_and_treat_AR_exclusive
read_and_treat_AR_exclusive read_and_treat_AR_exclusive
read_and_treat_AR_exclusive read_and_treat_AR_exclusive
read_and_treat_AR_exclusive read_and_treat_AR_exclusive
read_and_treat_AR_exclusive read_and_treat_AR_exclusive
read_and_treat_AR_exclusive_WD read_and_treat_AR_exclusive_WD
+++ working on night --- 2024-10-05 +++
read_and_treat_AR_exclusive read_and_treat_AR_exclusive
read_and_treat_AR_exclusive read_and_treat_AR_exclusive
read_and_treat_AR_exclusive read_and_treat_AR_exclusive
read_and_treat_AR_exclusive read_and_treat_AR_exclusive
read_and_treat_AR_exclusive read_and_treat_AR_exclusive
read_and_treat_AR_exclusive read_and_treat_AR_exclusive
read_and_treat_AR_exclusive_WD read_and_treat_AR_exclusive_WD
+++ working on night --- 2024-10-06 +++
read_and_treat_AR_exclusive read_and_treat_AR_exclusive
read_and_treat_AR_exclusive read_and_treat_AR_exclusive
read_and_treat_AR_exclusive read_and_treat_AR_exclusive
read_and_treat_AR_exclusive read_and_treat_AR_exclusive
read_and_treat_AR_exclusive read_and_treat_AR_exclusive
read_and_treat_AR_exclusive read_and_treat_AR_exclusive
read_and_treat_AR_exclusive_WD read_and_treat_AR_exclusive_WD
+++ working on night --- 2024-10-07 +++
read_and_treat_AR_exclusive read_and_treat_AR_exclusive
read_and_treat_AR_exclusive read_and_treat_AR_exclusive
read_and_treat_AR_exclusive read_and_treat_AR_exclusive
read_and_treat_AR_exclusive read_and_treat_AR_exclusive
read_and_treat_AR_exclusive read_and_treat_AR_exclusive
read_and_treat_AR_exclusive read_and_treat_AR_exclusive
read_and_treat_AR_exclusive_WD read_and_treat_AR_exclusive_WD
+++ working on night --- 2024-10-08 +++
read_and_treat_AR_exclusive read_and_treat_AR_exclusive
read_and_treat_AR_exclusive read_and_treat_AR_exclusive
read_and_treat_AR_exclusive read_and_treat_AR_exclusive
read_and_treat_AR_exclusive read_and_treat_AR_exclusive
read_and_treat_AR_exclusive read_and_treat_AR_exclusive
read_and_treat_AR_exclusive read_and_treat_AR_exclusive
read_and_treat_AR_exclusive_WD read_and_treat_AR_exclusive_WD
+++ working on night --- 2024-10-09 +++
read_and_treat_AR_exclusive read_and_treat_AR_exclusive
read_and_treat_AR_exclusive read_and_treat_AR_exclusive
read_and_treat_AR_exclusive read_and_treat_AR_exclusive
read_and_treat_AR_exclusive read_and_treat_AR_exclusive
read_and_treat_AR_exclusive read_and_treat_AR_exclusive
read_and_treat_AR_exclusive read_and_treat_AR_exclusive
read_and_treat_AR_exclusive_WD read_and_treat_AR_exclusive_WD
+++ working on night --- 2024-10-10 +++
read_and_treat_AR_exclusive read_and_treat_AR_exclusive
read_and_treat_AR_exclusive read_and_treat_AR_exclusive
read_and_treat_AR_exclusive read_and_treat_AR_exclusive
read_and_treat_AR_exclusive read_and_treat_AR_exclusive
read_and_treat_AR_exclusive read_and_treat_AR_exclusive
read_and_treat_AR_exclusive read_and_treat_AR_exclusive
read_and_treat_AR_exclusive_WD read_and_treat_AR_exclusive_WD
+++ working on night --- 2024-10-11 +++
read_and_treat_AR_exclusive read_and_treat_AR_exclusive
read_and_treat_AR_exclusive read_and_treat_AR_exclusive
read_and_treat_AR_exclusive read_and_treat_AR_exclusive
read_and_treat_AR_exclusive read_and_treat_AR_exclusive
read_and_treat_AR_exclusive read_and_treat_AR_exclusive
read_and_treat_AR_exclusive read_and_treat_AR_exclusive
read_and_treat_AR_exclusive_WD read_and_treat_AR_exclusive_WD
+++ working on night --- 2024-10-13 +++
read_and_treat_AR_exclusive read_and_treat_AR_exclusive
read_and_treat_AR_exclusive read_and_treat_AR_exclusive
read_and_treat_AR_exclusive read_and_treat_AR_exclusive
+++ working on night --- 2024-10-14 +++
read_and_treat_AR_exclusive read_and_treat_AR_exclusive
read_and_treat_AR_exclusive read_and_treat_AR_exclusive
read_and_treat_AR_exclusive read_and_treat_AR_exclusive
+++ working on night --- 2024-10-15 +++
read_and_treat_AR_exclusive read_and_treat_AR_exclusive
read_and_treat_AR_exclusive read_and_treat_AR_exclusive
read_and_treat_AR_exclusive read_and_treat_AR_exclusive
+++ working on night --- 2024-10-16 +++
read_and_treat_AR_exclusive read_and_treat_AR_exclusive
read_and_treat_AR_exclusive read_and_treat_AR_exclusive
read_and_treat_AR_exclusive read_and_treat_AR_exclusive
+++ working on night --- 2024-10-17 +++
read_and_treat_AR_exclusive read_and_treat_AR_exclusive
read_and_treat_AR_exclusive read_and_treat_AR_exclusive
read_and_treat_AR_exclusive read_and_treat_AR_exclusive
+++ working on night --- 2024-10-18 +++
read_and_treat_AR_exclusive read_and_treat_AR_exclusive
read_and_treat_AR_exclusive read_and_treat_AR_exclusive
read_and_treat_AR_exclusive read_and_treat_AR_exclusive
read_and_treat_AR_exclusive read_and_treat_AR_exclusive
read_and_treat_AR_exclusive read_and_treat_AR_exclusive
read_and_treat_AR_exclusive read_and_treat_AR_exclusive
read_and_treat_AR_exclusive_WD read_and_treat_AR_exclusive_WD
+++ working on night --- 2024-10-19 +++
read_and_treat_AR_exclusive read_and_treat_AR_exclusive
read_and_treat_AR_exclusive read_and_treat_AR_exclusive
read_and_treat_AR_exclusive read_and_treat_AR_exclusive
read_and_treat_AR_exclusive read_and_treat_AR_exclusive
read_and_treat_AR_exclusive read_and_treat_AR_exclusive
read_and_treat_AR_exclusive read_and_treat_AR_exclusive
read_and_treat_AR_exclusive_WD read_and_treat_AR_exclusive_WD
+++ working on night --- 2024-10-20 +++
read_and_treat_AR_exclusive read_and_treat_AR_exclusive
read_and_treat_AR_exclusive read_and_treat_AR_exclusive
read_and_treat_AR_exclusive read_and_treat_AR_exclusive
read_and_treat_AR_exclusive read_and_treat_AR_exclusive
read_and_treat_AR_exclusive read_and_treat_AR_exclusive
read_and_treat_AR_exclusive read_and_treat_AR_exclusive
read_and_treat_AR_exclusive_WD read_and_treat_AR_exclusive_WD
+++ working on night --- 2024-10-21 +++
read_and_treat_AR_exclusive read_and_treat_AR_exclusive
read_and_treat_AR_exclusive read_and_treat_AR_exclusive
read_and_treat_AR_exclusive read_and_treat_AR_exclusive
read_and_treat_AR_exclusive read_and_treat_AR_exclusive
read_and_treat_AR_exclusive read_and_treat_AR_exclusive
read_and_treat_AR_exclusive read_and_treat_AR_exclusive
read_and_treat_AR_exclusive_WD read_and_treat_AR_exclusive_WD
+++ working on night --- 2024-10-22 +++
read_and_treat_AR_exclusive read_and_treat_AR_exclusive
read_and_treat_AR_exclusive read_and_treat_AR_exclusive
read_and_treat_AR_exclusive read_and_treat_AR_exclusive
read_and_treat_AR_exclusive read_and_treat_AR_exclusive
read_and_treat_AR_exclusive read_and_treat_AR_exclusive
read_and_treat_AR_exclusive read_and_treat_AR_exclusive
read_and_treat_AR_exclusive_WD read_and_treat_AR_exclusive_WD
+++ working on night --- 2024-10-23 +++
read_and_treat_AR_exclusive read_and_treat_AR_exclusive
read_and_treat_AR_exclusive read_and_treat_AR_exclusive
read_and_treat_AR_exclusive read_and_treat_AR_exclusive
read_and_treat_AR_exclusive read_and_treat_AR_exclusive
read_and_treat_AR_exclusive read_and_treat_AR_exclusive
read_and_treat_AR_exclusive read_and_treat_AR_exclusive
read_and_treat_AR_exclusive_WD read_and_treat_AR_exclusive_WD
+++ working on night --- 2024-10-24 +++
read_and_treat_AR_exclusive read_and_treat_AR_exclusive
read_and_treat_AR_exclusive read_and_treat_AR_exclusive
read_and_treat_AR_exclusive read_and_treat_AR_exclusive
read_and_treat_AR_exclusive read_and_treat_AR_exclusive
read_and_treat_AR_exclusive read_and_treat_AR_exclusive
read_and_treat_AR_exclusive read_and_treat_AR_exclusive
read_and_treat_AR_exclusive_WD read_and_treat_AR_exclusive_WD
+++ working on night --- 2024-10-25 +++
read_and_treat_AR_exclusive read_and_treat_AR_exclusive
read_and_treat_AR_exclusive read_and_treat_AR_exclusive
read_and_treat_AR_exclusive read_and_treat_AR_exclusive
read_and_treat_AR_exclusive read_and_treat_AR_exclusive
read_and_treat_AR_exclusive read_and_treat_AR_exclusive
read_and_treat_AR_exclusive read_and_treat_AR_exclusive
read_and_treat_AR_exclusive_WD read_and_treat_AR_exclusive_WD
+++ working on night --- 2024-10-26 +++
read_and_treat_AR_exclusive read_and_treat_AR_exclusive
read_and_treat_AR_exclusive read_and_treat_AR_exclusive
read_and_treat_AR_exclusive read_and_treat_AR_exclusive
read_and_treat_AR_exclusive read_and_treat_AR_exclusive
read_and_treat_AR_exclusive read_and_treat_AR_exclusive
read_and_treat_AR_exclusive read_and_treat_AR_exclusive
read_and_treat_AR_exclusive_WD read_and_treat_AR_exclusive_WD
+++ working on night --- 2024-10-27 +++
read_and_treat_AR_exclusive read_and_treat_AR_exclusive
read_and_treat_AR_exclusive read_and_treat_AR_exclusive
read_and_treat_AR_exclusive read_and_treat_AR_exclusive
read_and_treat_AR_exclusive read_and_treat_AR_exclusive
read_and_treat_AR_exclusive read_and_treat_AR_exclusive
read_and_treat_AR_exclusive read_and_treat_AR_exclusive
read_and_treat_AR_exclusive_WD read_and_treat_AR_exclusive_WD
+++ working on night --- 2024-10-28 +++
read_and_treat_AR_exclusive read_and_treat_AR_exclusive
read_and_treat_AR_exclusive read_and_treat_AR_exclusive
read_and_treat_AR_exclusive read_and_treat_AR_exclusive
read_and_treat_AR_exclusive read_and_treat_AR_exclusive
read_and_treat_AR_exclusive read_and_treat_AR_exclusive
read_and_treat_AR_exclusive read_and_treat_AR_exclusive
read_and_treat_AR_exclusive_WD read_and_treat_AR_exclusive_WD
+++ working on night --- 2024-10-29 +++
read_and_treat_AR_exclusive read_and_treat_AR_exclusive
read_and_treat_AR_exclusive read_and_treat_AR_exclusive
read_and_treat_AR_exclusive read_and_treat_AR_exclusive
read_and_treat_AR_exclusive read_and_treat_AR_exclusive
read_and_treat_AR_exclusive read_and_treat_AR_exclusive
read_and_treat_AR_exclusive read_and_treat_AR_exclusive
read_and_treat_AR_exclusive_WD read_and_treat_AR_exclusive_WD
+++ working on night --- 2024-10-30 +++
read_and_treat_AR_exclusive read_and_treat_AR_exclusive
read_and_treat_AR_exclusive read_and_treat_AR_exclusive
read_and_treat_AR_exclusive read_and_treat_AR_exclusive
read_and_treat_AR_exclusive read_and_treat_AR_exclusive
read_and_treat_AR_exclusive read_and_treat_AR_exclusive
read_and_treat_AR_exclusive read_and_treat_AR_exclusive
read_and_treat_AR_exclusive_WD read_and_treat_AR_exclusive_WD
+++ working on night --- 2024-10-31 +++
read_and_treat_AR_exclusive read_and_treat_AR_exclusive
read_and_treat_AR_exclusive read_and_treat_AR_exclusive
read_and_treat_AR_exclusive read_and_treat_AR_exclusive
read_and_treat_AR_exclusive read_and_treat_AR_exclusive
read_and_treat_AR_exclusive read_and_treat_AR_exclusive
read_and_treat_AR_exclusive read_and_treat_AR_exclusive
read_and_treat_AR_exclusive_WD read_and_treat_AR_exclusive_WD
+++ working on night --- 2024-11-01 +++
read_and_treat_AR_exclusive read_and_treat_AR_exclusive
read_and_treat_AR_exclusive read_and_treat_AR_exclusive
read_and_treat_AR_exclusive read_and_treat_AR_exclusive
read_and_treat_AR_exclusive read_and_treat_AR_exclusive
read_and_treat_AR_exclusive read_and_treat_AR_exclusive
read_and_treat_AR_exclusive read_and_treat_AR_exclusive
read_and_treat_AR_exclusive_WD read_and_treat_AR_exclusive_WD
+++ working on night --- 2024-11-02 +++
read_and_treat_AR_exclusive read_and_treat_AR_exclusive
read_and_treat_AR_exclusive read_and_treat_AR_exclusive
read_and_treat_AR_exclusive read_and_treat_AR_exclusive
read_and_treat_AR_exclusive read_and_treat_AR_exclusive
read_and_treat_AR_exclusive read_and_treat_AR_exclusive
read_and_treat_AR_exclusive read_and_treat_AR_exclusive
read_and_treat_AR_exclusive_WD read_and_treat_AR_exclusive_WD
+++ working on night --- 2024-11-03 +++
read_and_treat_AR_exclusive read_and_treat_AR_exclusive
read_and_treat_AR_exclusive read_and_treat_AR_exclusive
read_and_treat_AR_exclusive read_and_treat_AR_exclusive
read_and_treat_AR_exclusive read_and_treat_AR_exclusive
read_and_treat_AR_exclusive read_and_treat_AR_exclusive
read_and_treat_AR_exclusive read_and_treat_AR_exclusive
read_and_treat_AR_exclusive_WD read_and_treat_AR_exclusive_WD
+++ working on night --- 2024-11-04 +++
read_and_treat_AR_exclusive read_and_treat_AR_exclusive
read_and_treat_AR_exclusive read_and_treat_AR_exclusive
read_and_treat_AR_exclusive read_and_treat_AR_exclusive
read_and_treat_AR_exclusive read_and_treat_AR_exclusive
read_and_treat_AR_exclusive read_and_treat_AR_exclusive
read_and_treat_AR_exclusive read_and_treat_AR_exclusive
read_and_treat_AR_exclusive_WD read_and_treat_AR_exclusive_WD
+++ working on night --- 2024-11-05 +++
read_and_treat_AR_exclusive read_and_treat_AR_exclusive
read_and_treat_AR_exclusive read_and_treat_AR_exclusive
read_and_treat_AR_exclusive read_and_treat_AR_exclusive
read_and_treat_AR_exclusive read_and_treat_AR_exclusive
read_and_treat_AR_exclusive read_and_treat_AR_exclusive
read_and_treat_AR_exclusive read_and_treat_AR_exclusive
read_and_treat_AR_exclusive_WD read_and_treat_AR_exclusive_WD
+++ working on night --- 2024-11-06 +++
read_and_treat_AR_exclusive read_and_treat_AR_exclusive
read_and_treat_AR_exclusive read_and_treat_AR_exclusive
read_and_treat_AR_exclusive read_and_treat_AR_exclusive
read_and_treat_AR_exclusive read_and_treat_AR_exclusive
read_and_treat_AR_exclusive read_and_treat_AR_exclusive
read_and_treat_AR_exclusive read_and_treat_AR_exclusive
read_and_treat_AR_exclusive_WD read_and_treat_AR_exclusive_WD
+++ working on night --- 2024-11-07 +++
read_and_treat_AR_exclusive read_and_treat_AR_exclusive
read_and_treat_AR_exclusive read_and_treat_AR_exclusive
read_and_treat_AR_exclusive read_and_treat_AR_exclusive
read_and_treat_AR_exclusive read_and_treat_AR_exclusive
read_and_treat_AR_exclusive read_and_treat_AR_exclusive
read_and_treat_AR_exclusive read_and_treat_AR_exclusive
read_and_treat_AR_exclusive_WD read_and_treat_AR_exclusive_WD
+++ working on night --- 2024-11-08 +++
read_and_treat_AR_exclusive read_and_treat_AR_exclusive
read_and_treat_AR_exclusive read_and_treat_AR_exclusive
read_and_treat_AR_exclusive read_and_treat_AR_exclusive
read_and_treat_AR_exclusive read_and_treat_AR_exclusive
read_and_treat_AR_exclusive read_and_treat_AR_exclusive
read_and_treat_AR_exclusive read_and_treat_AR_exclusive
read_and_treat_AR_exclusive_WD read_and_treat_AR_exclusive_WD
+++ working on night --- 2024-11-09 +++
read_and_treat_AR_exclusive read_and_treat_AR_exclusive
read_and_treat_AR_exclusive read_and_treat_AR_exclusive
read_and_treat_AR_exclusive read_and_treat_AR_exclusive
read_and_treat_AR_exclusive read_and_treat_AR_exclusive
read_and_treat_AR_exclusive read_and_treat_AR_exclusive
read_and_treat_AR_exclusive read_and_treat_AR_exclusive
read_and_treat_AR_exclusive_WD read_and_treat_AR_exclusive_WD
+++ working on night --- 2024-11-10 +++
read_and_treat_AR_exclusive read_and_treat_AR_exclusive
read_and_treat_AR_exclusive read_and_treat_AR_exclusive
read_and_treat_AR_exclusive read_and_treat_AR_exclusive
read_and_treat_AR_exclusive read_and_treat_AR_exclusive
read_and_treat_AR_exclusive read_and_treat_AR_exclusive
read_and_treat_AR_exclusive read_and_treat_AR_exclusive
read_and_treat_AR_exclusive_WD read_and_treat_AR_exclusive_WD
+++ working on night --- 2024-11-11 +++
read_and_treat_AR_exclusive read_and_treat_AR_exclusive
read_and_treat_AR_exclusive read_and_treat_AR_exclusive
read_and_treat_AR_exclusive read_and_treat_AR_exclusive
read_and_treat_AR_exclusive read_and_treat_AR_exclusive
read_and_treat_AR_exclusive read_and_treat_AR_exclusive
read_and_treat_AR_exclusive read_and_treat_AR_exclusive
read_and_treat_AR_exclusive_WD read_and_treat_AR_exclusive_WD
+++ working on night --- 2024-11-12 +++
read_and_treat_AR_exclusive read_and_treat_AR_exclusive
read_and_treat_AR_exclusive read_and_treat_AR_exclusive
read_and_treat_AR_exclusive read_and_treat_AR_exclusive
read_and_treat_AR_exclusive read_and_treat_AR_exclusive
read_and_treat_AR_exclusive read_and_treat_AR_exclusive
read_and_treat_AR_exclusive read_and_treat_AR_exclusive
read_and_treat_AR_exclusive_WD read_and_treat_AR_exclusive_WD
+++ working on night --- 2024-11-13 +++
read_and_treat_AR_exclusive read_and_treat_AR_exclusive
read_and_treat_AR_exclusive read_and_treat_AR_exclusive
read_and_treat_AR_exclusive read_and_treat_AR_exclusive
read_and_treat_AR_exclusive read_and_treat_AR_exclusive
read_and_treat_AR_exclusive read_and_treat_AR_exclusive
read_and_treat_AR_exclusive read_and_treat_AR_exclusive
read_and_treat_AR_exclusive_WD read_and_treat_AR_exclusive_WD
+++ working on night --- 2024-11-14 +++
read_and_treat_AR_exclusive read_and_treat_AR_exclusive
read_and_treat_AR_exclusive read_and_treat_AR_exclusive
read_and_treat_AR_exclusive read_and_treat_AR_exclusive
read_and_treat_AR_exclusive read_and_treat_AR_exclusive
read_and_treat_AR_exclusive read_and_treat_AR_exclusive
read_and_treat_AR_exclusive read_and_treat_AR_exclusive
read_and_treat_AR_exclusive_WD read_and_treat_AR_exclusive_WD
+++ working on night --- 2024-11-15 +++
read_and_treat_AR_exclusive read_and_treat_AR_exclusive
read_and_treat_AR_exclusive read_and_treat_AR_exclusive
read_and_treat_AR_exclusive read_and_treat_AR_exclusive
read_and_treat_AR_exclusive read_and_treat_AR_exclusive
read_and_treat_AR_exclusive read_and_treat_AR_exclusive
read_and_treat_AR_exclusive read_and_treat_AR_exclusive
read_and_treat_AR_exclusive_WD read_and_treat_AR_exclusive_WD
+++ working on night --- 2024-11-16 +++
read_and_treat_AR_exclusive read_and_treat_AR_exclusive
read_and_treat_AR_exclusive read_and_treat_AR_exclusive
read_and_treat_AR_exclusive read_and_treat_AR_exclusive
read_and_treat_AR_exclusive read_and_treat_AR_exclusive
read_and_treat_AR_exclusive read_and_treat_AR_exclusive
read_and_treat_AR_exclusive read_and_treat_AR_exclusive
read_and_treat_AR_exclusive_WD read_and_treat_AR_exclusive_WD
+++ working on night --- 2024-11-17 +++
read_and_treat_AR_exclusive read_and_treat_AR_exclusive
read_and_treat_AR_exclusive read_and_treat_AR_exclusive
read_and_treat_AR_exclusive read_and_treat_AR_exclusive
read_and_treat_AR_exclusive read_and_treat_AR_exclusive
read_and_treat_AR_exclusive read_and_treat_AR_exclusive
read_and_treat_AR_exclusive read_and_treat_AR_exclusive
read_and_treat_AR_exclusive_WD read_and_treat_AR_exclusive_WD
+++ working on night --- 2024-11-18 +++
read_and_treat_AR_exclusive read_and_treat_AR_exclusive
read_and_treat_AR_exclusive read_and_treat_AR_exclusive
read_and_treat_AR_exclusive read_and_treat_AR_exclusive
read_and_treat_AR_exclusive read_and_treat_AR_exclusive
read_and_treat_AR_exclusive read_and_treat_AR_exclusive
read_and_treat_AR_exclusive read_and_treat_AR_exclusive
read_and_treat_AR_exclusive_WD read_and_treat_AR_exclusive_WD
+++ working on night --- 2024-11-19 +++
read_and_treat_AR_exclusive read_and_treat_AR_exclusive
read_and_treat_AR_exclusive read_and_treat_AR_exclusive
read_and_treat_AR_exclusive read_and_treat_AR_exclusive
read_and_treat_AR_exclusive read_and_treat_AR_exclusive
read_and_treat_AR_exclusive read_and_treat_AR_exclusive
read_and_treat_AR_exclusive read_and_treat_AR_exclusive
read_and_treat_AR_exclusive_WD read_and_treat_AR_exclusive_WD
+++ working on night --- 2024-11-20 +++
read_and_treat_AR_exclusive read_and_treat_AR_exclusive
read_and_treat_AR_exclusive read_and_treat_AR_exclusive
read_and_treat_AR_exclusive read_and_treat_AR_exclusive
read_and_treat_AR_exclusive read_and_treat_AR_exclusive
read_and_treat_AR_exclusive read_and_treat_AR_exclusive
read_and_treat_AR_exclusive read_and_treat_AR_exclusive
read_and_treat_AR_exclusive_WD read_and_treat_AR_exclusive_WD
+++ working on night --- 2024-11-21 +++
read_and_treat_AR_exclusive read_and_treat_AR_exclusive
read_and_treat_AR_exclusive read_and_treat_AR_exclusive
read_and_treat_AR_exclusive read_and_treat_AR_exclusive
read_and_treat_AR_exclusive read_and_treat_AR_exclusive
read_and_treat_AR_exclusive read_and_treat_AR_exclusive
read_and_treat_AR_exclusive read_and_treat_AR_exclusive
read_and_treat_AR_exclusive_WD read_and_treat_AR_exclusive_WD
+++ working on night --- 2024-11-22 +++
read_and_treat_AR_exclusive read_and_treat_AR_exclusive
read_and_treat_AR_exclusive read_and_treat_AR_exclusive
read_and_treat_AR_exclusive read_and_treat_AR_exclusive
read_and_treat_AR_exclusive read_and_treat_AR_exclusive
read_and_treat_AR_exclusive read_and_treat_AR_exclusive
read_and_treat_AR_exclusive read_and_treat_AR_exclusive
read_and_treat_AR_exclusive_WD read_and_treat_AR_exclusive_WD
+++ working on night --- 2024-11-23 +++
read_and_treat_AR_exclusive read_and_treat_AR_exclusive
read_and_treat_AR_exclusive read_and_treat_AR_exclusive
read_and_treat_AR_exclusive read_and_treat_AR_exclusive
read_and_treat_AR_exclusive read_and_treat_AR_exclusive
read_and_treat_AR_exclusive read_and_treat_AR_exclusive
read_and_treat_AR_exclusive read_and_treat_AR_exclusive
read_and_treat_AR_exclusive_WD read_and_treat_AR_exclusive_WD
+++ working on night --- 2024-11-24 +++
read_and_treat_AR_exclusive read_and_treat_AR_exclusive
read_and_treat_AR_exclusive read_and_treat_AR_exclusive
read_and_treat_AR_exclusive read_and_treat_AR_exclusive
read_and_treat_AR_exclusive read_and_treat_AR_exclusive
read_and_treat_AR_exclusive read_and_treat_AR_exclusive
read_and_treat_AR_exclusive read_and_treat_AR_exclusive
read_and_treat_AR_exclusive_WD read_and_treat_AR_exclusive_WD
+++ working on night --- 2024-11-25 +++
read_and_treat_AR_exclusive read_and_treat_AR_exclusive
read_and_treat_AR_exclusive read_and_treat_AR_exclusive
read_and_treat_AR_exclusive read_and_treat_AR_exclusive
read_and_treat_AR_exclusive read_and_treat_AR_exclusive
read_and_treat_AR_exclusive read_and_treat_AR_exclusive
read_and_treat_AR_exclusive read_and_treat_AR_exclusive
read_and_treat_AR_exclusive_WD read_and_treat_AR_exclusive_WD
+++ working on night --- 2024-11-26 +++
read_and_treat_AR_exclusive read_and_treat_AR_exclusive
read_and_treat_AR_exclusive read_and_treat_AR_exclusive
read_and_treat_AR_exclusive read_and_treat_AR_exclusive
read_and_treat_AR_exclusive read_and_treat_AR_exclusive
read_and_treat_AR_exclusive read_and_treat_AR_exclusive
read_and_treat_AR_exclusive read_and_treat_AR_exclusive
read_and_treat_AR_exclusive_WD read_and_treat_AR_exclusive_WD
+++ working on night --- 2024-11-27 +++
read_and_treat_AR_exclusive read_and_treat_AR_exclusive
read_and_treat_AR_exclusive read_and_treat_AR_exclusive
read_and_treat_AR_exclusive read_and_treat_AR_exclusive
read_and_treat_AR_exclusive read_and_treat_AR_exclusive
read_and_treat_AR_exclusive read_and_treat_AR_exclusive
read_and_treat_AR_exclusive read_and_treat_AR_exclusive
read_and_treat_AR_exclusive_WD read_and_treat_AR_exclusive_WD
+++ working on night --- 2024-11-28 +++
read_and_treat_AR_exclusive read_and_treat_AR_exclusive
read_and_treat_AR_exclusive read_and_treat_AR_exclusive
read_and_treat_AR_exclusive read_and_treat_AR_exclusive
read_and_treat_AR_exclusive read_and_treat_AR_exclusive
read_and_treat_AR_exclusive read_and_treat_AR_exclusive
read_and_treat_AR_exclusive read_and_treat_AR_exclusive
read_and_treat_AR_exclusive_WD read_and_treat_AR_exclusive_WD
+++ working on night --- 2024-11-29 +++
read_and_treat_AR_exclusive read_and_treat_AR_exclusive
read_and_treat_AR_exclusive read_and_treat_AR_exclusive
read_and_treat_AR_exclusive read_and_treat_AR_exclusive
read_and_treat_AR_exclusive read_and_treat_AR_exclusive
read_and_treat_AR_exclusive read_and_treat_AR_exclusive
read_and_treat_AR_exclusive read_and_treat_AR_exclusive
read_and_treat_AR_exclusive_WD read_and_treat_AR_exclusive_WD
+++ working on night --- 2024-11-30 +++
read_and_treat_AR_exclusive read_and_treat_AR_exclusive
read_and_treat_AR_exclusive read_and_treat_AR_exclusive
read_and_treat_AR_exclusive read_and_treat_AR_exclusive
read_and_treat_AR_exclusive read_and_treat_AR_exclusive
read_and_treat_AR_exclusive read_and_treat_AR_exclusive
read_and_treat_AR_exclusive read_and_treat_AR_exclusive
read_and_treat_AR_exclusive_WD read_and_treat_AR_exclusive_WD
+++ working on night --- 2024-12-01 +++
read_and_treat_AR_exclusive read_and_treat_AR_exclusive
read_and_treat_AR_exclusive read_and_treat_AR_exclusive
read_and_treat_AR_exclusive read_and_treat_AR_exclusive
read_and_treat_AR_exclusive read_and_treat_AR_exclusive
read_and_treat_AR_exclusive read_and_treat_AR_exclusive
read_and_treat_AR_exclusive read_and_treat_AR_exclusive
read_and_treat_AR_exclusive_WD read_and_treat_AR_exclusive_WD
+++ working on night --- 2024-12-02 +++
read_and_treat_AR_exclusive read_and_treat_AR_exclusive
read_and_treat_AR_exclusive read_and_treat_AR_exclusive
read_and_treat_AR_exclusive read_and_treat_AR_exclusive
read_and_treat_AR_exclusive read_and_treat_AR_exclusive
read_and_treat_AR_exclusive read_and_treat_AR_exclusive
read_and_treat_AR_exclusive read_and_treat_AR_exclusive
read_and_treat_AR_exclusive_WD read_and_treat_AR_exclusive_WD
+++ working on night --- 2024-12-03 +++
read_and_treat_AR_exclusive read_and_treat_AR_exclusive
read_and_treat_AR_exclusive read_and_treat_AR_exclusive
read_and_treat_AR_exclusive read_and_treat_AR_exclusive
read_and_treat_AR_exclusive read_and_treat_AR_exclusive
read_and_treat_AR_exclusive read_and_treat_AR_exclusive
read_and_treat_AR_exclusive read_and_treat_AR_exclusive
read_and_treat_AR_exclusive_WD read_and_treat_AR_exclusive_WD
+++ working on night --- 2024-12-04 +++
read_and_treat_AR_exclusive read_and_treat_AR_exclusive
read_and_treat_AR_exclusive read_and_treat_AR_exclusive
read_and_treat_AR_exclusive read_and_treat_AR_exclusive
read_and_treat_AR_exclusive read_and_treat_AR_exclusive
read_and_treat_AR_exclusive read_and_treat_AR_exclusive
read_and_treat_AR_exclusive read_and_treat_AR_exclusive
read_and_treat_AR_exclusive_WD read_and_treat_AR_exclusive_WD
+++ working on night --- 2024-12-05 +++
read_and_treat_AR_exclusive read_and_treat_AR_exclusive
read_and_treat_AR_exclusive read_and_treat_AR_exclusive
read_and_treat_AR_exclusive read_and_treat_AR_exclusive
read_and_treat_AR_exclusive read_and_treat_AR_exclusive
read_and_treat_AR_exclusive read_and_treat_AR_exclusive
read_and_treat_AR_exclusive read_and_treat_AR_exclusive
read_and_treat_AR_exclusive_WD read_and_treat_AR_exclusive_WD
+++ working on night --- 2024-12-06 +++
read_and_treat_AR_exclusive read_and_treat_AR_exclusive
read_and_treat_AR_exclusive read_and_treat_AR_exclusive
read_and_treat_AR_exclusive read_and_treat_AR_exclusive
read_and_treat_AR_exclusive read_and_treat_AR_exclusive
read_and_treat_AR_exclusive read_and_treat_AR_exclusive
read_and_treat_AR_exclusive read_and_treat_AR_exclusive
read_and_treat_AR_exclusive_WD read_and_treat_AR_exclusive_WD
+++ working on night --- 2024-12-07 +++
read_and_treat_AR_exclusive read_and_treat_AR_exclusive
read_and_treat_AR_exclusive read_and_treat_AR_exclusive
read_and_treat_AR_exclusive read_and_treat_AR_exclusive
read_and_treat_AR_exclusive read_and_treat_AR_exclusive
read_and_treat_AR_exclusive read_and_treat_AR_exclusive
read_and_treat_AR_exclusive read_and_treat_AR_exclusive
read_and_treat_AR_exclusive_WD read_and_treat_AR_exclusive_WD
+++ working on night --- 2024-12-08 +++
read_and_treat_AR_exclusive read_and_treat_AR_exclusive
read_and_treat_AR_exclusive read_and_treat_AR_exclusive
read_and_treat_AR_exclusive read_and_treat_AR_exclusive
read_and_treat_AR_exclusive read_and_treat_AR_exclusive
read_and_treat_AR_exclusive read_and_treat_AR_exclusive
read_and_treat_AR_exclusive read_and_treat_AR_exclusive
read_and_treat_AR_exclusive_WD read_and_treat_AR_exclusive_WD
+++ working on night --- 2024-12-09 +++
read_and_treat_AR_exclusive read_and_treat_AR_exclusive
read_and_treat_AR_exclusive read_and_treat_AR_exclusive
read_and_treat_AR_exclusive read_and_treat_AR_exclusive
read_and_treat_AR_exclusive read_and_treat_AR_exclusive
read_and_treat_AR_exclusive read_and_treat_AR_exclusive
read_and_treat_AR_exclusive read_and_treat_AR_exclusive
read_and_treat_AR_exclusive_WD read_and_treat_AR_exclusive_WD
+++ working on night --- 2024-12-10 +++
read_and_treat_AR_exclusive read_and_treat_AR_exclusive
read_and_treat_AR_exclusive read_and_treat_AR_exclusive
read_and_treat_AR_exclusive read_and_treat_AR_exclusive
read_and_treat_AR_exclusive read_and_treat_AR_exclusive
read_and_treat_AR_exclusive read_and_treat_AR_exclusive
read_and_treat_AR_exclusive read_and_treat_AR_exclusive
read_and_treat_AR_exclusive_WD read_and_treat_AR_exclusive_WD
+++ working on night --- 2024-12-11 +++
read_and_treat_AR_exclusive read_and_treat_AR_exclusive
read_and_treat_AR_exclusive read_and_treat_AR_exclusive
read_and_treat_AR_exclusive read_and_treat_AR_exclusive
read_and_treat_AR_exclusive read_and_treat_AR_exclusive
read_and_treat_AR_exclusive read_and_treat_AR_exclusive
read_and_treat_AR_exclusive read_and_treat_AR_exclusive
read_and_treat_AR_exclusive_WD read_and_treat_AR_exclusive_WD
+++ working on night --- 2024-12-12 +++
read_and_treat_AR_exclusive read_and_treat_AR_exclusive
read_and_treat_AR_exclusive read_and_treat_AR_exclusive
read_and_treat_AR_exclusive read_and_treat_AR_exclusive
read_and_treat_AR_exclusive read_and_treat_AR_exclusive
read_and_treat_AR_exclusive read_and_treat_AR_exclusive
read_and_treat_AR_exclusive read_and_treat_AR_exclusive
read_and_treat_AR_exclusive_WD read_and_treat_AR_exclusive_WD
+++ working on night --- 2024-12-13 +++
read_and_treat_AR_exclusive read_and_treat_AR_exclusive
read_and_treat_AR_exclusive read_and_treat_AR_exclusive
read_and_treat_AR_exclusive read_and_treat_AR_exclusive
read_and_treat_AR_exclusive read_and_treat_AR_exclusive
read_and_treat_AR_exclusive read_and_treat_AR_exclusive
read_and_treat_AR_exclusive read_and_treat_AR_exclusive
read_and_treat_AR_exclusive_WD read_and_treat_AR_exclusive_WD
+++ working on night --- 2024-12-14 +++
read_and_treat_AR_exclusive read_and_treat_AR_exclusive
read_and_treat_AR_exclusive read_and_treat_AR_exclusive
read_and_treat_AR_exclusive read_and_treat_AR_exclusive
read_and_treat_AR_exclusive read_and_treat_AR_exclusive
read_and_treat_AR_exclusive read_and_treat_AR_exclusive
read_and_treat_AR_exclusive read_and_treat_AR_exclusive
read_and_treat_AR_exclusive_WD read_and_treat_AR_exclusive_WD
+++ working on night --- 2024-12-15 +++
read_and_treat_AR_exclusive read_and_treat_AR_exclusive
read_and_treat_AR_exclusive read_and_treat_AR_exclusive
read_and_treat_AR_exclusive read_and_treat_AR_exclusive
read_and_treat_AR_exclusive read_and_treat_AR_exclusive
read_and_treat_AR_exclusive read_and_treat_AR_exclusive
read_and_treat_AR_exclusive read_and_treat_AR_exclusive
read_and_treat_AR_exclusive_WD read_and_treat_AR_exclusive_WD
+++ working on night --- 2024-12-16 +++
read_and_treat_AR_exclusive read_and_treat_AR_exclusive
read_and_treat_AR_exclusive read_and_treat_AR_exclusive
read_and_treat_AR_exclusive read_and_treat_AR_exclusive
read_and_treat_AR_exclusive read_and_treat_AR_exclusive
read_and_treat_AR_exclusive read_and_treat_AR_exclusive
read_and_treat_AR_exclusive read_and_treat_AR_exclusive
read_and_treat_AR_exclusive_WD read_and_treat_AR_exclusive_WD
+++ working on night --- 2024-12-17 +++
read_and_treat_AR_exclusive read_and_treat_AR_exclusive
read_and_treat_AR_exclusive read_and_treat_AR_exclusive
read_and_treat_AR_exclusive read_and_treat_AR_exclusive
read_and_treat_AR_exclusive read_and_treat_AR_exclusive
read_and_treat_AR_exclusive read_and_treat_AR_exclusive
read_and_treat_AR_exclusive read_and_treat_AR_exclusive
read_and_treat_AR_exclusive_WD read_and_treat_AR_exclusive_WD
+++ working on night --- 2024-12-18 +++
read_and_treat_AR_exclusive read_and_treat_AR_exclusive
read_and_treat_AR_exclusive read_and_treat_AR_exclusive
read_and_treat_AR_exclusive read_and_treat_AR_exclusive
read_and_treat_AR_exclusive read_and_treat_AR_exclusive
read_and_treat_AR_exclusive read_and_treat_AR_exclusive
read_and_treat_AR_exclusive read_and_treat_AR_exclusive
read_and_treat_AR_exclusive_WD read_and_treat_AR_exclusive_WD
+++ working on night --- 2024-12-19 +++
read_and_treat_AR_exclusive read_and_treat_AR_exclusive
read_and_treat_AR_exclusive read_and_treat_AR_exclusive
read_and_treat_AR_exclusive read_and_treat_AR_exclusive
read_and_treat_AR_exclusive read_and_treat_AR_exclusive
read_and_treat_AR_exclusive read_and_treat_AR_exclusive
read_and_treat_AR_exclusive read_and_treat_AR_exclusive
read_and_treat_AR_exclusive_WD read_and_treat_AR_exclusive_WD
+++ working on night --- 2024-12-20 +++
read_and_treat_AR_exclusive read_and_treat_AR_exclusive
read_and_treat_AR_exclusive read_and_treat_AR_exclusive
read_and_treat_AR_exclusive read_and_treat_AR_exclusive
read_and_treat_AR_exclusive read_and_treat_AR_exclusive
read_and_treat_AR_exclusive read_and_treat_AR_exclusive
read_and_treat_AR_exclusive read_and_treat_AR_exclusive
read_and_treat_AR_exclusive_WD read_and_treat_AR_exclusive_WD
+++ working on night --- 2024-12-21 +++
read_and_treat_AR_exclusive read_and_treat_AR_exclusive
read_and_treat_AR_exclusive read_and_treat_AR_exclusive
read_and_treat_AR_exclusive read_and_treat_AR_exclusive
read_and_treat_AR_exclusive read_and_treat_AR_exclusive
read_and_treat_AR_exclusive read_and_treat_AR_exclusive
read_and_treat_AR_exclusive read_and_treat_AR_exclusive
read_and_treat_AR_exclusive_WD read_and_treat_AR_exclusive_WD
+++ working on night --- 2024-12-22 +++
read_and_treat_AR_exclusive read_and_treat_AR_exclusive
read_and_treat_AR_exclusive read_and_treat_AR_exclusive
read_and_treat_AR_exclusive read_and_treat_AR_exclusive
read_and_treat_AR_exclusive read_and_treat_AR_exclusive
read_and_treat_AR_exclusive read_and_treat_AR_exclusive
read_and_treat_AR_exclusive read_and_treat_AR_exclusive
read_and_treat_AR_exclusive_WD read_and_treat_AR_exclusive_WD
+++ working on night --- 2024-12-23 +++
read_and_treat_AR_exclusive read_and_treat_AR_exclusive
read_and_treat_AR_exclusive read_and_treat_AR_exclusive
read_and_treat_AR_exclusive read_and_treat_AR_exclusive
read_and_treat_AR_exclusive read_and_treat_AR_exclusive
read_and_treat_AR_exclusive read_and_treat_AR_exclusive
read_and_treat_AR_exclusive read_and_treat_AR_exclusive
read_and_treat_AR_exclusive_WD read_and_treat_AR_exclusive_WD
+++ working on night --- 2024-12-24 +++
read_and_treat_AR_exclusive read_and_treat_AR_exclusive
read_and_treat_AR_exclusive read_and_treat_AR_exclusive
read_and_treat_AR_exclusive read_and_treat_AR_exclusive
read_and_treat_AR_exclusive read_and_treat_AR_exclusive
read_and_treat_AR_exclusive read_and_treat_AR_exclusive
read_and_treat_AR_exclusive read_and_treat_AR_exclusive
read_and_treat_AR_exclusive_WD read_and_treat_AR_exclusive_WD
+++ working on night --- 2024-12-25 +++
read_and_treat_AR_exclusive read_and_treat_AR_exclusive
read_and_treat_AR_exclusive read_and_treat_AR_exclusive
read_and_treat_AR_exclusive read_and_treat_AR_exclusive
read_and_treat_AR_exclusive read_and_treat_AR_exclusive
read_and_treat_AR_exclusive read_and_treat_AR_exclusive
read_and_treat_AR_exclusive read_and_treat_AR_exclusive
read_and_treat_AR_exclusive_WD read_and_treat_AR_exclusive_WD
+++ working on night --- 2024-12-26 +++
read_and_treat_AR_exclusive read_and_treat_AR_exclusive
read_and_treat_AR_exclusive read_and_treat_AR_exclusive
read_and_treat_AR_exclusive read_and_treat_AR_exclusive
read_and_treat_AR_exclusive read_and_treat_AR_exclusive
read_and_treat_AR_exclusive read_and_treat_AR_exclusive
read_and_treat_AR_exclusive read_and_treat_AR_exclusive
read_and_treat_AR_exclusive_WD read_and_treat_AR_exclusive_WD
+++ working on night --- 2024-12-27 +++
read_and_treat_AR_exclusive read_and_treat_AR_exclusive
read_and_treat_AR_exclusive read_and_treat_AR_exclusive
read_and_treat_AR_exclusive read_and_treat_AR_exclusive
read_and_treat_AR_exclusive read_and_treat_AR_exclusive
read_and_treat_AR_exclusive read_and_treat_AR_exclusive
read_and_treat_AR_exclusive read_and_treat_AR_exclusive
read_and_treat_AR_exclusive_WD read_and_treat_AR_exclusive_WD
+++ working on night --- 2024-12-28 +++
read_and_treat_AR_exclusive read_and_treat_AR_exclusive
read_and_treat_AR_exclusive read_and_treat_AR_exclusive
read_and_treat_AR_exclusive read_and_treat_AR_exclusive
read_and_treat_AR_exclusive read_and_treat_AR_exclusive
read_and_treat_AR_exclusive read_and_treat_AR_exclusive
read_and_treat_AR_exclusive read_and_treat_AR_exclusive
read_and_treat_AR_exclusive_WD read_and_treat_AR_exclusive_WD
+++ working on night --- 2024-12-29 +++
read_and_treat_AR_exclusive read_and_treat_AR_exclusive
read_and_treat_AR_exclusive read_and_treat_AR_exclusive
read_and_treat_AR_exclusive read_and_treat_AR_exclusive
read_and_treat_AR_exclusive read_and_treat_AR_exclusive
read_and_treat_AR_exclusive read_and_treat_AR_exclusive
read_and_treat_AR_exclusive read_and_treat_AR_exclusive
read_and_treat_AR_exclusive_WD read_and_treat_AR_exclusive_WD
+++ working on night --- 2024-12-30 +++
read_and_treat_AR_exclusive read_and_treat_AR_exclusive
read_and_treat_AR_exclusive read_and_treat_AR_exclusive
read_and_treat_AR_exclusive read_and_treat_AR_exclusive
read_and_treat_AR_exclusive read_and_treat_AR_exclusive
read_and_treat_AR_exclusive read_and_treat_AR_exclusive
read_and_treat_AR_exclusive read_and_treat_AR_exclusive
read_and_treat_AR_exclusive_WD read_and_treat_AR_exclusive_WD
+++ working on night --- 2024-12-31 +++
read_and_treat_AR_exclusive read_and_treat_AR_exclusive
read_and_treat_AR_exclusive read_and_treat_AR_exclusive
read_and_treat_AR_exclusive read_and_treat_AR_exclusive
read_and_treat_AR_exclusive read_and_treat_AR_exclusive
read_and_treat_AR_exclusive read_and_treat_AR_exclusive
read_and_treat_AR_exclusive read_and_treat_AR_exclusive
read_and_treat_AR_exclusive_WD read_and_treat_AR_exclusive_WD
+++ working on night --- 2025-01-01 +++
read_and_treat_AR_exclusive read_and_treat_AR_exclusive
read_and_treat_AR_exclusive read_and_treat_AR_exclusive
read_and_treat_AR_exclusive read_and_treat_AR_exclusive
read_and_treat_AR_exclusive read_and_treat_AR_exclusive
read_and_treat_AR_exclusive read_and_treat_AR_exclusive
read_and_treat_AR_exclusive read_and_treat_AR_exclusive
read_and_treat_AR_exclusive_WD read_and_treat_AR_exclusive_WD
+++ working on night --- 2025-01-02 +++
read_and_treat_AR_exclusive read_and_treat_AR_exclusive
read_and_treat_AR_exclusive read_and_treat_AR_exclusive
read_and_treat_AR_exclusive read_and_treat_AR_exclusive
read_and_treat_AR_exclusive read_and_treat_AR_exclusive
read_and_treat_AR_exclusive read_and_treat_AR_exclusive
read_and_treat_AR_exclusive read_and_treat_AR_exclusive
read_and_treat_AR_exclusive_WD read_and_treat_AR_exclusive_WD
+++ working on night --- 2025-01-03 +++
read_and_treat_AR_exclusive read_and_treat_AR_exclusive
read_and_treat_AR_exclusive read_and_treat_AR_exclusive
read_and_treat_AR_exclusive read_and_treat_AR_exclusive
read_and_treat_AR_exclusive read_and_treat_AR_exclusive
read_and_treat_AR_exclusive read_and_treat_AR_exclusive
read_and_treat_AR_exclusive read_and_treat_AR_exclusive
read_and_treat_AR_exclusive_WD read_and_treat_AR_exclusive_WD
+++ working on night --- 2025-01-04 +++
read_and_treat_AR_exclusive read_and_treat_AR_exclusive
read_and_treat_AR_exclusive read_and_treat_AR_exclusive
read_and_treat_AR_exclusive read_and_treat_AR_exclusive
read_and_treat_AR_exclusive read_and_treat_AR_exclusive
read_and_treat_AR_exclusive read_and_treat_AR_exclusive
read_and_treat_AR_exclusive read_and_treat_AR_exclusive
read_and_treat_AR_exclusive_WD read_and_treat_AR_exclusive_WD
+++ working on night --- 2025-01-05 +++
read_and_treat_AR_exclusive read_and_treat_AR_exclusive
read_and_treat_AR_exclusive read_and_treat_AR_exclusive
read_and_treat_AR_exclusive read_and_treat_AR_exclusive
read_and_treat_AR_exclusive read_and_treat_AR_exclusive
read_and_treat_AR_exclusive read_and_treat_AR_exclusive
read_and_treat_AR_exclusive read_and_treat_AR_exclusive
read_and_treat_AR_exclusive_WD read_and_treat_AR_exclusive_WD
+++ working on night --- 2025-01-06 +++
read_and_treat_AR_exclusive read_and_treat_AR_exclusive
read_and_treat_AR_exclusive read_and_treat_AR_exclusive
read_and_treat_AR_exclusive read_and_treat_AR_exclusive
read_and_treat_AR_exclusive read_and_treat_AR_exclusive
read_and_treat_AR_exclusive read_and_treat_AR_exclusive
read_and_treat_AR_exclusive read_and_treat_AR_exclusive
read_and_treat_AR_exclusive_WD read_and_treat_AR_exclusive_WD
+++ working on night --- 2025-01-07 +++
read_and_treat_AR_exclusive read_and_treat_AR_exclusive
read_and_treat_AR_exclusive read_and_treat_AR_exclusive
read_and_treat_AR_exclusive read_and_treat_AR_exclusive
read_and_treat_AR_exclusive read_and_treat_AR_exclusive
read_and_treat_AR_exclusive read_and_treat_AR_exclusive
read_and_treat_AR_exclusive read_and_treat_AR_exclusive
read_and_treat_AR_exclusive_WD read_and_treat_AR_exclusive_WD
+++ working on night --- 2025-01-08 +++
read_and_treat_AR_exclusive read_and_treat_AR_exclusive
read_and_treat_AR_exclusive read_and_treat_AR_exclusive
read_and_treat_AR_exclusive read_and_treat_AR_exclusive
read_and_treat_AR_exclusive read_and_treat_AR_exclusive
read_and_treat_AR_exclusive read_and_treat_AR_exclusive
read_and_treat_AR_exclusive read_and_treat_AR_exclusive
read_and_treat_AR_exclusive_WD read_and_treat_AR_exclusive_WD
+++ working on night --- 2025-01-09 +++
read_and_treat_AR_exclusive read_and_treat_AR_exclusive
read_and_treat_AR_exclusive read_and_treat_AR_exclusive
read_and_treat_AR_exclusive read_and_treat_AR_exclusive
read_and_treat_AR_exclusive read_and_treat_AR_exclusive
read_and_treat_AR_exclusive read_and_treat_AR_exclusive
read_and_treat_AR_exclusive read_and_treat_AR_exclusive
read_and_treat_AR_exclusive_WD read_and_treat_AR_exclusive_WD
+++ working on night --- 2025-01-10 +++
read_and_treat_AR_exclusive read_and_treat_AR_exclusive
read_and_treat_AR_exclusive read_and_treat_AR_exclusive
read_and_treat_AR_exclusive read_and_treat_AR_exclusive
read_and_treat_AR_exclusive read_and_treat_AR_exclusive
read_and_treat_AR_exclusive read_and_treat_AR_exclusive
read_and_treat_AR_exclusive read_and_treat_AR_exclusive
read_and_treat_AR_exclusive_WD read_and_treat_AR_exclusive_WD
+++ working on night --- 2025-01-11 +++
read_and_treat_AR_exclusive read_and_treat_AR_exclusive
read_and_treat_AR_exclusive read_and_treat_AR_exclusive
read_and_treat_AR_exclusive read_and_treat_AR_exclusive
read_and_treat_AR_exclusive read_and_treat_AR_exclusive
read_and_treat_AR_exclusive read_and_treat_AR_exclusive
read_and_treat_AR_exclusive read_and_treat_AR_exclusive
read_and_treat_AR_exclusive_WD read_and_treat_AR_exclusive_WD
+++ working on night --- 2025-01-12 +++
read_and_treat_AR_exclusive read_and_treat_AR_exclusive
read_and_treat_AR_exclusive read_and_treat_AR_exclusive
read_and_treat_AR_exclusive read_and_treat_AR_exclusive
read_and_treat_AR_exclusive read_and_treat_AR_exclusive
read_and_treat_AR_exclusive read_and_treat_AR_exclusive
read_and_treat_AR_exclusive read_and_treat_AR_exclusive
read_and_treat_AR_exclusive_WD read_and_treat_AR_exclusive_WD
+++ working on night --- 2025-01-13 +++
read_and_treat_AR_exclusive read_and_treat_AR_exclusive
read_and_treat_AR_exclusive read_and_treat_AR_exclusive
read_and_treat_AR_exclusive read_and_treat_AR_exclusive
read_and_treat_AR_exclusive read_and_treat_AR_exclusive
read_and_treat_AR_exclusive read_and_treat_AR_exclusive
read_and_treat_AR_exclusive read_and_treat_AR_exclusive
read_and_treat_AR_exclusive_WD read_and_treat_AR_exclusive_WD
+++ working on night --- 2025-01-14 +++
read_and_treat_AR_exclusive read_and_treat_AR_exclusive
read_and_treat_AR_exclusive read_and_treat_AR_exclusive
read_and_treat_AR_exclusive read_and_treat_AR_exclusive
read_and_treat_AR_exclusive read_and_treat_AR_exclusive
read_and_treat_AR_exclusive read_and_treat_AR_exclusive
read_and_treat_AR_exclusive read_and_treat_AR_exclusive
read_and_treat_AR_exclusive_WD read_and_treat_AR_exclusive_WD
+++ working on night --- 2025-01-15 +++
read_and_treat_AR_exclusive read_and_treat_AR_exclusive
read_and_treat_AR_exclusive read_and_treat_AR_exclusive
read_and_treat_AR_exclusive read_and_treat_AR_exclusive
read_and_treat_AR_exclusive read_and_treat_AR_exclusive
read_and_treat_AR_exclusive read_and_treat_AR_exclusive
read_and_treat_AR_exclusive read_and_treat_AR_exclusive
read_and_treat_AR_exclusive_WD read_and_treat_AR_exclusive_WD
+++ working on night --- 2025-01-16 +++
read_and_treat_AR_exclusive read_and_treat_AR_exclusive
read_and_treat_AR_exclusive read_and_treat_AR_exclusive
read_and_treat_AR_exclusive read_and_treat_AR_exclusive
read_and_treat_AR_exclusive read_and_treat_AR_exclusive
read_and_treat_AR_exclusive read_and_treat_AR_exclusive
read_and_treat_AR_exclusive read_and_treat_AR_exclusive
read_and_treat_AR_exclusive_WD read_and_treat_AR_exclusive_WD
+++ working on night --- 2025-01-17 +++
read_and_treat_AR_exclusive read_and_treat_AR_exclusive
read_and_treat_AR_exclusive read_and_treat_AR_exclusive
read_and_treat_AR_exclusive read_and_treat_AR_exclusive
read_and_treat_AR_exclusive read_and_treat_AR_exclusive
read_and_treat_AR_exclusive read_and_treat_AR_exclusive
read_and_treat_AR_exclusive read_and_treat_AR_exclusive
read_and_treat_AR_exclusive_WD read_and_treat_AR_exclusive_WD
+++ working on night --- 2025-01-18 +++
read_and_treat_AR_exclusive read_and_treat_AR_exclusive
read_and_treat_AR_exclusive read_and_treat_AR_exclusive
read_and_treat_AR_exclusive read_and_treat_AR_exclusive
read_and_treat_AR_exclusive read_and_treat_AR_exclusive
read_and_treat_AR_exclusive read_and_treat_AR_exclusive
read_and_treat_AR_exclusive read_and_treat_AR_exclusive
read_and_treat_AR_exclusive_WD read_and_treat_AR_exclusive_WD
+++ working on night --- 2025-01-19 +++
read_and_treat_AR_exclusive read_and_treat_AR_exclusive
read_and_treat_AR_exclusive read_and_treat_AR_exclusive
read_and_treat_AR_exclusive read_and_treat_AR_exclusive
read_and_treat_AR_exclusive read_and_treat_AR_exclusive
read_and_treat_AR_exclusive read_and_treat_AR_exclusive
read_and_treat_AR_exclusive read_and_treat_AR_exclusive
read_and_treat_AR_exclusive_WD read_and_treat_AR_exclusive_WD
+++ working on night --- 2025-01-20 +++
read_and_treat_AR_exclusive read_and_treat_AR_exclusive
read_and_treat_AR_exclusive read_and_treat_AR_exclusive
read_and_treat_AR_exclusive read_and_treat_AR_exclusive
read_and_treat_AR_exclusive read_and_treat_AR_exclusive
read_and_treat_AR_exclusive read_and_treat_AR_exclusive
read_and_treat_AR_exclusive read_and_treat_AR_exclusive
read_and_treat_AR_exclusive_WD read_and_treat_AR_exclusive_WD
+++ working on night --- 2025-01-21 +++
read_and_treat_AR_exclusive read_and_treat_AR_exclusive
read_and_treat_AR_exclusive read_and_treat_AR_exclusive
read_and_treat_AR_exclusive read_and_treat_AR_exclusive
read_and_treat_AR_exclusive read_and_treat_AR_exclusive
read_and_treat_AR_exclusive read_and_treat_AR_exclusive
read_and_treat_AR_exclusive read_and_treat_AR_exclusive
read_and_treat_AR_exclusive_WD read_and_treat_AR_exclusive_WD
+++ working on night --- 2025-01-22 +++
read_and_treat_AR_exclusive read_and_treat_AR_exclusive
read_and_treat_AR_exclusive read_and_treat_AR_exclusive
read_and_treat_AR_exclusive read_and_treat_AR_exclusive
read_and_treat_AR_exclusive read_and_treat_AR_exclusive
read_and_treat_AR_exclusive read_and_treat_AR_exclusive
read_and_treat_AR_exclusive read_and_treat_AR_exclusive
read_and_treat_AR_exclusive_WD read_and_treat_AR_exclusive_WD
+++ working on night --- 2025-01-23 +++
read_and_treat_AR_exclusive read_and_treat_AR_exclusive
read_and_treat_AR_exclusive read_and_treat_AR_exclusive
read_and_treat_AR_exclusive read_and_treat_AR_exclusive
read_and_treat_AR_exclusive read_and_treat_AR_exclusive
read_and_treat_AR_exclusive read_and_treat_AR_exclusive
read_and_treat_AR_exclusive read_and_treat_AR_exclusive
read_and_treat_AR_exclusive_WD read_and_treat_AR_exclusive_WD
+++ working on night --- 2025-01-24 +++
read_and_treat_AR_exclusive read_and_treat_AR_exclusive
read_and_treat_AR_exclusive read_and_treat_AR_exclusive
read_and_treat_AR_exclusive read_and_treat_AR_exclusive
read_and_treat_AR_exclusive read_and_treat_AR_exclusive
read_and_treat_AR_exclusive read_and_treat_AR_exclusive
read_and_treat_AR_exclusive read_and_treat_AR_exclusive
read_and_treat_AR_exclusive_WD read_and_treat_AR_exclusive_WD
+++ working on night --- 2025-01-25 +++
read_and_treat_AR_exclusive read_and_treat_AR_exclusive
read_and_treat_AR_exclusive read_and_treat_AR_exclusive
read_and_treat_AR_exclusive read_and_treat_AR_exclusive
read_and_treat_AR_exclusive read_and_treat_AR_exclusive
read_and_treat_AR_exclusive read_and_treat_AR_exclusive
read_and_treat_AR_exclusive read_and_treat_AR_exclusive
read_and_treat_AR_exclusive_WD read_and_treat_AR_exclusive_WD
+++ working on night --- 2025-01-26 +++
read_and_treat_AR_exclusive read_and_treat_AR_exclusive
read_and_treat_AR_exclusive read_and_treat_AR_exclusive
read_and_treat_AR_exclusive read_and_treat_AR_exclusive
read_and_treat_AR_exclusive read_and_treat_AR_exclusive
read_and_treat_AR_exclusive read_and_treat_AR_exclusive
read_and_treat_AR_exclusive read_and_treat_AR_exclusive
read_and_treat_AR_exclusive_WD read_and_treat_AR_exclusive_WD
+++ working on night --- 2025-01-27 +++
read_and_treat_AR_exclusive read_and_treat_AR_exclusive
read_and_treat_AR_exclusive read_and_treat_AR_exclusive
read_and_treat_AR_exclusive read_and_treat_AR_exclusive
read_and_treat_AR_exclusive read_and_treat_AR_exclusive
read_and_treat_AR_exclusive read_and_treat_AR_exclusive
read_and_treat_AR_exclusive read_and_treat_AR_exclusive
read_and_treat_AR_exclusive_WD read_and_treat_AR_exclusive_WD
+++ working on night --- 2025-01-28 +++
read_and_treat_AR_exclusive read_and_treat_AR_exclusive
read_and_treat_AR_exclusive read_and_treat_AR_exclusive
read_and_treat_AR_exclusive read_and_treat_AR_exclusive
read_and_treat_AR_exclusive read_and_treat_AR_exclusive
read_and_treat_AR_exclusive read_and_treat_AR_exclusive
read_and_treat_AR_exclusive read_and_treat_AR_exclusive
read_and_treat_AR_exclusive_WD read_and_treat_AR_exclusive_WD
+++ working on night --- 2025-01-29 +++
read_and_treat_AR_exclusive read_and_treat_AR_exclusive
read_and_treat_AR_exclusive read_and_treat_AR_exclusive
read_and_treat_AR_exclusive read_and_treat_AR_exclusive
read_and_treat_AR_exclusive read_and_treat_AR_exclusive
read_and_treat_AR_exclusive read_and_treat_AR_exclusive
read_and_treat_AR_exclusive read_and_treat_AR_exclusive
read_and_treat_AR_exclusive_WD read_and_treat_AR_exclusive_WD
+++ working on night --- 2025-01-30 +++
read_and_treat_AR_exclusive read_and_treat_AR_exclusive
read_and_treat_AR_exclusive read_and_treat_AR_exclusive
read_and_treat_AR_exclusive read_and_treat_AR_exclusive
read_and_treat_AR_exclusive read_and_treat_AR_exclusive
read_and_treat_AR_exclusive read_and_treat_AR_exclusive
read_and_treat_AR_exclusive read_and_treat_AR_exclusive
read_and_treat_AR_exclusive_WD read_and_treat_AR_exclusive_WD
+++ working on night --- 2025-01-31 +++
read_and_treat_AR_exclusive read_and_treat_AR_exclusive
read_and_treat_AR_exclusive read_and_treat_AR_exclusive
read_and_treat_AR_exclusive read_and_treat_AR_exclusive
read_and_treat_AR_exclusive read_and_treat_AR_exclusive
read_and_treat_AR_exclusive read_and_treat_AR_exclusive
read_and_treat_AR_exclusive read_and_treat_AR_exclusive
read_and_treat_AR_exclusive_WD read_and_treat_AR_exclusive_WD
+++ working on night --- 2025-02-01 +++
read_and_treat_AR_exclusive read_and_treat_AR_exclusive
read_and_treat_AR_exclusive read_and_treat_AR_exclusive
read_and_treat_AR_exclusive read_and_treat_AR_exclusive
read_and_treat_AR_exclusive read_and_treat_AR_exclusive
read_and_treat_AR_exclusive read_and_treat_AR_exclusive
read_and_treat_AR_exclusive read_and_treat_AR_exclusive
read_and_treat_AR_exclusive_WD read_and_treat_AR_exclusive_WD
+++ working on night --- 2025-02-02 +++
read_and_treat_AR_exclusive read_and_treat_AR_exclusive
read_and_treat_AR_exclusive read_and_treat_AR_exclusive
read_and_treat_AR_exclusive read_and_treat_AR_exclusive
read_and_treat_AR_exclusive read_and_treat_AR_exclusive
read_and_treat_AR_exclusive read_and_treat_AR_exclusive
read_and_treat_AR_exclusive read_and_treat_AR_exclusive
read_and_treat_AR_exclusive_WD read_and_treat_AR_exclusive_WD
+++ working on night --- 2025-02-03 +++
read_and_treat_AR_exclusive read_and_treat_AR_exclusive
read_and_treat_AR_exclusive read_and_treat_AR_exclusive
read_and_treat_AR_exclusive read_and_treat_AR_exclusive
read_and_treat_AR_exclusive read_and_treat_AR_exclusive
read_and_treat_AR_exclusive read_and_treat_AR_exclusive
read_and_treat_AR_exclusive read_and_treat_AR_exclusive
read_and_treat_AR_exclusive_WD read_and_treat_AR_exclusive_WD
+++ working on night --- 2025-02-04 +++
read_and_treat_AR_exclusive read_and_treat_AR_exclusive
read_and_treat_AR_exclusive read_and_treat_AR_exclusive
read_and_treat_AR_exclusive read_and_treat_AR_exclusive
read_and_treat_AR_exclusive read_and_treat_AR_exclusive
read_and_treat_AR_exclusive read_and_treat_AR_exclusive
read_and_treat_AR_exclusive read_and_treat_AR_exclusive
read_and_treat_AR_exclusive_WD read_and_treat_AR_exclusive_WD
+++ working on night --- 2025-02-05 +++
read_and_treat_AR_exclusive read_and_treat_AR_exclusive
read_and_treat_AR_exclusive read_and_treat_AR_exclusive
read_and_treat_AR_exclusive read_and_treat_AR_exclusive
read_and_treat_AR_exclusive read_and_treat_AR_exclusive
read_and_treat_AR_exclusive read_and_treat_AR_exclusive
read_and_treat_AR_exclusive read_and_treat_AR_exclusive
read_and_treat_AR_exclusive_WD read_and_treat_AR_exclusive_WD
+++ working on night --- 2025-02-06 +++
read_and_treat_AR_exclusive read_and_treat_AR_exclusive
read_and_treat_AR_exclusive read_and_treat_AR_exclusive
read_and_treat_AR_exclusive read_and_treat_AR_exclusive
read_and_treat_AR_exclusive read_and_treat_AR_exclusive
read_and_treat_AR_exclusive read_and_treat_AR_exclusive
read_and_treat_AR_exclusive read_and_treat_AR_exclusive
read_and_treat_AR_exclusive_WD read_and_treat_AR_exclusive_WD
+++ working on night --- 2025-02-07 +++
read_and_treat_AR_exclusive read_and_treat_AR_exclusive
read_and_treat_AR_exclusive read_and_treat_AR_exclusive
read_and_treat_AR_exclusive read_and_treat_AR_exclusive
read_and_treat_AR_exclusive read_and_treat_AR_exclusive
read_and_treat_AR_exclusive read_and_treat_AR_exclusive
read_and_treat_AR_exclusive read_and_treat_AR_exclusive
read_and_treat_AR_exclusive_WD read_and_treat_AR_exclusive_WD
+++ working on night --- 2025-02-08 +++
read_and_treat_AR_exclusive read_and_treat_AR_exclusive
read_and_treat_AR_exclusive read_and_treat_AR_exclusive
read_and_treat_AR_exclusive read_and_treat_AR_exclusive
read_and_treat_AR_exclusive read_and_treat_AR_exclusive
read_and_treat_AR_exclusive read_and_treat_AR_exclusive
read_and_treat_AR_exclusive read_and_treat_AR_exclusive
read_and_treat_AR_exclusive_WD read_and_treat_AR_exclusive_WD
+++ working on night --- 2025-02-09 +++
read_and_treat_AR_exclusive read_and_treat_AR_exclusive
read_and_treat_AR_exclusive read_and_treat_AR_exclusive
read_and_treat_AR_exclusive read_and_treat_AR_exclusive
read_and_treat_AR_exclusive read_and_treat_AR_exclusive
