LISTGG night
fcst_lenght 3
------------------------
working on fcst_lenght 3 daygg night
skipping 20230909
skipping 20230910
skipping 20230911
skipping 20230912
skipping 20230913
skipping 20230914
skipping 20230915
skipping 20230916
skipping 20230917
skipping 20230918
skipping 20230919
skipping 20230920
skipping 20230921
skipping 20230922
skipping 20230923
skipping 20230924
skipping 20230925
skipping 20230926
skipping 20230927
skipping 20230928
skipping 20230929
skipping 20230930
skipping 20231001
skipping 20231002
skipping 20231003
skipping 20231004
skipping 20231005
skipping 20231006
skipping 20231007
skipping 20231008
skipping 20231009
skipping 20231010
skipping 20231011
skipping 20231012
skipping 20231013
skipping 20231014
skipping 20231015
skipping 20231016
skipping 20231017
skipping 20231018
skipping 20231019
skipping 20231020
skipping 20231021
skipping 20231022
skipping 20231023
skipping 20231024
skipping 20231025
skipping 20231026
skipping 20231027
skipping 20231028
skipping 20231029
skipping 20231030
skipping 20231031
skipping 20231101
skipping 20231102
skipping 20231103
skipping 20231104
skipping 20231105
skipping 20231106
skipping 20231107
skipping 20231108
skipping 20231109
skipping 20231110
skipping 20231111
skipping 20231112
skipping 20231113
skipping 20231114
skipping 20231115
skipping 20231116
skipping 20231117
skipping 20231118
skipping 20231119
skipping 20231120
skipping 20231121
skipping 20231122
skipping 20231123
skipping 20231124
skipping 20231125
skipping 20231126
skipping 20231127
skipping 20231128
skipping 20231129
skipping 20231130
skipping 20231201
skipping 20231202
skipping 20231203
skipping 20231204
skipping 20231205
skipping 20231206
skipping 20231207
skipping 20231208
skipping 20231209
skipping 20231210
skipping 20231211
skipping 20231212
skipping 20231213
skipping 20231214
skipping 20231215
skipping 20231216
skipping 20231217
skipping 20231218
skipping 20231219
skipping 20231220
skipping 20231221
skipping 20231222
skipping 20231224
skipping 20231225
skipping 20231226
skipping 20231227
skipping 20231228
skipping 20231229
skipping 20231230
skipping 20231231
skipping 20240101
skipping 20240102
skipping 20240103
skipping 20240104
skipping 20240105
skipping 20240106
skipping 20240107
skipping 20240108
skipping 20240109
skipping 20240110
skipping 20240111
skipping 20240112
skipping 20240113
skipping 20240114
skipping 20240115
skipping 20240116
skipping 20240117
skipping 20240118
skipping 20240119
skipping 20240120
skipping 20240121
skipping 20240122
skipping 20240123
skipping 20240124
skipping 20240125
skipping 20240126
skipping 20240127
skipping 20240128
skipping 20240129
skipping 20240130
skipping 20240131
skipping 20240201
skipping 20240202
skipping 20240203
skipping 20240204
skipping 20240205
skipping 20240206
skipping 20240207
skipping 20240208
skipping 20240209
skipping 20240210
skipping 20240211
skipping 20240212
skipping 20240213
skipping 20240214
skipping 20240215
skipping 20240216
skipping 20240217
skipping 20240218
skipping 20240219
skipping 20240220
skipping 20240221
skipping 20240222
skipping 20240223
skipping 20240224
skipping 20240225
skipping 20240226
skipping 20240227
skipping 20240228
skipping 20240229
skipping 20240301
skipping 20240302
skipping 20240303
skipping 20240304
skipping 20240305
skipping 20240306
skipping 20240307
skipping 20240308
skipping 20240309
skipping 20240310
skipping 20240311
skipping 20240312
skipping 20240313
skipping 20240314
skipping 20240315
skipping 20240316
skipping 20240317
skipping 20240318
skipping 20240319
skipping 20240320
skipping 20240321
skipping 20240322
skipping 20240323
skipping 20240324
skipping 20240325
skipping 20240326
skipping 20240327
skipping 20240328
skipping 20240329
skipping 20240330
skipping 20240331
skipping 20240401
skipping 20240402
skipping 20240403
skipping 20240404
skipping 20240405
skipping 20240406
skipping 20240407
skipping 20240408
skipping 20240409
skipping 20240410
skipping 20240411
skipping 20240412
skipping 20240413
skipping 20240414
skipping 20240415
skipping 20240416
skipping 20240417
skipping 20240418
skipping 20240419
skipping 20240420
skipping 20240421
skipping 20240422
skipping 20240423
skipping 20240424
skipping 20240425
skipping 20240426
skipping 20240427
skipping 20240428
skipping 20240429
skipping 20240430
skipping 20240501
skipping 20240502
skipping 20240503
skipping 20240504
skipping 20240505
skipping 20240506
skipping 20240507
skipping 20240508
skipping 20240509
skipping 20240510
skipping 20240511
skipping 20240512
skipping 20240513
skipping 20240514
skipping 20240515
skipping 20240516
skipping 20240517
skipping 20240518
skipping 20240519
skipping 20240520
skipping 20240521
skipping 20240522
skipping 20240523
skipping 20240524
skipping 20240525
skipping 20240526
skipping 20240527
skipping 20240528
skipping 20240529
skipping 20240530
skipping 20240531
+++ working on night --- 2024-06-01 +++
read_and_treat_AR_exclusive read_and_treat_AR_exclusive
read_and_treat_AR_exclusive read_and_treat_AR_exclusive
read_and_treat_AR_exclusive read_and_treat_AR_exclusive
read_and_treat_AR_exclusive read_and_treat_AR_exclusive
read_and_treat_AR_exclusive read_and_treat_AR_exclusive
read_and_treat_AR_exclusive read_and_treat_AR_exclusive
read_and_treat_AR_exclusive_WD read_and_treat_AR_exclusive_WD
+++ working on night --- 2024-06-02 +++
read_and_treat_AR_exclusive read_and_treat_AR_exclusive
read_and_treat_AR_exclusive read_and_treat_AR_exclusive
read_and_treat_AR_exclusive read_and_treat_AR_exclusive
read_and_treat_AR_exclusive read_and_treat_AR_exclusive
read_and_treat_AR_exclusive read_and_treat_AR_exclusive
read_and_treat_AR_exclusive read_and_treat_AR_exclusive
read_and_treat_AR_exclusive_WD read_and_treat_AR_exclusive_WD
+++ working on night --- 2024-06-03 +++
read_and_treat_AR_exclusive read_and_treat_AR_exclusive
read_and_treat_AR_exclusive read_and_treat_AR_exclusive
read_and_treat_AR_exclusive read_and_treat_AR_exclusive
read_and_treat_AR_exclusive read_and_treat_AR_exclusive
read_and_treat_AR_exclusive read_and_treat_AR_exclusive
read_and_treat_AR_exclusive read_and_treat_AR_exclusive
read_and_treat_AR_exclusive_WD read_and_treat_AR_exclusive_WD
+++ working on night --- 2024-06-04 +++
read_and_treat_AR_exclusive read_and_treat_AR_exclusive
read_and_treat_AR_exclusive read_and_treat_AR_exclusive
read_and_treat_AR_exclusive read_and_treat_AR_exclusive
read_and_treat_AR_exclusive read_and_treat_AR_exclusive
read_and_treat_AR_exclusive read_and_treat_AR_exclusive
read_and_treat_AR_exclusive read_and_treat_AR_exclusive
read_and_treat_AR_exclusive_WD read_and_treat_AR_exclusive_WD
+++ working on night --- 2024-06-05 +++
read_and_treat_AR_exclusive read_and_treat_AR_exclusive
read_and_treat_AR_exclusive read_and_treat_AR_exclusive
read_and_treat_AR_exclusive read_and_treat_AR_exclusive
read_and_treat_AR_exclusive read_and_treat_AR_exclusive
read_and_treat_AR_exclusive read_and_treat_AR_exclusive
read_and_treat_AR_exclusive read_and_treat_AR_exclusive
read_and_treat_AR_exclusive_WD read_and_treat_AR_exclusive_WD
+++ working on night --- 2024-06-06 +++
read_and_treat_AR_exclusive read_and_treat_AR_exclusive
read_and_treat_AR_exclusive read_and_treat_AR_exclusive
read_and_treat_AR_exclusive read_and_treat_AR_exclusive
read_and_treat_AR_exclusive read_and_treat_AR_exclusive
read_and_treat_AR_exclusive read_and_treat_AR_exclusive
read_and_treat_AR_exclusive read_and_treat_AR_exclusive
read_and_treat_AR_exclusive_WD read_and_treat_AR_exclusive_WD
+++ working on night --- 2024-06-07 +++
read_and_treat_AR_exclusive read_and_treat_AR_exclusive
read_and_treat_AR_exclusive read_and_treat_AR_exclusive
read_and_treat_AR_exclusive read_and_treat_AR_exclusive
read_and_treat_AR_exclusive read_and_treat_AR_exclusive
read_and_treat_AR_exclusive read_and_treat_AR_exclusive
read_and_treat_AR_exclusive read_and_treat_AR_exclusive
read_and_treat_AR_exclusive_WD read_and_treat_AR_exclusive_WD
+++ working on night --- 2024-06-08 +++
read_and_treat_AR_exclusive read_and_treat_AR_exclusive
read_and_treat_AR_exclusive read_and_treat_AR_exclusive
read_and_treat_AR_exclusive read_and_treat_AR_exclusive
read_and_treat_AR_exclusive read_and_treat_AR_exclusive
read_and_treat_AR_exclusive read_and_treat_AR_exclusive
read_and_treat_AR_exclusive read_and_treat_AR_exclusive
read_and_treat_AR_exclusive_WD read_and_treat_AR_exclusive_WD
+++ working on night --- 2024-06-09 +++
tail: cannot open ‘/TERASTARMET/FATE_BACKUPS_mesohp1/AUTOMATION_OUTPUTS/AUTOREGRESSION_night3/postproc/DAT_ARCHIVE/20240609_see_evol_time_Height_5_20000_TELEMETRY_output_night.dat’ for reading: No such file or directory
read_and_treat_AR_exclusive read_and_treat_AR_exclusive
tail: cannot open ‘/TERASTARMET/FATE_BACKUPS_mesohp1/AUTOMATION_OUTPUTS/AUTOREGRESSION_night3/postproc/DAT_ARCHIVE/20240609_tau_evol_time_Height_5_20000_TELEMETRY_output_night.dat’ for reading: No such file or directory
read_and_treat_AR_exclusive read_and_treat_AR_exclusive
tail: cannot open ‘/TERASTARMET/FATE_BACKUPS_mesohp1/AUTOMATION_OUTPUTS/AUTOREGRESSION_night3/postproc/DAT_ARCHIVE/20240609_glf_evol_time_Height_5_20000_TELEMETRY_output_night.dat’ for reading: No such file or directory
read_and_treat_AR_exclusive read_and_treat_AR_exclusive
read_and_treat_AR_exclusive read_and_treat_AR_exclusive
read_and_treat_AR_exclusive read_and_treat_AR_exclusive
read_and_treat_AR_exclusive read_and_treat_AR_exclusive
read_and_treat_AR_exclusive_WD read_and_treat_AR_exclusive_WD
mv: cannot stat ‘SEE_ARevol_1H_nig3*.dat’: No such file or directory
mv: cannot stat ‘TAU_ARevol_1H_nig3*.dat’: No such file or directory
mv: cannot stat ‘GLF_ARevol_1H_nig3*.dat’: No such file or directory
+++ working on night --- 2024-06-10 +++
read_and_treat_AR_exclusive read_and_treat_AR_exclusive
read_and_treat_AR_exclusive read_and_treat_AR_exclusive
read_and_treat_AR_exclusive read_and_treat_AR_exclusive
read_and_treat_AR_exclusive read_and_treat_AR_exclusive
read_and_treat_AR_exclusive read_and_treat_AR_exclusive
read_and_treat_AR_exclusive read_and_treat_AR_exclusive
read_and_treat_AR_exclusive_WD read_and_treat_AR_exclusive_WD
+++ working on night --- 2024-06-11 +++
read_and_treat_AR_exclusive read_and_treat_AR_exclusive
read_and_treat_AR_exclusive read_and_treat_AR_exclusive
read_and_treat_AR_exclusive read_and_treat_AR_exclusive
read_and_treat_AR_exclusive read_and_treat_AR_exclusive
read_and_treat_AR_exclusive read_and_treat_AR_exclusive
read_and_treat_AR_exclusive read_and_treat_AR_exclusive
read_and_treat_AR_exclusive_WD read_and_treat_AR_exclusive_WD
+++ working on night --- 2024-06-12 +++
read_and_treat_AR_exclusive read_and_treat_AR_exclusive
read_and_treat_AR_exclusive read_and_treat_AR_exclusive
read_and_treat_AR_exclusive read_and_treat_AR_exclusive
read_and_treat_AR_exclusive read_and_treat_AR_exclusive
read_and_treat_AR_exclusive read_and_treat_AR_exclusive
read_and_treat_AR_exclusive read_and_treat_AR_exclusive
read_and_treat_AR_exclusive_WD read_and_treat_AR_exclusive_WD
+++ working on night --- 2024-06-13 +++
tail: cannot open ‘/TERASTARMET/FATE_BACKUPS_mesohp1/AUTOMATION_OUTPUTS/AUTOREGRESSION_night3/postproc/DAT_ARCHIVE/20240613_see_evol_time_Height_5_20000_TELEMETRY_output_night.dat’ for reading: No such file or directory
read_and_treat_AR_exclusive read_and_treat_AR_exclusive
tail: cannot open ‘/TERASTARMET/FATE_BACKUPS_mesohp1/AUTOMATION_OUTPUTS/AUTOREGRESSION_night3/postproc/DAT_ARCHIVE/20240613_tau_evol_time_Height_5_20000_TELEMETRY_output_night.dat’ for reading: No such file or directory
read_and_treat_AR_exclusive read_and_treat_AR_exclusive
tail: cannot open ‘/TERASTARMET/FATE_BACKUPS_mesohp1/AUTOMATION_OUTPUTS/AUTOREGRESSION_night3/postproc/DAT_ARCHIVE/20240613_glf_evol_time_Height_5_20000_TELEMETRY_output_night.dat’ for reading: No such file or directory
read_and_treat_AR_exclusive read_and_treat_AR_exclusive
read_and_treat_AR_exclusive read_and_treat_AR_exclusive
read_and_treat_AR_exclusive read_and_treat_AR_exclusive
read_and_treat_AR_exclusive read_and_treat_AR_exclusive
read_and_treat_AR_exclusive_WD read_and_treat_AR_exclusive_WD
mv: cannot stat ‘SEE_ARevol_1H_nig3*.dat’: No such file or directory
mv: cannot stat ‘TAU_ARevol_1H_nig3*.dat’: No such file or directory
mv: cannot stat ‘GLF_ARevol_1H_nig3*.dat’: No such file or directory
+++ working on night --- 2024-06-14 +++
tail: cannot open ‘/TERASTARMET/FATE_BACKUPS_mesohp1/AUTOMATION_OUTPUTS/AUTOREGRESSION_night3/postproc/DAT_ARCHIVE/20240614_see_evol_time_Height_5_20000_TELEMETRY_output_night.dat’ for reading: No such file or directory
read_and_treat_AR_exclusive read_and_treat_AR_exclusive
tail: cannot open ‘/TERASTARMET/FATE_BACKUPS_mesohp1/AUTOMATION_OUTPUTS/AUTOREGRESSION_night3/postproc/DAT_ARCHIVE/20240614_tau_evol_time_Height_5_20000_TELEMETRY_output_night.dat’ for reading: No such file or directory
read_and_treat_AR_exclusive read_and_treat_AR_exclusive
tail: cannot open ‘/TERASTARMET/FATE_BACKUPS_mesohp1/AUTOMATION_OUTPUTS/AUTOREGRESSION_night3/postproc/DAT_ARCHIVE/20240614_glf_evol_time_Height_5_20000_TELEMETRY_output_night.dat’ for reading: No such file or directory
read_and_treat_AR_exclusive read_and_treat_AR_exclusive
read_and_treat_AR_exclusive read_and_treat_AR_exclusive
read_and_treat_AR_exclusive read_and_treat_AR_exclusive
read_and_treat_AR_exclusive read_and_treat_AR_exclusive
read_and_treat_AR_exclusive_WD read_and_treat_AR_exclusive_WD
mv: cannot stat ‘SEE_ARevol_1H_nig3*.dat’: No such file or directory
mv: cannot stat ‘TAU_ARevol_1H_nig3*.dat’: No such file or directory
mv: cannot stat ‘GLF_ARevol_1H_nig3*.dat’: No such file or directory
+++ working on night --- 2024-06-15 +++
read_and_treat_AR_exclusive read_and_treat_AR_exclusive
read_and_treat_AR_exclusive read_and_treat_AR_exclusive
read_and_treat_AR_exclusive read_and_treat_AR_exclusive
read_and_treat_AR_exclusive read_and_treat_AR_exclusive
read_and_treat_AR_exclusive read_and_treat_AR_exclusive
read_and_treat_AR_exclusive read_and_treat_AR_exclusive
read_and_treat_AR_exclusive_WD read_and_treat_AR_exclusive_WD
+++ working on night --- 2024-06-16 +++
read_and_treat_AR_exclusive read_and_treat_AR_exclusive
tail: cannot open ‘/TERASTARMET/FATE_BACKUPS_mesohp1/AUTOMATION_OUTPUTS/AUTOREGRESSION_night3/postproc/DAT_ARCHIVE/20240616_tau_evol_time_Height_5_20000_TELEMETRY_output_night.dat’ for reading: No such file or directory
read_and_treat_AR_exclusive read_and_treat_AR_exclusive
tail: cannot open ‘/TERASTARMET/FATE_BACKUPS_mesohp1/AUTOMATION_OUTPUTS/AUTOREGRESSION_night3/postproc/DAT_ARCHIVE/20240616_glf_evol_time_Height_5_20000_TELEMETRY_output_night.dat’ for reading: No such file or directory
read_and_treat_AR_exclusive read_and_treat_AR_exclusive
read_and_treat_AR_exclusive read_and_treat_AR_exclusive
read_and_treat_AR_exclusive read_and_treat_AR_exclusive
read_and_treat_AR_exclusive read_and_treat_AR_exclusive
read_and_treat_AR_exclusive_WD read_and_treat_AR_exclusive_WD
mv: cannot stat ‘TAU_ARevol_1H_nig3*.dat’: No such file or directory
mv: cannot stat ‘GLF_ARevol_1H_nig3*.dat’: No such file or directory
+++ working on night --- 2024-06-17 +++
read_and_treat_AR_exclusive read_and_treat_AR_exclusive
tail: cannot open ‘/TERASTARMET/FATE_BACKUPS_mesohp1/AUTOMATION_OUTPUTS/AUTOREGRESSION_night3/postproc/DAT_ARCHIVE/20240617_tau_evol_time_Height_5_20000_TELEMETRY_output_night.dat’ for reading: No such file or directory
read_and_treat_AR_exclusive read_and_treat_AR_exclusive
tail: cannot open ‘/TERASTARMET/FATE_BACKUPS_mesohp1/AUTOMATION_OUTPUTS/AUTOREGRESSION_night3/postproc/DAT_ARCHIVE/20240617_glf_evol_time_Height_5_20000_TELEMETRY_output_night.dat’ for reading: No such file or directory
read_and_treat_AR_exclusive read_and_treat_AR_exclusive
read_and_treat_AR_exclusive read_and_treat_AR_exclusive
read_and_treat_AR_exclusive read_and_treat_AR_exclusive
read_and_treat_AR_exclusive read_and_treat_AR_exclusive
read_and_treat_AR_exclusive_WD read_and_treat_AR_exclusive_WD
mv: cannot stat ‘TAU_ARevol_1H_nig3*.dat’: No such file or directory
mv: cannot stat ‘GLF_ARevol_1H_nig3*.dat’: No such file or directory
+++ working on night --- 2024-06-18 +++
read_and_treat_AR_exclusive read_and_treat_AR_exclusive
read_and_treat_AR_exclusive read_and_treat_AR_exclusive
read_and_treat_AR_exclusive read_and_treat_AR_exclusive
read_and_treat_AR_exclusive read_and_treat_AR_exclusive
read_and_treat_AR_exclusive read_and_treat_AR_exclusive
read_and_treat_AR_exclusive read_and_treat_AR_exclusive
read_and_treat_AR_exclusive_WD read_and_treat_AR_exclusive_WD
+++ working on night --- 2024-06-19 +++
read_and_treat_AR_exclusive read_and_treat_AR_exclusive
read_and_treat_AR_exclusive read_and_treat_AR_exclusive
read_and_treat_AR_exclusive read_and_treat_AR_exclusive
read_and_treat_AR_exclusive read_and_treat_AR_exclusive
read_and_treat_AR_exclusive read_and_treat_AR_exclusive
read_and_treat_AR_exclusive read_and_treat_AR_exclusive
read_and_treat_AR_exclusive_WD read_and_treat_AR_exclusive_WD
+++ working on night --- 2024-06-20 +++
tail: cannot open ‘/TERASTARMET/FATE_BACKUPS_mesohp1/AUTOMATION_OUTPUTS/AUTOREGRESSION_night3/postproc/DAT_ARCHIVE/20240620_see_evol_time_Height_5_20000_TELEMETRY_output_night.dat’ for reading: No such file or directory
read_and_treat_AR_exclusive read_and_treat_AR_exclusive
tail: cannot open ‘/TERASTARMET/FATE_BACKUPS_mesohp1/AUTOMATION_OUTPUTS/AUTOREGRESSION_night3/postproc/DAT_ARCHIVE/20240620_tau_evol_time_Height_5_20000_TELEMETRY_output_night.dat’ for reading: No such file or directory
read_and_treat_AR_exclusive read_and_treat_AR_exclusive
tail: cannot open ‘/TERASTARMET/FATE_BACKUPS_mesohp1/AUTOMATION_OUTPUTS/AUTOREGRESSION_night3/postproc/DAT_ARCHIVE/20240620_glf_evol_time_Height_5_20000_TELEMETRY_output_night.dat’ for reading: No such file or directory
read_and_treat_AR_exclusive read_and_treat_AR_exclusive
read_and_treat_AR_exclusive read_and_treat_AR_exclusive
read_and_treat_AR_exclusive read_and_treat_AR_exclusive
read_and_treat_AR_exclusive read_and_treat_AR_exclusive
read_and_treat_AR_exclusive_WD read_and_treat_AR_exclusive_WD
mv: cannot stat ‘SEE_ARevol_1H_nig3*.dat’: No such file or directory
mv: cannot stat ‘TAU_ARevol_1H_nig3*.dat’: No such file or directory
mv: cannot stat ‘GLF_ARevol_1H_nig3*.dat’: No such file or directory
+++ working on night --- 2024-06-21 +++
tail: cannot open ‘/TERASTARMET/FATE_BACKUPS_mesohp1/AUTOMATION_OUTPUTS/AUTOREGRESSION_night3/postproc/DAT_ARCHIVE/20240621_see_evol_time_Height_5_20000_TELEMETRY_output_night.dat’ for reading: No such file or directory
read_and_treat_AR_exclusive read_and_treat_AR_exclusive
tail: cannot open ‘/TERASTARMET/FATE_BACKUPS_mesohp1/AUTOMATION_OUTPUTS/AUTOREGRESSION_night3/postproc/DAT_ARCHIVE/20240621_tau_evol_time_Height_5_20000_TELEMETRY_output_night.dat’ for reading: No such file or directory
read_and_treat_AR_exclusive read_and_treat_AR_exclusive
tail: cannot open ‘/TERASTARMET/FATE_BACKUPS_mesohp1/AUTOMATION_OUTPUTS/AUTOREGRESSION_night3/postproc/DAT_ARCHIVE/20240621_glf_evol_time_Height_5_20000_TELEMETRY_output_night.dat’ for reading: No such file or directory
read_and_treat_AR_exclusive read_and_treat_AR_exclusive
read_and_treat_AR_exclusive read_and_treat_AR_exclusive
read_and_treat_AR_exclusive read_and_treat_AR_exclusive
read_and_treat_AR_exclusive read_and_treat_AR_exclusive
read_and_treat_AR_exclusive_WD read_and_treat_AR_exclusive_WD
mv: cannot stat ‘SEE_ARevol_1H_nig3*.dat’: No such file or directory
mv: cannot stat ‘TAU_ARevol_1H_nig3*.dat’: No such file or directory
mv: cannot stat ‘GLF_ARevol_1H_nig3*.dat’: No such file or directory
+++ working on night --- 2024-06-22 +++
read_and_treat_AR_exclusive read_and_treat_AR_exclusive
tail: cannot open ‘/TERASTARMET/FATE_BACKUPS_mesohp1/AUTOMATION_OUTPUTS/AUTOREGRESSION_night3/postproc/DAT_ARCHIVE/20240622_tau_evol_time_Height_5_20000_TELEMETRY_output_night.dat’ for reading: No such file or directory
read_and_treat_AR_exclusive read_and_treat_AR_exclusive
tail: cannot open ‘/TERASTARMET/FATE_BACKUPS_mesohp1/AUTOMATION_OUTPUTS/AUTOREGRESSION_night3/postproc/DAT_ARCHIVE/20240622_glf_evol_time_Height_5_20000_TELEMETRY_output_night.dat’ for reading: No such file or directory
read_and_treat_AR_exclusive read_and_treat_AR_exclusive
read_and_treat_AR_exclusive read_and_treat_AR_exclusive
read_and_treat_AR_exclusive read_and_treat_AR_exclusive
read_and_treat_AR_exclusive read_and_treat_AR_exclusive
read_and_treat_AR_exclusive_WD read_and_treat_AR_exclusive_WD
mv: cannot stat ‘TAU_ARevol_1H_nig3*.dat’: No such file or directory
mv: cannot stat ‘GLF_ARevol_1H_nig3*.dat’: No such file or directory
+++ working on night --- 2024-06-23 +++
read_and_treat_AR_exclusive read_and_treat_AR_exclusive
tail: cannot open ‘/TERASTARMET/FATE_BACKUPS_mesohp1/AUTOMATION_OUTPUTS/AUTOREGRESSION_night3/postproc/DAT_ARCHIVE/20240623_tau_evol_time_Height_5_20000_TELEMETRY_output_night.dat’ for reading: No such file or directory
read_and_treat_AR_exclusive read_and_treat_AR_exclusive
tail: cannot open ‘/TERASTARMET/FATE_BACKUPS_mesohp1/AUTOMATION_OUTPUTS/AUTOREGRESSION_night3/postproc/DAT_ARCHIVE/20240623_glf_evol_time_Height_5_20000_TELEMETRY_output_night.dat’ for reading: No such file or directory
read_and_treat_AR_exclusive read_and_treat_AR_exclusive
read_and_treat_AR_exclusive read_and_treat_AR_exclusive
read_and_treat_AR_exclusive read_and_treat_AR_exclusive
read_and_treat_AR_exclusive read_and_treat_AR_exclusive
read_and_treat_AR_exclusive_WD read_and_treat_AR_exclusive_WD
mv: cannot stat ‘TAU_ARevol_1H_nig3*.dat’: No such file or directory
mv: cannot stat ‘GLF_ARevol_1H_nig3*.dat’: No such file or directory
+++ working on night --- 2024-06-24 +++
read_and_treat_AR_exclusive read_and_treat_AR_exclusive
read_and_treat_AR_exclusive read_and_treat_AR_exclusive
read_and_treat_AR_exclusive read_and_treat_AR_exclusive
read_and_treat_AR_exclusive read_and_treat_AR_exclusive
read_and_treat_AR_exclusive read_and_treat_AR_exclusive
read_and_treat_AR_exclusive read_and_treat_AR_exclusive
read_and_treat_AR_exclusive_WD read_and_treat_AR_exclusive_WD
+++ working on night --- 2024-06-25 +++
read_and_treat_AR_exclusive read_and_treat_AR_exclusive
read_and_treat_AR_exclusive read_and_treat_AR_exclusive
read_and_treat_AR_exclusive read_and_treat_AR_exclusive
read_and_treat_AR_exclusive read_and_treat_AR_exclusive
read_and_treat_AR_exclusive read_and_treat_AR_exclusive
read_and_treat_AR_exclusive read_and_treat_AR_exclusive
read_and_treat_AR_exclusive_WD read_and_treat_AR_exclusive_WD
+++ working on night --- 2024-06-26 +++
read_and_treat_AR_exclusive read_and_treat_AR_exclusive
read_and_treat_AR_exclusive read_and_treat_AR_exclusive
read_and_treat_AR_exclusive read_and_treat_AR_exclusive
read_and_treat_AR_exclusive read_and_treat_AR_exclusive
read_and_treat_AR_exclusive read_and_treat_AR_exclusive
read_and_treat_AR_exclusive read_and_treat_AR_exclusive
read_and_treat_AR_exclusive_WD read_and_treat_AR_exclusive_WD
+++ working on night --- 2024-06-27 +++
read_and_treat_AR_exclusive read_and_treat_AR_exclusive
read_and_treat_AR_exclusive read_and_treat_AR_exclusive
read_and_treat_AR_exclusive read_and_treat_AR_exclusive
read_and_treat_AR_exclusive read_and_treat_AR_exclusive
read_and_treat_AR_exclusive read_and_treat_AR_exclusive
read_and_treat_AR_exclusive read_and_treat_AR_exclusive
read_and_treat_AR_exclusive_WD read_and_treat_AR_exclusive_WD
+++ working on night --- 2024-06-28 +++
read_and_treat_AR_exclusive read_and_treat_AR_exclusive
read_and_treat_AR_exclusive read_and_treat_AR_exclusive
read_and_treat_AR_exclusive read_and_treat_AR_exclusive
read_and_treat_AR_exclusive read_and_treat_AR_exclusive
read_and_treat_AR_exclusive read_and_treat_AR_exclusive
read_and_treat_AR_exclusive read_and_treat_AR_exclusive
read_and_treat_AR_exclusive_WD read_and_treat_AR_exclusive_WD
+++ working on night --- 2024-06-29 +++
read_and_treat_AR_exclusive read_and_treat_AR_exclusive
read_and_treat_AR_exclusive read_and_treat_AR_exclusive
read_and_treat_AR_exclusive read_and_treat_AR_exclusive
read_and_treat_AR_exclusive read_and_treat_AR_exclusive
read_and_treat_AR_exclusive read_and_treat_AR_exclusive
read_and_treat_AR_exclusive read_and_treat_AR_exclusive
read_and_treat_AR_exclusive_WD read_and_treat_AR_exclusive_WD
+++ working on night --- 2024-06-30 +++
read_and_treat_AR_exclusive read_and_treat_AR_exclusive
read_and_treat_AR_exclusive read_and_treat_AR_exclusive
read_and_treat_AR_exclusive read_and_treat_AR_exclusive
read_and_treat_AR_exclusive read_and_treat_AR_exclusive
read_and_treat_AR_exclusive read_and_treat_AR_exclusive
read_and_treat_AR_exclusive read_and_treat_AR_exclusive
read_and_treat_AR_exclusive_WD read_and_treat_AR_exclusive_WD
+++ working on night --- 2024-07-01 +++
read_and_treat_AR_exclusive read_and_treat_AR_exclusive
read_and_treat_AR_exclusive read_and_treat_AR_exclusive
read_and_treat_AR_exclusive read_and_treat_AR_exclusive
read_and_treat_AR_exclusive read_and_treat_AR_exclusive
read_and_treat_AR_exclusive read_and_treat_AR_exclusive
read_and_treat_AR_exclusive read_and_treat_AR_exclusive
read_and_treat_AR_exclusive_WD read_and_treat_AR_exclusive_WD
+++ working on night --- 2024-07-02 +++
read_and_treat_AR_exclusive read_and_treat_AR_exclusive
read_and_treat_AR_exclusive read_and_treat_AR_exclusive
read_and_treat_AR_exclusive read_and_treat_AR_exclusive
read_and_treat_AR_exclusive read_and_treat_AR_exclusive
read_and_treat_AR_exclusive read_and_treat_AR_exclusive
read_and_treat_AR_exclusive read_and_treat_AR_exclusive
read_and_treat_AR_exclusive_WD read_and_treat_AR_exclusive_WD
+++ working on night --- 2024-07-03 +++
read_and_treat_AR_exclusive read_and_treat_AR_exclusive
read_and_treat_AR_exclusive read_and_treat_AR_exclusive
read_and_treat_AR_exclusive read_and_treat_AR_exclusive
read_and_treat_AR_exclusive read_and_treat_AR_exclusive
read_and_treat_AR_exclusive read_and_treat_AR_exclusive
read_and_treat_AR_exclusive read_and_treat_AR_exclusive
read_and_treat_AR_exclusive_WD read_and_treat_AR_exclusive_WD
+++ working on night --- 2024-07-04 +++
read_and_treat_AR_exclusive read_and_treat_AR_exclusive
read_and_treat_AR_exclusive read_and_treat_AR_exclusive
read_and_treat_AR_exclusive read_and_treat_AR_exclusive
read_and_treat_AR_exclusive read_and_treat_AR_exclusive
read_and_treat_AR_exclusive read_and_treat_AR_exclusive
read_and_treat_AR_exclusive read_and_treat_AR_exclusive
read_and_treat_AR_exclusive_WD read_and_treat_AR_exclusive_WD
+++ working on night --- 2024-07-05 +++
read_and_treat_AR_exclusive read_and_treat_AR_exclusive
read_and_treat_AR_exclusive read_and_treat_AR_exclusive
read_and_treat_AR_exclusive read_and_treat_AR_exclusive
read_and_treat_AR_exclusive read_and_treat_AR_exclusive
read_and_treat_AR_exclusive read_and_treat_AR_exclusive
read_and_treat_AR_exclusive read_and_treat_AR_exclusive
read_and_treat_AR_exclusive_WD read_and_treat_AR_exclusive_WD
+++ working on night --- 2024-07-06 +++
read_and_treat_AR_exclusive read_and_treat_AR_exclusive
read_and_treat_AR_exclusive read_and_treat_AR_exclusive
read_and_treat_AR_exclusive read_and_treat_AR_exclusive
read_and_treat_AR_exclusive read_and_treat_AR_exclusive
read_and_treat_AR_exclusive read_and_treat_AR_exclusive
read_and_treat_AR_exclusive read_and_treat_AR_exclusive
read_and_treat_AR_exclusive_WD read_and_treat_AR_exclusive_WD
+++ working on night --- 2024-07-07 +++
read_and_treat_AR_exclusive read_and_treat_AR_exclusive
read_and_treat_AR_exclusive read_and_treat_AR_exclusive
read_and_treat_AR_exclusive read_and_treat_AR_exclusive
read_and_treat_AR_exclusive read_and_treat_AR_exclusive
read_and_treat_AR_exclusive read_and_treat_AR_exclusive
read_and_treat_AR_exclusive read_and_treat_AR_exclusive
read_and_treat_AR_exclusive_WD read_and_treat_AR_exclusive_WD
+++ working on night --- 2024-07-08 +++
read_and_treat_AR_exclusive read_and_treat_AR_exclusive
read_and_treat_AR_exclusive read_and_treat_AR_exclusive
read_and_treat_AR_exclusive read_and_treat_AR_exclusive
read_and_treat_AR_exclusive read_and_treat_AR_exclusive
read_and_treat_AR_exclusive read_and_treat_AR_exclusive
read_and_treat_AR_exclusive read_and_treat_AR_exclusive
read_and_treat_AR_exclusive_WD read_and_treat_AR_exclusive_WD
+++ working on night --- 2024-07-09 +++
read_and_treat_AR_exclusive read_and_treat_AR_exclusive
read_and_treat_AR_exclusive read_and_treat_AR_exclusive
read_and_treat_AR_exclusive read_and_treat_AR_exclusive
read_and_treat_AR_exclusive read_and_treat_AR_exclusive
read_and_treat_AR_exclusive read_and_treat_AR_exclusive
read_and_treat_AR_exclusive read_and_treat_AR_exclusive
read_and_treat_AR_exclusive_WD read_and_treat_AR_exclusive_WD
+++ working on night --- 2024-07-10 +++
tail: cannot open ‘/TERASTARMET/FATE_BACKUPS_mesohp1/AUTOMATION_OUTPUTS/AUTOREGRESSION_night3/postproc/DAT_ARCHIVE/20240710_see_evol_time_Height_5_20000_TELEMETRY_output_night.dat’ for reading: No such file or directory
read_and_treat_AR_exclusive read_and_treat_AR_exclusive
tail: cannot open ‘/TERASTARMET/FATE_BACKUPS_mesohp1/AUTOMATION_OUTPUTS/AUTOREGRESSION_night3/postproc/DAT_ARCHIVE/20240710_tau_evol_time_Height_5_20000_TELEMETRY_output_night.dat’ for reading: No such file or directory
read_and_treat_AR_exclusive read_and_treat_AR_exclusive
tail: cannot open ‘/TERASTARMET/FATE_BACKUPS_mesohp1/AUTOMATION_OUTPUTS/AUTOREGRESSION_night3/postproc/DAT_ARCHIVE/20240710_glf_evol_time_Height_5_20000_TELEMETRY_output_night.dat’ for reading: No such file or directory
read_and_treat_AR_exclusive read_and_treat_AR_exclusive
read_and_treat_AR_exclusive read_and_treat_AR_exclusive
read_and_treat_AR_exclusive read_and_treat_AR_exclusive
read_and_treat_AR_exclusive read_and_treat_AR_exclusive
read_and_treat_AR_exclusive_WD read_and_treat_AR_exclusive_WD
mv: cannot stat ‘SEE_ARevol_1H_nig3*.dat’: No such file or directory
mv: cannot stat ‘TAU_ARevol_1H_nig3*.dat’: No such file or directory
mv: cannot stat ‘GLF_ARevol_1H_nig3*.dat’: No such file or directory
+++ working on night --- 2024-07-11 +++
read_and_treat_AR_exclusive read_and_treat_AR_exclusive
tail: cannot open ‘/TERASTARMET/FATE_BACKUPS_mesohp1/AUTOMATION_OUTPUTS/AUTOREGRESSION_night3/postproc/DAT_ARCHIVE/20240711_tau_evol_time_Height_5_20000_TELEMETRY_output_night.dat’ for reading: No such file or directory
read_and_treat_AR_exclusive read_and_treat_AR_exclusive
tail: cannot open ‘/TERASTARMET/FATE_BACKUPS_mesohp1/AUTOMATION_OUTPUTS/AUTOREGRESSION_night3/postproc/DAT_ARCHIVE/20240711_glf_evol_time_Height_5_20000_TELEMETRY_output_night.dat’ for reading: No such file or directory
read_and_treat_AR_exclusive read_and_treat_AR_exclusive
read_and_treat_AR_exclusive read_and_treat_AR_exclusive
read_and_treat_AR_exclusive read_and_treat_AR_exclusive
read_and_treat_AR_exclusive read_and_treat_AR_exclusive
read_and_treat_AR_exclusive_WD read_and_treat_AR_exclusive_WD
mv: cannot stat ‘TAU_ARevol_1H_nig3*.dat’: No such file or directory
mv: cannot stat ‘GLF_ARevol_1H_nig3*.dat’: No such file or directory
+++ working on night --- 2024-07-12 +++
read_and_treat_AR_exclusive read_and_treat_AR_exclusive
read_and_treat_AR_exclusive read_and_treat_AR_exclusive
read_and_treat_AR_exclusive read_and_treat_AR_exclusive
read_and_treat_AR_exclusive read_and_treat_AR_exclusive
read_and_treat_AR_exclusive read_and_treat_AR_exclusive
read_and_treat_AR_exclusive read_and_treat_AR_exclusive
read_and_treat_AR_exclusive_WD read_and_treat_AR_exclusive_WD
+++ working on night --- 2024-07-13 +++
read_and_treat_AR_exclusive read_and_treat_AR_exclusive
read_and_treat_AR_exclusive read_and_treat_AR_exclusive
read_and_treat_AR_exclusive read_and_treat_AR_exclusive
read_and_treat_AR_exclusive read_and_treat_AR_exclusive
read_and_treat_AR_exclusive read_and_treat_AR_exclusive
read_and_treat_AR_exclusive read_and_treat_AR_exclusive
read_and_treat_AR_exclusive_WD read_and_treat_AR_exclusive_WD
+++ working on night --- 2024-07-14 +++
read_and_treat_AR_exclusive read_and_treat_AR_exclusive
read_and_treat_AR_exclusive read_and_treat_AR_exclusive
read_and_treat_AR_exclusive read_and_treat_AR_exclusive
read_and_treat_AR_exclusive read_and_treat_AR_exclusive
read_and_treat_AR_exclusive read_and_treat_AR_exclusive
read_and_treat_AR_exclusive read_and_treat_AR_exclusive
read_and_treat_AR_exclusive_WD read_and_treat_AR_exclusive_WD
+++ working on night --- 2024-07-15 +++
read_and_treat_AR_exclusive read_and_treat_AR_exclusive
read_and_treat_AR_exclusive read_and_treat_AR_exclusive
read_and_treat_AR_exclusive read_and_treat_AR_exclusive
read_and_treat_AR_exclusive read_and_treat_AR_exclusive
read_and_treat_AR_exclusive read_and_treat_AR_exclusive
read_and_treat_AR_exclusive read_and_treat_AR_exclusive
read_and_treat_AR_exclusive_WD read_and_treat_AR_exclusive_WD
+++ working on night --- 2024-07-16 +++
read_and_treat_AR_exclusive read_and_treat_AR_exclusive
read_and_treat_AR_exclusive read_and_treat_AR_exclusive
read_and_treat_AR_exclusive read_and_treat_AR_exclusive
read_and_treat_AR_exclusive read_and_treat_AR_exclusive
read_and_treat_AR_exclusive read_and_treat_AR_exclusive
read_and_treat_AR_exclusive read_and_treat_AR_exclusive
read_and_treat_AR_exclusive_WD read_and_treat_AR_exclusive_WD
+++ working on night --- 2024-07-17 +++
read_and_treat_AR_exclusive read_and_treat_AR_exclusive
read_and_treat_AR_exclusive read_and_treat_AR_exclusive
read_and_treat_AR_exclusive read_and_treat_AR_exclusive
read_and_treat_AR_exclusive read_and_treat_AR_exclusive
read_and_treat_AR_exclusive read_and_treat_AR_exclusive
read_and_treat_AR_exclusive read_and_treat_AR_exclusive
read_and_treat_AR_exclusive_WD read_and_treat_AR_exclusive_WD
+++ working on night --- 2024-07-18 +++
read_and_treat_AR_exclusive read_and_treat_AR_exclusive
read_and_treat_AR_exclusive read_and_treat_AR_exclusive
read_and_treat_AR_exclusive read_and_treat_AR_exclusive
read_and_treat_AR_exclusive read_and_treat_AR_exclusive
read_and_treat_AR_exclusive read_and_treat_AR_exclusive
read_and_treat_AR_exclusive read_and_treat_AR_exclusive
read_and_treat_AR_exclusive_WD read_and_treat_AR_exclusive_WD
+++ working on night --- 2024-07-19 +++
tail: cannot open ‘/TERASTARMET/FATE_BACKUPS_mesohp1/AUTOMATION_OUTPUTS/AUTOREGRESSION_night3/postproc/DAT_ARCHIVE/20240719_see_evol_time_Height_5_20000_TELEMETRY_output_night.dat’ for reading: No such file or directory
read_and_treat_AR_exclusive read_and_treat_AR_exclusive
tail: cannot open ‘/TERASTARMET/FATE_BACKUPS_mesohp1/AUTOMATION_OUTPUTS/AUTOREGRESSION_night3/postproc/DAT_ARCHIVE/20240719_tau_evol_time_Height_5_20000_TELEMETRY_output_night.dat’ for reading: No such file or directory
read_and_treat_AR_exclusive read_and_treat_AR_exclusive
tail: cannot open ‘/TERASTARMET/FATE_BACKUPS_mesohp1/AUTOMATION_OUTPUTS/AUTOREGRESSION_night3/postproc/DAT_ARCHIVE/20240719_glf_evol_time_Height_5_20000_TELEMETRY_output_night.dat’ for reading: No such file or directory
read_and_treat_AR_exclusive read_and_treat_AR_exclusive
read_and_treat_AR_exclusive read_and_treat_AR_exclusive
read_and_treat_AR_exclusive read_and_treat_AR_exclusive
read_and_treat_AR_exclusive read_and_treat_AR_exclusive
read_and_treat_AR_exclusive_WD read_and_treat_AR_exclusive_WD
mv: cannot stat ‘SEE_ARevol_1H_nig3*.dat’: No such file or directory
mv: cannot stat ‘TAU_ARevol_1H_nig3*.dat’: No such file or directory
mv: cannot stat ‘GLF_ARevol_1H_nig3*.dat’: No such file or directory
+++ working on night --- 2024-07-20 +++
tail: cannot open ‘/TERASTARMET/FATE_BACKUPS_mesohp1/AUTOMATION_OUTPUTS/AUTOREGRESSION_night3/postproc/DAT_ARCHIVE/20240720_see_evol_time_Height_5_20000_TELEMETRY_output_night.dat’ for reading: No such file or directory
read_and_treat_AR_exclusive read_and_treat_AR_exclusive
tail: cannot open ‘/TERASTARMET/FATE_BACKUPS_mesohp1/AUTOMATION_OUTPUTS/AUTOREGRESSION_night3/postproc/DAT_ARCHIVE/20240720_tau_evol_time_Height_5_20000_TELEMETRY_output_night.dat’ for reading: No such file or directory
read_and_treat_AR_exclusive read_and_treat_AR_exclusive
tail: cannot open ‘/TERASTARMET/FATE_BACKUPS_mesohp1/AUTOMATION_OUTPUTS/AUTOREGRESSION_night3/postproc/DAT_ARCHIVE/20240720_glf_evol_time_Height_5_20000_TELEMETRY_output_night.dat’ for reading: No such file or directory
read_and_treat_AR_exclusive read_and_treat_AR_exclusive
read_and_treat_AR_exclusive read_and_treat_AR_exclusive
read_and_treat_AR_exclusive read_and_treat_AR_exclusive
read_and_treat_AR_exclusive read_and_treat_AR_exclusive
read_and_treat_AR_exclusive_WD read_and_treat_AR_exclusive_WD
mv: cannot stat ‘SEE_ARevol_1H_nig3*.dat’: No such file or directory
mv: cannot stat ‘TAU_ARevol_1H_nig3*.dat’: No such file or directory
mv: cannot stat ‘GLF_ARevol_1H_nig3*.dat’: No such file or directory
+++ working on night --- 2024-07-21 +++
tail: cannot open ‘/TERASTARMET/FATE_BACKUPS_mesohp1/AUTOMATION_OUTPUTS/AUTOREGRESSION_night3/postproc/DAT_ARCHIVE/20240721_see_evol_time_Height_5_20000_TELEMETRY_output_night.dat’ for reading: No such file or directory
read_and_treat_AR_exclusive read_and_treat_AR_exclusive
tail: cannot open ‘/TERASTARMET/FATE_BACKUPS_mesohp1/AUTOMATION_OUTPUTS/AUTOREGRESSION_night3/postproc/DAT_ARCHIVE/20240721_tau_evol_time_Height_5_20000_TELEMETRY_output_night.dat’ for reading: No such file or directory
read_and_treat_AR_exclusive read_and_treat_AR_exclusive
tail: cannot open ‘/TERASTARMET/FATE_BACKUPS_mesohp1/AUTOMATION_OUTPUTS/AUTOREGRESSION_night3/postproc/DAT_ARCHIVE/20240721_glf_evol_time_Height_5_20000_TELEMETRY_output_night.dat’ for reading: No such file or directory
read_and_treat_AR_exclusive read_and_treat_AR_exclusive
read_and_treat_AR_exclusive read_and_treat_AR_exclusive
read_and_treat_AR_exclusive read_and_treat_AR_exclusive
read_and_treat_AR_exclusive read_and_treat_AR_exclusive
read_and_treat_AR_exclusive_WD read_and_treat_AR_exclusive_WD
mv: cannot stat ‘SEE_ARevol_1H_nig3*.dat’: No such file or directory
mv: cannot stat ‘TAU_ARevol_1H_nig3*.dat’: No such file or directory
mv: cannot stat ‘GLF_ARevol_1H_nig3*.dat’: No such file or directory
+++ working on night --- 2024-07-22 +++
tail: cannot open ‘/TERASTARMET/FATE_BACKUPS_mesohp1/AUTOMATION_OUTPUTS/AUTOREGRESSION_night3/postproc/DAT_ARCHIVE/20240722_see_evol_time_Height_5_20000_TELEMETRY_output_night.dat’ for reading: No such file or directory
read_and_treat_AR_exclusive read_and_treat_AR_exclusive
tail: cannot open ‘/TERASTARMET/FATE_BACKUPS_mesohp1/AUTOMATION_OUTPUTS/AUTOREGRESSION_night3/postproc/DAT_ARCHIVE/20240722_tau_evol_time_Height_5_20000_TELEMETRY_output_night.dat’ for reading: No such file or directory
read_and_treat_AR_exclusive read_and_treat_AR_exclusive
tail: cannot open ‘/TERASTARMET/FATE_BACKUPS_mesohp1/AUTOMATION_OUTPUTS/AUTOREGRESSION_night3/postproc/DAT_ARCHIVE/20240722_glf_evol_time_Height_5_20000_TELEMETRY_output_night.dat’ for reading: No such file or directory
read_and_treat_AR_exclusive read_and_treat_AR_exclusive
read_and_treat_AR_exclusive read_and_treat_AR_exclusive
read_and_treat_AR_exclusive read_and_treat_AR_exclusive
read_and_treat_AR_exclusive read_and_treat_AR_exclusive
read_and_treat_AR_exclusive_WD read_and_treat_AR_exclusive_WD
mv: cannot stat ‘SEE_ARevol_1H_nig3*.dat’: No such file or directory
mv: cannot stat ‘TAU_ARevol_1H_nig3*.dat’: No such file or directory
mv: cannot stat ‘GLF_ARevol_1H_nig3*.dat’: No such file or directory
+++ working on night --- 2024-07-23 +++
read_and_treat_AR_exclusive read_and_treat_AR_exclusive
read_and_treat_AR_exclusive read_and_treat_AR_exclusive
read_and_treat_AR_exclusive read_and_treat_AR_exclusive
read_and_treat_AR_exclusive read_and_treat_AR_exclusive
read_and_treat_AR_exclusive read_and_treat_AR_exclusive
read_and_treat_AR_exclusive read_and_treat_AR_exclusive
read_and_treat_AR_exclusive_WD read_and_treat_AR_exclusive_WD
+++ working on night --- 2024-07-24 +++
read_and_treat_AR_exclusive read_and_treat_AR_exclusive
read_and_treat_AR_exclusive read_and_treat_AR_exclusive
read_and_treat_AR_exclusive read_and_treat_AR_exclusive
read_and_treat_AR_exclusive read_and_treat_AR_exclusive
read_and_treat_AR_exclusive read_and_treat_AR_exclusive
read_and_treat_AR_exclusive read_and_treat_AR_exclusive
read_and_treat_AR_exclusive_WD read_and_treat_AR_exclusive_WD
+++ working on night --- 2024-07-25 +++
read_and_treat_AR_exclusive read_and_treat_AR_exclusive
read_and_treat_AR_exclusive read_and_treat_AR_exclusive
read_and_treat_AR_exclusive read_and_treat_AR_exclusive
read_and_treat_AR_exclusive read_and_treat_AR_exclusive
read_and_treat_AR_exclusive read_and_treat_AR_exclusive
read_and_treat_AR_exclusive read_and_treat_AR_exclusive
read_and_treat_AR_exclusive_WD read_and_treat_AR_exclusive_WD
+++ working on night --- 2024-07-26 +++
read_and_treat_AR_exclusive read_and_treat_AR_exclusive
read_and_treat_AR_exclusive read_and_treat_AR_exclusive
read_and_treat_AR_exclusive read_and_treat_AR_exclusive
read_and_treat_AR_exclusive read_and_treat_AR_exclusive
read_and_treat_AR_exclusive read_and_treat_AR_exclusive
read_and_treat_AR_exclusive read_and_treat_AR_exclusive
read_and_treat_AR_exclusive_WD read_and_treat_AR_exclusive_WD
+++ working on night --- 2024-07-27 +++
read_and_treat_AR_exclusive read_and_treat_AR_exclusive
read_and_treat_AR_exclusive read_and_treat_AR_exclusive
read_and_treat_AR_exclusive read_and_treat_AR_exclusive
read_and_treat_AR_exclusive read_and_treat_AR_exclusive
read_and_treat_AR_exclusive read_and_treat_AR_exclusive
read_and_treat_AR_exclusive read_and_treat_AR_exclusive
read_and_treat_AR_exclusive_WD read_and_treat_AR_exclusive_WD
+++ working on night --- 2024-07-28 +++
read_and_treat_AR_exclusive read_and_treat_AR_exclusive
read_and_treat_AR_exclusive read_and_treat_AR_exclusive
read_and_treat_AR_exclusive read_and_treat_AR_exclusive
read_and_treat_AR_exclusive read_and_treat_AR_exclusive
read_and_treat_AR_exclusive read_and_treat_AR_exclusive
read_and_treat_AR_exclusive read_and_treat_AR_exclusive
read_and_treat_AR_exclusive_WD read_and_treat_AR_exclusive_WD
+++ working on night --- 2024-07-29 +++
read_and_treat_AR_exclusive read_and_treat_AR_exclusive
read_and_treat_AR_exclusive read_and_treat_AR_exclusive
read_and_treat_AR_exclusive read_and_treat_AR_exclusive
read_and_treat_AR_exclusive read_and_treat_AR_exclusive
read_and_treat_AR_exclusive read_and_treat_AR_exclusive
read_and_treat_AR_exclusive read_and_treat_AR_exclusive
read_and_treat_AR_exclusive_WD read_and_treat_AR_exclusive_WD
+++ working on night --- 2024-07-30 +++
read_and_treat_AR_exclusive read_and_treat_AR_exclusive
read_and_treat_AR_exclusive read_and_treat_AR_exclusive
read_and_treat_AR_exclusive read_and_treat_AR_exclusive
read_and_treat_AR_exclusive read_and_treat_AR_exclusive
read_and_treat_AR_exclusive read_and_treat_AR_exclusive
read_and_treat_AR_exclusive read_and_treat_AR_exclusive
read_and_treat_AR_exclusive_WD read_and_treat_AR_exclusive_WD
+++ working on night --- 2024-07-31 +++
read_and_treat_AR_exclusive read_and_treat_AR_exclusive
read_and_treat_AR_exclusive read_and_treat_AR_exclusive
read_and_treat_AR_exclusive read_and_treat_AR_exclusive
read_and_treat_AR_exclusive read_and_treat_AR_exclusive
read_and_treat_AR_exclusive read_and_treat_AR_exclusive
read_and_treat_AR_exclusive read_and_treat_AR_exclusive
read_and_treat_AR_exclusive_WD read_and_treat_AR_exclusive_WD
+++ working on night --- 2024-08-01 +++
tail: cannot open ‘/TERASTARMET/FATE_BACKUPS_mesohp1/AUTOMATION_OUTPUTS/AUTOREGRESSION_night3/postproc/DAT_ARCHIVE/20240801_see_evol_time_Height_5_20000_TELEMETRY_output_night.dat’ for reading: No such file or directory
read_and_treat_AR_exclusive read_and_treat_AR_exclusive
tail: cannot open ‘/TERASTARMET/FATE_BACKUPS_mesohp1/AUTOMATION_OUTPUTS/AUTOREGRESSION_night3/postproc/DAT_ARCHIVE/20240801_tau_evol_time_Height_5_20000_TELEMETRY_output_night.dat’ for reading: No such file or directory
read_and_treat_AR_exclusive read_and_treat_AR_exclusive
tail: cannot open ‘/TERASTARMET/FATE_BACKUPS_mesohp1/AUTOMATION_OUTPUTS/AUTOREGRESSION_night3/postproc/DAT_ARCHIVE/20240801_glf_evol_time_Height_5_20000_TELEMETRY_output_night.dat’ for reading: No such file or directory
read_and_treat_AR_exclusive read_and_treat_AR_exclusive
read_and_treat_AR_exclusive read_and_treat_AR_exclusive
read_and_treat_AR_exclusive read_and_treat_AR_exclusive
read_and_treat_AR_exclusive read_and_treat_AR_exclusive
read_and_treat_AR_exclusive_WD read_and_treat_AR_exclusive_WD
mv: cannot stat ‘SEE_ARevol_1H_nig3*.dat’: No such file or directory
mv: cannot stat ‘TAU_ARevol_1H_nig3*.dat’: No such file or directory
mv: cannot stat ‘GLF_ARevol_1H_nig3*.dat’: No such file or directory
+++ working on night --- 2024-08-02 +++
read_and_treat_AR_exclusive read_and_treat_AR_exclusive
read_and_treat_AR_exclusive read_and_treat_AR_exclusive
read_and_treat_AR_exclusive read_and_treat_AR_exclusive
read_and_treat_AR_exclusive read_and_treat_AR_exclusive
read_and_treat_AR_exclusive read_and_treat_AR_exclusive
read_and_treat_AR_exclusive read_and_treat_AR_exclusive
read_and_treat_AR_exclusive_WD read_and_treat_AR_exclusive_WD
+++ working on night --- 2024-08-03 +++
read_and_treat_AR_exclusive read_and_treat_AR_exclusive
read_and_treat_AR_exclusive read_and_treat_AR_exclusive
read_and_treat_AR_exclusive read_and_treat_AR_exclusive
read_and_treat_AR_exclusive read_and_treat_AR_exclusive
read_and_treat_AR_exclusive read_and_treat_AR_exclusive
read_and_treat_AR_exclusive read_and_treat_AR_exclusive
read_and_treat_AR_exclusive_WD read_and_treat_AR_exclusive_WD
+++ working on night --- 2024-08-04 +++
read_and_treat_AR_exclusive read_and_treat_AR_exclusive
read_and_treat_AR_exclusive read_and_treat_AR_exclusive
read_and_treat_AR_exclusive read_and_treat_AR_exclusive
read_and_treat_AR_exclusive read_and_treat_AR_exclusive
read_and_treat_AR_exclusive read_and_treat_AR_exclusive
read_and_treat_AR_exclusive read_and_treat_AR_exclusive
read_and_treat_AR_exclusive_WD read_and_treat_AR_exclusive_WD
+++ working on night --- 2024-08-05 +++
read_and_treat_AR_exclusive read_and_treat_AR_exclusive
read_and_treat_AR_exclusive read_and_treat_AR_exclusive
read_and_treat_AR_exclusive read_and_treat_AR_exclusive
read_and_treat_AR_exclusive read_and_treat_AR_exclusive
read_and_treat_AR_exclusive read_and_treat_AR_exclusive
read_and_treat_AR_exclusive read_and_treat_AR_exclusive
read_and_treat_AR_exclusive_WD read_and_treat_AR_exclusive_WD
+++ working on night --- 2024-08-06 +++
read_and_treat_AR_exclusive read_and_treat_AR_exclusive
read_and_treat_AR_exclusive read_and_treat_AR_exclusive
read_and_treat_AR_exclusive read_and_treat_AR_exclusive
read_and_treat_AR_exclusive read_and_treat_AR_exclusive
read_and_treat_AR_exclusive read_and_treat_AR_exclusive
read_and_treat_AR_exclusive read_and_treat_AR_exclusive
read_and_treat_AR_exclusive_WD read_and_treat_AR_exclusive_WD
+++ working on night --- 2024-08-07 +++
read_and_treat_AR_exclusive read_and_treat_AR_exclusive
read_and_treat_AR_exclusive read_and_treat_AR_exclusive
read_and_treat_AR_exclusive read_and_treat_AR_exclusive
read_and_treat_AR_exclusive read_and_treat_AR_exclusive
read_and_treat_AR_exclusive read_and_treat_AR_exclusive
read_and_treat_AR_exclusive read_and_treat_AR_exclusive
read_and_treat_AR_exclusive_WD read_and_treat_AR_exclusive_WD
+++ working on night --- 2024-08-08 +++
read_and_treat_AR_exclusive read_and_treat_AR_exclusive
read_and_treat_AR_exclusive read_and_treat_AR_exclusive
read_and_treat_AR_exclusive read_and_treat_AR_exclusive
read_and_treat_AR_exclusive read_and_treat_AR_exclusive
read_and_treat_AR_exclusive read_and_treat_AR_exclusive
read_and_treat_AR_exclusive read_and_treat_AR_exclusive
read_and_treat_AR_exclusive_WD read_and_treat_AR_exclusive_WD
+++ working on night --- 2024-08-09 +++
read_and_treat_AR_exclusive read_and_treat_AR_exclusive
read_and_treat_AR_exclusive read_and_treat_AR_exclusive
read_and_treat_AR_exclusive read_and_treat_AR_exclusive
read_and_treat_AR_exclusive read_and_treat_AR_exclusive
read_and_treat_AR_exclusive read_and_treat_AR_exclusive
read_and_treat_AR_exclusive read_and_treat_AR_exclusive
read_and_treat_AR_exclusive_WD read_and_treat_AR_exclusive_WD
+++ working on night --- 2024-08-10 +++
read_and_treat_AR_exclusive read_and_treat_AR_exclusive
read_and_treat_AR_exclusive read_and_treat_AR_exclusive
read_and_treat_AR_exclusive read_and_treat_AR_exclusive
read_and_treat_AR_exclusive read_and_treat_AR_exclusive
read_and_treat_AR_exclusive read_and_treat_AR_exclusive
read_and_treat_AR_exclusive read_and_treat_AR_exclusive
read_and_treat_AR_exclusive_WD read_and_treat_AR_exclusive_WD
+++ working on night --- 2024-08-11 +++
read_and_treat_AR_exclusive read_and_treat_AR_exclusive
read_and_treat_AR_exclusive read_and_treat_AR_exclusive
read_and_treat_AR_exclusive read_and_treat_AR_exclusive
read_and_treat_AR_exclusive read_and_treat_AR_exclusive
read_and_treat_AR_exclusive read_and_treat_AR_exclusive
read_and_treat_AR_exclusive read_and_treat_AR_exclusive
read_and_treat_AR_exclusive_WD read_and_treat_AR_exclusive_WD
+++ working on night --- 2024-08-12 +++
read_and_treat_AR_exclusive read_and_treat_AR_exclusive
read_and_treat_AR_exclusive read_and_treat_AR_exclusive
read_and_treat_AR_exclusive read_and_treat_AR_exclusive
read_and_treat_AR_exclusive read_and_treat_AR_exclusive
read_and_treat_AR_exclusive read_and_treat_AR_exclusive
read_and_treat_AR_exclusive read_and_treat_AR_exclusive
read_and_treat_AR_exclusive_WD read_and_treat_AR_exclusive_WD
+++ working on night --- 2024-08-13 +++
read_and_treat_AR_exclusive read_and_treat_AR_exclusive
read_and_treat_AR_exclusive read_and_treat_AR_exclusive
read_and_treat_AR_exclusive read_and_treat_AR_exclusive
read_and_treat_AR_exclusive read_and_treat_AR_exclusive
read_and_treat_AR_exclusive read_and_treat_AR_exclusive
read_and_treat_AR_exclusive read_and_treat_AR_exclusive
read_and_treat_AR_exclusive_WD read_and_treat_AR_exclusive_WD
+++ working on night --- 2024-08-14 +++
read_and_treat_AR_exclusive read_and_treat_AR_exclusive
read_and_treat_AR_exclusive read_and_treat_AR_exclusive
read_and_treat_AR_exclusive read_and_treat_AR_exclusive
read_and_treat_AR_exclusive read_and_treat_AR_exclusive
read_and_treat_AR_exclusive read_and_treat_AR_exclusive
read_and_treat_AR_exclusive read_and_treat_AR_exclusive
read_and_treat_AR_exclusive_WD read_and_treat_AR_exclusive_WD
+++ working on night --- 2024-08-15 +++
read_and_treat_AR_exclusive read_and_treat_AR_exclusive
read_and_treat_AR_exclusive read_and_treat_AR_exclusive
read_and_treat_AR_exclusive read_and_treat_AR_exclusive
read_and_treat_AR_exclusive read_and_treat_AR_exclusive
read_and_treat_AR_exclusive read_and_treat_AR_exclusive
read_and_treat_AR_exclusive read_and_treat_AR_exclusive
read_and_treat_AR_exclusive_WD read_and_treat_AR_exclusive_WD
+++ working on night --- 2024-08-16 +++
read_and_treat_AR_exclusive read_and_treat_AR_exclusive
read_and_treat_AR_exclusive read_and_treat_AR_exclusive
read_and_treat_AR_exclusive read_and_treat_AR_exclusive
read_and_treat_AR_exclusive read_and_treat_AR_exclusive
read_and_treat_AR_exclusive read_and_treat_AR_exclusive
read_and_treat_AR_exclusive read_and_treat_AR_exclusive
read_and_treat_AR_exclusive_WD read_and_treat_AR_exclusive_WD
+++ working on night --- 2024-08-17 +++
read_and_treat_AR_exclusive read_and_treat_AR_exclusive
read_and_treat_AR_exclusive read_and_treat_AR_exclusive
read_and_treat_AR_exclusive read_and_treat_AR_exclusive
read_and_treat_AR_exclusive read_and_treat_AR_exclusive
read_and_treat_AR_exclusive read_and_treat_AR_exclusive
read_and_treat_AR_exclusive read_and_treat_AR_exclusive
read_and_treat_AR_exclusive_WD read_and_treat_AR_exclusive_WD
+++ working on night --- 2024-08-18 +++
read_and_treat_AR_exclusive read_and_treat_AR_exclusive
read_and_treat_AR_exclusive read_and_treat_AR_exclusive
read_and_treat_AR_exclusive read_and_treat_AR_exclusive
read_and_treat_AR_exclusive read_and_treat_AR_exclusive
read_and_treat_AR_exclusive read_and_treat_AR_exclusive
read_and_treat_AR_exclusive read_and_treat_AR_exclusive
read_and_treat_AR_exclusive_WD read_and_treat_AR_exclusive_WD
+++ working on night --- 2024-08-19 +++
read_and_treat_AR_exclusive read_and_treat_AR_exclusive
read_and_treat_AR_exclusive read_and_treat_AR_exclusive
read_and_treat_AR_exclusive read_and_treat_AR_exclusive
read_and_treat_AR_exclusive read_and_treat_AR_exclusive
read_and_treat_AR_exclusive read_and_treat_AR_exclusive
read_and_treat_AR_exclusive read_and_treat_AR_exclusive
read_and_treat_AR_exclusive_WD read_and_treat_AR_exclusive_WD
+++ working on night --- 2024-08-20 +++
tail: cannot open ‘/TERASTARMET/FATE_BACKUPS_mesohp1/AUTOMATION_OUTPUTS/AUTOREGRESSION_night3/postproc/DAT_ARCHIVE/20240820_see_evol_time_Height_5_20000_TELEMETRY_output_night.dat’ for reading: No such file or directory
read_and_treat_AR_exclusive read_and_treat_AR_exclusive
tail: cannot open ‘/TERASTARMET/FATE_BACKUPS_mesohp1/AUTOMATION_OUTPUTS/AUTOREGRESSION_night3/postproc/DAT_ARCHIVE/20240820_tau_evol_time_Height_5_20000_TELEMETRY_output_night.dat’ for reading: No such file or directory
read_and_treat_AR_exclusive read_and_treat_AR_exclusive
tail: cannot open ‘/TERASTARMET/FATE_BACKUPS_mesohp1/AUTOMATION_OUTPUTS/AUTOREGRESSION_night3/postproc/DAT_ARCHIVE/20240820_glf_evol_time_Height_5_20000_TELEMETRY_output_night.dat’ for reading: No such file or directory
read_and_treat_AR_exclusive read_and_treat_AR_exclusive
read_and_treat_AR_exclusive read_and_treat_AR_exclusive
read_and_treat_AR_exclusive read_and_treat_AR_exclusive
read_and_treat_AR_exclusive read_and_treat_AR_exclusive
read_and_treat_AR_exclusive_WD read_and_treat_AR_exclusive_WD
mv: cannot stat ‘SEE_ARevol_1H_nig3*.dat’: No such file or directory
mv: cannot stat ‘TAU_ARevol_1H_nig3*.dat’: No such file or directory
mv: cannot stat ‘GLF_ARevol_1H_nig3*.dat’: No such file or directory
+++ working on night --- 2024-08-21 +++
read_and_treat_AR_exclusive read_and_treat_AR_exclusive
read_and_treat_AR_exclusive read_and_treat_AR_exclusive
read_and_treat_AR_exclusive read_and_treat_AR_exclusive
read_and_treat_AR_exclusive read_and_treat_AR_exclusive
read_and_treat_AR_exclusive read_and_treat_AR_exclusive
read_and_treat_AR_exclusive read_and_treat_AR_exclusive
read_and_treat_AR_exclusive_WD read_and_treat_AR_exclusive_WD
+++ working on night --- 2024-08-22 +++
read_and_treat_AR_exclusive read_and_treat_AR_exclusive
read_and_treat_AR_exclusive read_and_treat_AR_exclusive
read_and_treat_AR_exclusive read_and_treat_AR_exclusive
read_and_treat_AR_exclusive read_and_treat_AR_exclusive
read_and_treat_AR_exclusive read_and_treat_AR_exclusive
read_and_treat_AR_exclusive read_and_treat_AR_exclusive
read_and_treat_AR_exclusive_WD read_and_treat_AR_exclusive_WD
+++ working on night --- 2024-08-23 +++
read_and_treat_AR_exclusive read_and_treat_AR_exclusive
read_and_treat_AR_exclusive read_and_treat_AR_exclusive
read_and_treat_AR_exclusive read_and_treat_AR_exclusive
read_and_treat_AR_exclusive read_and_treat_AR_exclusive
read_and_treat_AR_exclusive read_and_treat_AR_exclusive
read_and_treat_AR_exclusive read_and_treat_AR_exclusive
read_and_treat_AR_exclusive_WD read_and_treat_AR_exclusive_WD
+++ working on night --- 2024-08-24 +++
read_and_treat_AR_exclusive read_and_treat_AR_exclusive
read_and_treat_AR_exclusive read_and_treat_AR_exclusive
read_and_treat_AR_exclusive read_and_treat_AR_exclusive
read_and_treat_AR_exclusive read_and_treat_AR_exclusive
read_and_treat_AR_exclusive read_and_treat_AR_exclusive
read_and_treat_AR_exclusive read_and_treat_AR_exclusive
read_and_treat_AR_exclusive_WD read_and_treat_AR_exclusive_WD
+++ working on night --- 2024-08-25 +++
read_and_treat_AR_exclusive read_and_treat_AR_exclusive
read_and_treat_AR_exclusive read_and_treat_AR_exclusive
read_and_treat_AR_exclusive read_and_treat_AR_exclusive
read_and_treat_AR_exclusive read_and_treat_AR_exclusive
read_and_treat_AR_exclusive read_and_treat_AR_exclusive
read_and_treat_AR_exclusive read_and_treat_AR_exclusive
read_and_treat_AR_exclusive_WD read_and_treat_AR_exclusive_WD
+++ working on night --- 2024-08-26 +++
read_and_treat_AR_exclusive read_and_treat_AR_exclusive
read_and_treat_AR_exclusive read_and_treat_AR_exclusive
read_and_treat_AR_exclusive read_and_treat_AR_exclusive
read_and_treat_AR_exclusive read_and_treat_AR_exclusive
read_and_treat_AR_exclusive read_and_treat_AR_exclusive
read_and_treat_AR_exclusive read_and_treat_AR_exclusive
read_and_treat_AR_exclusive_WD read_and_treat_AR_exclusive_WD
+++ working on night --- 2024-08-27 +++
read_and_treat_AR_exclusive read_and_treat_AR_exclusive
read_and_treat_AR_exclusive read_and_treat_AR_exclusive
read_and_treat_AR_exclusive read_and_treat_AR_exclusive
read_and_treat_AR_exclusive read_and_treat_AR_exclusive
read_and_treat_AR_exclusive read_and_treat_AR_exclusive
read_and_treat_AR_exclusive read_and_treat_AR_exclusive
read_and_treat_AR_exclusive_WD read_and_treat_AR_exclusive_WD
+++ working on night --- 2024-08-28 +++
read_and_treat_AR_exclusive read_and_treat_AR_exclusive
tail: cannot open ‘/TERASTARMET/FATE_BACKUPS_mesohp1/AUTOMATION_OUTPUTS/AUTOREGRESSION_night3/postproc/DAT_ARCHIVE/20240828_tau_evol_time_Height_5_20000_TELEMETRY_output_night.dat’ for reading: No such file or directory
read_and_treat_AR_exclusive read_and_treat_AR_exclusive
read_and_treat_AR_exclusive read_and_treat_AR_exclusive
read_and_treat_AR_exclusive read_and_treat_AR_exclusive
read_and_treat_AR_exclusive read_and_treat_AR_exclusive
read_and_treat_AR_exclusive read_and_treat_AR_exclusive
read_and_treat_AR_exclusive_WD read_and_treat_AR_exclusive_WD
mv: cannot stat ‘TAU_ARevol_1H_nig3*.dat’: No such file or directory
+++ working on night --- 2024-08-29 +++
read_and_treat_AR_exclusive read_and_treat_AR_exclusive
read_and_treat_AR_exclusive read_and_treat_AR_exclusive
read_and_treat_AR_exclusive read_and_treat_AR_exclusive
read_and_treat_AR_exclusive read_and_treat_AR_exclusive
read_and_treat_AR_exclusive read_and_treat_AR_exclusive
read_and_treat_AR_exclusive read_and_treat_AR_exclusive
read_and_treat_AR_exclusive_WD read_and_treat_AR_exclusive_WD
+++ working on night --- 2024-08-30 +++
read_and_treat_AR_exclusive read_and_treat_AR_exclusive
read_and_treat_AR_exclusive read_and_treat_AR_exclusive
read_and_treat_AR_exclusive read_and_treat_AR_exclusive
read_and_treat_AR_exclusive read_and_treat_AR_exclusive
read_and_treat_AR_exclusive read_and_treat_AR_exclusive
read_and_treat_AR_exclusive read_and_treat_AR_exclusive
read_and_treat_AR_exclusive_WD read_and_treat_AR_exclusive_WD
+++ working on night --- 2024-08-31 +++
read_and_treat_AR_exclusive read_and_treat_AR_exclusive
read_and_treat_AR_exclusive read_and_treat_AR_exclusive
read_and_treat_AR_exclusive read_and_treat_AR_exclusive
read_and_treat_AR_exclusive read_and_treat_AR_exclusive
read_and_treat_AR_exclusive read_and_treat_AR_exclusive
read_and_treat_AR_exclusive read_and_treat_AR_exclusive
read_and_treat_AR_exclusive_WD read_and_treat_AR_exclusive_WD
+++ working on night --- 2024-09-01 +++
read_and_treat_AR_exclusive read_and_treat_AR_exclusive
read_and_treat_AR_exclusive read_and_treat_AR_exclusive
read_and_treat_AR_exclusive read_and_treat_AR_exclusive
read_and_treat_AR_exclusive read_and_treat_AR_exclusive
read_and_treat_AR_exclusive read_and_treat_AR_exclusive
read_and_treat_AR_exclusive read_and_treat_AR_exclusive
read_and_treat_AR_exclusive_WD read_and_treat_AR_exclusive_WD
+++ working on night --- 2024-09-02 +++
tail: cannot open ‘/TERASTARMET/FATE_BACKUPS_mesohp1/AUTOMATION_OUTPUTS/AUTOREGRESSION_night3/postproc/DAT_ARCHIVE/20240902_see_evol_time_Height_5_20000_TELEMETRY_output_night.dat’ for reading: No such file or directory
read_and_treat_AR_exclusive read_and_treat_AR_exclusive
tail: cannot open ‘/TERASTARMET/FATE_BACKUPS_mesohp1/AUTOMATION_OUTPUTS/AUTOREGRESSION_night3/postproc/DAT_ARCHIVE/20240902_tau_evol_time_Height_5_20000_TELEMETRY_output_night.dat’ for reading: No such file or directory
read_and_treat_AR_exclusive read_and_treat_AR_exclusive
tail: cannot open ‘/TERASTARMET/FATE_BACKUPS_mesohp1/AUTOMATION_OUTPUTS/AUTOREGRESSION_night3/postproc/DAT_ARCHIVE/20240902_glf_evol_time_Height_5_20000_TELEMETRY_output_night.dat’ for reading: No such file or directory
read_and_treat_AR_exclusive read_and_treat_AR_exclusive
read_and_treat_AR_exclusive read_and_treat_AR_exclusive
read_and_treat_AR_exclusive read_and_treat_AR_exclusive
read_and_treat_AR_exclusive read_and_treat_AR_exclusive
read_and_treat_AR_exclusive_WD read_and_treat_AR_exclusive_WD
mv: cannot stat ‘SEE_ARevol_1H_nig3*.dat’: No such file or directory
mv: cannot stat ‘TAU_ARevol_1H_nig3*.dat’: No such file or directory
mv: cannot stat ‘GLF_ARevol_1H_nig3*.dat’: No such file or directory
+++ working on night --- 2024-09-03 +++
read_and_treat_AR_exclusive read_and_treat_AR_exclusive
read_and_treat_AR_exclusive read_and_treat_AR_exclusive
read_and_treat_AR_exclusive read_and_treat_AR_exclusive
read_and_treat_AR_exclusive read_and_treat_AR_exclusive
read_and_treat_AR_exclusive read_and_treat_AR_exclusive
read_and_treat_AR_exclusive read_and_treat_AR_exclusive
read_and_treat_AR_exclusive_WD read_and_treat_AR_exclusive_WD
+++ working on night --- 2024-09-04 +++
read_and_treat_AR_exclusive read_and_treat_AR_exclusive
read_and_treat_AR_exclusive read_and_treat_AR_exclusive
read_and_treat_AR_exclusive read_and_treat_AR_exclusive
read_and_treat_AR_exclusive read_and_treat_AR_exclusive
read_and_treat_AR_exclusive read_and_treat_AR_exclusive
read_and_treat_AR_exclusive read_and_treat_AR_exclusive
read_and_treat_AR_exclusive_WD read_and_treat_AR_exclusive_WD
+++ working on night --- 2024-09-05 +++
read_and_treat_AR_exclusive read_and_treat_AR_exclusive
read_and_treat_AR_exclusive read_and_treat_AR_exclusive
read_and_treat_AR_exclusive read_and_treat_AR_exclusive
read_and_treat_AR_exclusive read_and_treat_AR_exclusive
read_and_treat_AR_exclusive read_and_treat_AR_exclusive
read_and_treat_AR_exclusive read_and_treat_AR_exclusive
read_and_treat_AR_exclusive_WD read_and_treat_AR_exclusive_WD
+++ working on night --- 2024-09-06 +++
read_and_treat_AR_exclusive read_and_treat_AR_exclusive
read_and_treat_AR_exclusive read_and_treat_AR_exclusive
read_and_treat_AR_exclusive read_and_treat_AR_exclusive
read_and_treat_AR_exclusive read_and_treat_AR_exclusive
read_and_treat_AR_exclusive read_and_treat_AR_exclusive
read_and_treat_AR_exclusive read_and_treat_AR_exclusive
read_and_treat_AR_exclusive_WD read_and_treat_AR_exclusive_WD
+++ working on night --- 2024-09-07 +++
read_and_treat_AR_exclusive read_and_treat_AR_exclusive
read_and_treat_AR_exclusive read_and_treat_AR_exclusive
read_and_treat_AR_exclusive read_and_treat_AR_exclusive
read_and_treat_AR_exclusive read_and_treat_AR_exclusive
read_and_treat_AR_exclusive read_and_treat_AR_exclusive
read_and_treat_AR_exclusive read_and_treat_AR_exclusive
read_and_treat_AR_exclusive_WD read_and_treat_AR_exclusive_WD
+++ working on night --- 2024-09-08 +++
read_and_treat_AR_exclusive read_and_treat_AR_exclusive
read_and_treat_AR_exclusive read_and_treat_AR_exclusive
read_and_treat_AR_exclusive read_and_treat_AR_exclusive
read_and_treat_AR_exclusive read_and_treat_AR_exclusive
read_and_treat_AR_exclusive read_and_treat_AR_exclusive
read_and_treat_AR_exclusive read_and_treat_AR_exclusive
read_and_treat_AR_exclusive_WD read_and_treat_AR_exclusive_WD
+++ working on night --- 2024-09-09 +++
read_and_treat_AR_exclusive read_and_treat_AR_exclusive
read_and_treat_AR_exclusive read_and_treat_AR_exclusive
read_and_treat_AR_exclusive read_and_treat_AR_exclusive
read_and_treat_AR_exclusive read_and_treat_AR_exclusive
read_and_treat_AR_exclusive read_and_treat_AR_exclusive
read_and_treat_AR_exclusive read_and_treat_AR_exclusive
read_and_treat_AR_exclusive_WD read_and_treat_AR_exclusive_WD
+++ working on night --- 2024-09-10 +++
read_and_treat_AR_exclusive read_and_treat_AR_exclusive
read_and_treat_AR_exclusive read_and_treat_AR_exclusive
read_and_treat_AR_exclusive read_and_treat_AR_exclusive
read_and_treat_AR_exclusive read_and_treat_AR_exclusive
read_and_treat_AR_exclusive read_and_treat_AR_exclusive
read_and_treat_AR_exclusive read_and_treat_AR_exclusive
read_and_treat_AR_exclusive_WD read_and_treat_AR_exclusive_WD
+++ working on night --- 2024-09-11 +++
read_and_treat_AR_exclusive read_and_treat_AR_exclusive
read_and_treat_AR_exclusive read_and_treat_AR_exclusive
read_and_treat_AR_exclusive read_and_treat_AR_exclusive
read_and_treat_AR_exclusive read_and_treat_AR_exclusive
read_and_treat_AR_exclusive read_and_treat_AR_exclusive
read_and_treat_AR_exclusive read_and_treat_AR_exclusive
read_and_treat_AR_exclusive_WD read_and_treat_AR_exclusive_WD
+++ working on night --- 2024-09-12 +++
read_and_treat_AR_exclusive read_and_treat_AR_exclusive
read_and_treat_AR_exclusive read_and_treat_AR_exclusive
read_and_treat_AR_exclusive read_and_treat_AR_exclusive
read_and_treat_AR_exclusive read_and_treat_AR_exclusive
read_and_treat_AR_exclusive read_and_treat_AR_exclusive
read_and_treat_AR_exclusive read_and_treat_AR_exclusive
read_and_treat_AR_exclusive_WD read_and_treat_AR_exclusive_WD
+++ working on night --- 2024-09-13 +++
read_and_treat_AR_exclusive read_and_treat_AR_exclusive
read_and_treat_AR_exclusive read_and_treat_AR_exclusive
read_and_treat_AR_exclusive read_and_treat_AR_exclusive
read_and_treat_AR_exclusive read_and_treat_AR_exclusive
read_and_treat_AR_exclusive read_and_treat_AR_exclusive
read_and_treat_AR_exclusive read_and_treat_AR_exclusive
read_and_treat_AR_exclusive_WD read_and_treat_AR_exclusive_WD
+++ working on night --- 2024-09-14 +++
read_and_treat_AR_exclusive read_and_treat_AR_exclusive
read_and_treat_AR_exclusive read_and_treat_AR_exclusive
read_and_treat_AR_exclusive read_and_treat_AR_exclusive
read_and_treat_AR_exclusive read_and_treat_AR_exclusive
read_and_treat_AR_exclusive read_and_treat_AR_exclusive
read_and_treat_AR_exclusive read_and_treat_AR_exclusive
read_and_treat_AR_exclusive_WD read_and_treat_AR_exclusive_WD
+++ working on night --- 2024-09-15 +++
read_and_treat_AR_exclusive read_and_treat_AR_exclusive
read_and_treat_AR_exclusive read_and_treat_AR_exclusive
read_and_treat_AR_exclusive read_and_treat_AR_exclusive
read_and_treat_AR_exclusive read_and_treat_AR_exclusive
read_and_treat_AR_exclusive read_and_treat_AR_exclusive
read_and_treat_AR_exclusive read_and_treat_AR_exclusive
read_and_treat_AR_exclusive_WD read_and_treat_AR_exclusive_WD
+++ working on night --- 2024-09-16 +++
read_and_treat_AR_exclusive read_and_treat_AR_exclusive
read_and_treat_AR_exclusive read_and_treat_AR_exclusive
read_and_treat_AR_exclusive read_and_treat_AR_exclusive
read_and_treat_AR_exclusive read_and_treat_AR_exclusive
read_and_treat_AR_exclusive read_and_treat_AR_exclusive
read_and_treat_AR_exclusive read_and_treat_AR_exclusive
read_and_treat_AR_exclusive_WD read_and_treat_AR_exclusive_WD
+++ working on night --- 2024-09-17 +++
read_and_treat_AR_exclusive read_and_treat_AR_exclusive
read_and_treat_AR_exclusive read_and_treat_AR_exclusive
read_and_treat_AR_exclusive read_and_treat_AR_exclusive
read_and_treat_AR_exclusive read_and_treat_AR_exclusive
read_and_treat_AR_exclusive read_and_treat_AR_exclusive
read_and_treat_AR_exclusive read_and_treat_AR_exclusive
read_and_treat_AR_exclusive_WD read_and_treat_AR_exclusive_WD
+++ working on night --- 2024-09-18 +++
read_and_treat_AR_exclusive read_and_treat_AR_exclusive
read_and_treat_AR_exclusive read_and_treat_AR_exclusive
read_and_treat_AR_exclusive read_and_treat_AR_exclusive
read_and_treat_AR_exclusive read_and_treat_AR_exclusive
read_and_treat_AR_exclusive read_and_treat_AR_exclusive
read_and_treat_AR_exclusive read_and_treat_AR_exclusive
read_and_treat_AR_exclusive_WD read_and_treat_AR_exclusive_WD
+++ working on night --- 2024-09-19 +++
read_and_treat_AR_exclusive read_and_treat_AR_exclusive
read_and_treat_AR_exclusive read_and_treat_AR_exclusive
read_and_treat_AR_exclusive read_and_treat_AR_exclusive
read_and_treat_AR_exclusive read_and_treat_AR_exclusive
read_and_treat_AR_exclusive read_and_treat_AR_exclusive
read_and_treat_AR_exclusive read_and_treat_AR_exclusive
read_and_treat_AR_exclusive_WD read_and_treat_AR_exclusive_WD
+++ working on night --- 2024-09-20 +++
read_and_treat_AR_exclusive read_and_treat_AR_exclusive
read_and_treat_AR_exclusive read_and_treat_AR_exclusive
read_and_treat_AR_exclusive read_and_treat_AR_exclusive
read_and_treat_AR_exclusive read_and_treat_AR_exclusive
read_and_treat_AR_exclusive read_and_treat_AR_exclusive
read_and_treat_AR_exclusive read_and_treat_AR_exclusive
read_and_treat_AR_exclusive_WD read_and_treat_AR_exclusive_WD
+++ working on night --- 2024-09-21 +++
read_and_treat_AR_exclusive read_and_treat_AR_exclusive
read_and_treat_AR_exclusive read_and_treat_AR_exclusive
read_and_treat_AR_exclusive read_and_treat_AR_exclusive
read_and_treat_AR_exclusive read_and_treat_AR_exclusive
read_and_treat_AR_exclusive read_and_treat_AR_exclusive
read_and_treat_AR_exclusive read_and_treat_AR_exclusive
read_and_treat_AR_exclusive_WD read_and_treat_AR_exclusive_WD
+++ working on night --- 2024-09-22 +++
read_and_treat_AR_exclusive read_and_treat_AR_exclusive
read_and_treat_AR_exclusive read_and_treat_AR_exclusive
read_and_treat_AR_exclusive read_and_treat_AR_exclusive
read_and_treat_AR_exclusive read_and_treat_AR_exclusive
read_and_treat_AR_exclusive read_and_treat_AR_exclusive
read_and_treat_AR_exclusive read_and_treat_AR_exclusive
read_and_treat_AR_exclusive_WD read_and_treat_AR_exclusive_WD
+++ working on night --- 2024-09-23 +++
read_and_treat_AR_exclusive read_and_treat_AR_exclusive
read_and_treat_AR_exclusive read_and_treat_AR_exclusive
read_and_treat_AR_exclusive read_and_treat_AR_exclusive
read_and_treat_AR_exclusive read_and_treat_AR_exclusive
read_and_treat_AR_exclusive read_and_treat_AR_exclusive
read_and_treat_AR_exclusive read_and_treat_AR_exclusive
read_and_treat_AR_exclusive_WD read_and_treat_AR_exclusive_WD
+++ working on night --- 2024-09-24 +++
read_and_treat_AR_exclusive read_and_treat_AR_exclusive
read_and_treat_AR_exclusive read_and_treat_AR_exclusive
read_and_treat_AR_exclusive read_and_treat_AR_exclusive
read_and_treat_AR_exclusive read_and_treat_AR_exclusive
read_and_treat_AR_exclusive read_and_treat_AR_exclusive
read_and_treat_AR_exclusive read_and_treat_AR_exclusive
read_and_treat_AR_exclusive_WD read_and_treat_AR_exclusive_WD
+++ working on night --- 2024-09-25 +++
read_and_treat_AR_exclusive read_and_treat_AR_exclusive
read_and_treat_AR_exclusive read_and_treat_AR_exclusive
read_and_treat_AR_exclusive read_and_treat_AR_exclusive
read_and_treat_AR_exclusive read_and_treat_AR_exclusive
read_and_treat_AR_exclusive read_and_treat_AR_exclusive
read_and_treat_AR_exclusive read_and_treat_AR_exclusive
read_and_treat_AR_exclusive_WD read_and_treat_AR_exclusive_WD
+++ working on night --- 2024-09-26 +++
read_and_treat_AR_exclusive read_and_treat_AR_exclusive
read_and_treat_AR_exclusive read_and_treat_AR_exclusive
read_and_treat_AR_exclusive read_and_treat_AR_exclusive
read_and_treat_AR_exclusive read_and_treat_AR_exclusive
read_and_treat_AR_exclusive read_and_treat_AR_exclusive
read_and_treat_AR_exclusive read_and_treat_AR_exclusive
read_and_treat_AR_exclusive_WD read_and_treat_AR_exclusive_WD
+++ working on night --- 2024-09-27 +++
read_and_treat_AR_exclusive read_and_treat_AR_exclusive
read_and_treat_AR_exclusive read_and_treat_AR_exclusive
read_and_treat_AR_exclusive read_and_treat_AR_exclusive
read_and_treat_AR_exclusive read_and_treat_AR_exclusive
read_and_treat_AR_exclusive read_and_treat_AR_exclusive
read_and_treat_AR_exclusive read_and_treat_AR_exclusive
read_and_treat_AR_exclusive_WD read_and_treat_AR_exclusive_WD
+++ working on night --- 2024-09-28 +++
read_and_treat_AR_exclusive read_and_treat_AR_exclusive
read_and_treat_AR_exclusive read_and_treat_AR_exclusive
read_and_treat_AR_exclusive read_and_treat_AR_exclusive
read_and_treat_AR_exclusive read_and_treat_AR_exclusive
read_and_treat_AR_exclusive read_and_treat_AR_exclusive
read_and_treat_AR_exclusive read_and_treat_AR_exclusive
read_and_treat_AR_exclusive_WD read_and_treat_AR_exclusive_WD
+++ working on night --- 2024-09-29 +++
read_and_treat_AR_exclusive read_and_treat_AR_exclusive
read_and_treat_AR_exclusive read_and_treat_AR_exclusive
read_and_treat_AR_exclusive read_and_treat_AR_exclusive
read_and_treat_AR_exclusive read_and_treat_AR_exclusive
read_and_treat_AR_exclusive read_and_treat_AR_exclusive
read_and_treat_AR_exclusive read_and_treat_AR_exclusive
read_and_treat_AR_exclusive_WD read_and_treat_AR_exclusive_WD
+++ working on night --- 2024-09-30 +++
read_and_treat_AR_exclusive read_and_treat_AR_exclusive
read_and_treat_AR_exclusive read_and_treat_AR_exclusive
read_and_treat_AR_exclusive read_and_treat_AR_exclusive
read_and_treat_AR_exclusive read_and_treat_AR_exclusive
read_and_treat_AR_exclusive read_and_treat_AR_exclusive
read_and_treat_AR_exclusive read_and_treat_AR_exclusive
read_and_treat_AR_exclusive_WD read_and_treat_AR_exclusive_WD
+++ working on night --- 2024-10-01 +++
read_and_treat_AR_exclusive read_and_treat_AR_exclusive
read_and_treat_AR_exclusive read_and_treat_AR_exclusive
read_and_treat_AR_exclusive read_and_treat_AR_exclusive
read_and_treat_AR_exclusive read_and_treat_AR_exclusive
read_and_treat_AR_exclusive read_and_treat_AR_exclusive
read_and_treat_AR_exclusive read_and_treat_AR_exclusive
read_and_treat_AR_exclusive_WD read_and_treat_AR_exclusive_WD
+++ working on night --- 2024-10-02 +++
read_and_treat_AR_exclusive read_and_treat_AR_exclusive
read_and_treat_AR_exclusive read_and_treat_AR_exclusive
read_and_treat_AR_exclusive read_and_treat_AR_exclusive
read_and_treat_AR_exclusive read_and_treat_AR_exclusive
read_and_treat_AR_exclusive read_and_treat_AR_exclusive
read_and_treat_AR_exclusive read_and_treat_AR_exclusive
read_and_treat_AR_exclusive_WD read_and_treat_AR_exclusive_WD
+++ working on night --- 2024-10-03 +++
read_and_treat_AR_exclusive read_and_treat_AR_exclusive
read_and_treat_AR_exclusive read_and_treat_AR_exclusive
read_and_treat_AR_exclusive read_and_treat_AR_exclusive
read_and_treat_AR_exclusive read_and_treat_AR_exclusive
read_and_treat_AR_exclusive read_and_treat_AR_exclusive
read_and_treat_AR_exclusive read_and_treat_AR_exclusive
read_and_treat_AR_exclusive_WD read_and_treat_AR_exclusive_WD
+++ working on night --- 2024-10-04 +++
read_and_treat_AR_exclusive read_and_treat_AR_exclusive
read_and_treat_AR_exclusive read_and_treat_AR_exclusive
read_and_treat_AR_exclusive read_and_treat_AR_exclusive
read_and_treat_AR_exclusive read_and_treat_AR_exclusive
read_and_treat_AR_exclusive read_and_treat_AR_exclusive
read_and_treat_AR_exclusive read_and_treat_AR_exclusive
read_and_treat_AR_exclusive_WD read_and_treat_AR_exclusive_WD
+++ working on night --- 2024-10-05 +++
read_and_treat_AR_exclusive read_and_treat_AR_exclusive
read_and_treat_AR_exclusive read_and_treat_AR_exclusive
read_and_treat_AR_exclusive read_and_treat_AR_exclusive
read_and_treat_AR_exclusive read_and_treat_AR_exclusive
read_and_treat_AR_exclusive read_and_treat_AR_exclusive
read_and_treat_AR_exclusive read_and_treat_AR_exclusive
read_and_treat_AR_exclusive_WD read_and_treat_AR_exclusive_WD
+++ working on night --- 2024-10-06 +++
tail: cannot open ‘/TERASTARMET/FATE_BACKUPS_mesohp1/AUTOMATION_OUTPUTS/AUTOREGRESSION_night3/postproc/DAT_ARCHIVE/20241006_see_evol_time_Height_5_20000_TELEMETRY_output_night.dat’ for reading: No such file or directory
read_and_treat_AR_exclusive read_and_treat_AR_exclusive
tail: cannot open ‘/TERASTARMET/FATE_BACKUPS_mesohp1/AUTOMATION_OUTPUTS/AUTOREGRESSION_night3/postproc/DAT_ARCHIVE/20241006_tau_evol_time_Height_5_20000_TELEMETRY_output_night.dat’ for reading: No such file or directory
read_and_treat_AR_exclusive read_and_treat_AR_exclusive
tail: cannot open ‘/TERASTARMET/FATE_BACKUPS_mesohp1/AUTOMATION_OUTPUTS/AUTOREGRESSION_night3/postproc/DAT_ARCHIVE/20241006_glf_evol_time_Height_5_20000_TELEMETRY_output_night.dat’ for reading: No such file or directory
read_and_treat_AR_exclusive read_and_treat_AR_exclusive
read_and_treat_AR_exclusive read_and_treat_AR_exclusive
read_and_treat_AR_exclusive read_and_treat_AR_exclusive
read_and_treat_AR_exclusive read_and_treat_AR_exclusive
read_and_treat_AR_exclusive_WD read_and_treat_AR_exclusive_WD
mv: cannot stat ‘SEE_ARevol_1H_nig3*.dat’: No such file or directory
mv: cannot stat ‘TAU_ARevol_1H_nig3*.dat’: No such file or directory
mv: cannot stat ‘GLF_ARevol_1H_nig3*.dat’: No such file or directory
+++ working on night --- 2024-10-07 +++
tail: cannot open ‘/TERASTARMET/FATE_BACKUPS_mesohp1/AUTOMATION_OUTPUTS/AUTOREGRESSION_night3/postproc/DAT_ARCHIVE/20241007_see_evol_time_Height_5_20000_TELEMETRY_output_night.dat’ for reading: No such file or directory
read_and_treat_AR_exclusive read_and_treat_AR_exclusive
tail: cannot open ‘/TERASTARMET/FATE_BACKUPS_mesohp1/AUTOMATION_OUTPUTS/AUTOREGRESSION_night3/postproc/DAT_ARCHIVE/20241007_tau_evol_time_Height_5_20000_TELEMETRY_output_night.dat’ for reading: No such file or directory
read_and_treat_AR_exclusive read_and_treat_AR_exclusive
tail: cannot open ‘/TERASTARMET/FATE_BACKUPS_mesohp1/AUTOMATION_OUTPUTS/AUTOREGRESSION_night3/postproc/DAT_ARCHIVE/20241007_glf_evol_time_Height_5_20000_TELEMETRY_output_night.dat’ for reading: No such file or directory
read_and_treat_AR_exclusive read_and_treat_AR_exclusive
read_and_treat_AR_exclusive read_and_treat_AR_exclusive
read_and_treat_AR_exclusive read_and_treat_AR_exclusive
read_and_treat_AR_exclusive read_and_treat_AR_exclusive
read_and_treat_AR_exclusive_WD read_and_treat_AR_exclusive_WD
mv: cannot stat ‘SEE_ARevol_1H_nig3*.dat’: No such file or directory
mv: cannot stat ‘TAU_ARevol_1H_nig3*.dat’: No such file or directory
mv: cannot stat ‘GLF_ARevol_1H_nig3*.dat’: No such file or directory
+++ working on night --- 2024-10-08 +++
tail: cannot open ‘/TERASTARMET/FATE_BACKUPS_mesohp1/AUTOMATION_OUTPUTS/AUTOREGRESSION_night3/postproc/DAT_ARCHIVE/20241008_see_evol_time_Height_5_20000_TELEMETRY_output_night.dat’ for reading: No such file or directory
read_and_treat_AR_exclusive read_and_treat_AR_exclusive
tail: cannot open ‘/TERASTARMET/FATE_BACKUPS_mesohp1/AUTOMATION_OUTPUTS/AUTOREGRESSION_night3/postproc/DAT_ARCHIVE/20241008_tau_evol_time_Height_5_20000_TELEMETRY_output_night.dat’ for reading: No such file or directory
read_and_treat_AR_exclusive read_and_treat_AR_exclusive
tail: cannot open ‘/TERASTARMET/FATE_BACKUPS_mesohp1/AUTOMATION_OUTPUTS/AUTOREGRESSION_night3/postproc/DAT_ARCHIVE/20241008_glf_evol_time_Height_5_20000_TELEMETRY_output_night.dat’ for reading: No such file or directory
read_and_treat_AR_exclusive read_and_treat_AR_exclusive
read_and_treat_AR_exclusive read_and_treat_AR_exclusive
read_and_treat_AR_exclusive read_and_treat_AR_exclusive
read_and_treat_AR_exclusive read_and_treat_AR_exclusive
read_and_treat_AR_exclusive_WD read_and_treat_AR_exclusive_WD
mv: cannot stat ‘SEE_ARevol_1H_nig3*.dat’: No such file or directory
mv: cannot stat ‘TAU_ARevol_1H_nig3*.dat’: No such file or directory
mv: cannot stat ‘GLF_ARevol_1H_nig3*.dat’: No such file or directory
+++ working on night --- 2024-10-09 +++
read_and_treat_AR_exclusive read_and_treat_AR_exclusive
read_and_treat_AR_exclusive read_and_treat_AR_exclusive
read_and_treat_AR_exclusive read_and_treat_AR_exclusive
read_and_treat_AR_exclusive read_and_treat_AR_exclusive
read_and_treat_AR_exclusive read_and_treat_AR_exclusive
read_and_treat_AR_exclusive read_and_treat_AR_exclusive
read_and_treat_AR_exclusive_WD read_and_treat_AR_exclusive_WD
+++ working on night --- 2024-10-10 +++
read_and_treat_AR_exclusive read_and_treat_AR_exclusive
read_and_treat_AR_exclusive read_and_treat_AR_exclusive
read_and_treat_AR_exclusive read_and_treat_AR_exclusive
read_and_treat_AR_exclusive read_and_treat_AR_exclusive
read_and_treat_AR_exclusive read_and_treat_AR_exclusive
read_and_treat_AR_exclusive read_and_treat_AR_exclusive
read_and_treat_AR_exclusive_WD read_and_treat_AR_exclusive_WD
+++ working on night --- 2024-10-11 +++
read_and_treat_AR_exclusive read_and_treat_AR_exclusive
read_and_treat_AR_exclusive read_and_treat_AR_exclusive
read_and_treat_AR_exclusive read_and_treat_AR_exclusive
read_and_treat_AR_exclusive read_and_treat_AR_exclusive
read_and_treat_AR_exclusive read_and_treat_AR_exclusive
read_and_treat_AR_exclusive read_and_treat_AR_exclusive
read_and_treat_AR_exclusive_WD read_and_treat_AR_exclusive_WD
+++ working on night --- 2024-10-12 +++
read_and_treat_AR_exclusive read_and_treat_AR_exclusive
read_and_treat_AR_exclusive read_and_treat_AR_exclusive
read_and_treat_AR_exclusive read_and_treat_AR_exclusive
read_and_treat_AR_exclusive read_and_treat_AR_exclusive
read_and_treat_AR_exclusive read_and_treat_AR_exclusive
read_and_treat_AR_exclusive read_and_treat_AR_exclusive
read_and_treat_AR_exclusive_WD read_and_treat_AR_exclusive_WD
+++ working on night --- 2024-10-13 +++
read_and_treat_AR_exclusive read_and_treat_AR_exclusive
read_and_treat_AR_exclusive read_and_treat_AR_exclusive
read_and_treat_AR_exclusive read_and_treat_AR_exclusive
read_and_treat_AR_exclusive read_and_treat_AR_exclusive
read_and_treat_AR_exclusive read_and_treat_AR_exclusive
read_and_treat_AR_exclusive read_and_treat_AR_exclusive
read_and_treat_AR_exclusive_WD read_and_treat_AR_exclusive_WD
+++ working on night --- 2024-10-15 +++
read_and_treat_AR_exclusive read_and_treat_AR_exclusive
read_and_treat_AR_exclusive read_and_treat_AR_exclusive
read_and_treat_AR_exclusive read_and_treat_AR_exclusive
read_and_treat_AR_exclusive read_and_treat_AR_exclusive
read_and_treat_AR_exclusive read_and_treat_AR_exclusive
read_and_treat_AR_exclusive read_and_treat_AR_exclusive
read_and_treat_AR_exclusive_WD read_and_treat_AR_exclusive_WD
+++ working on night --- 2024-10-16 +++
read_and_treat_AR_exclusive read_and_treat_AR_exclusive
read_and_treat_AR_exclusive read_and_treat_AR_exclusive
read_and_treat_AR_exclusive read_and_treat_AR_exclusive
read_and_treat_AR_exclusive read_and_treat_AR_exclusive
read_and_treat_AR_exclusive read_and_treat_AR_exclusive
read_and_treat_AR_exclusive read_and_treat_AR_exclusive
read_and_treat_AR_exclusive_WD read_and_treat_AR_exclusive_WD
+++ working on night --- 2024-10-17 +++
read_and_treat_AR_exclusive read_and_treat_AR_exclusive
read_and_treat_AR_exclusive read_and_treat_AR_exclusive
read_and_treat_AR_exclusive read_and_treat_AR_exclusive
read_and_treat_AR_exclusive read_and_treat_AR_exclusive
read_and_treat_AR_exclusive read_and_treat_AR_exclusive
read_and_treat_AR_exclusive read_and_treat_AR_exclusive
read_and_treat_AR_exclusive_WD read_and_treat_AR_exclusive_WD
+++ working on night --- 2024-10-18 +++
read_and_treat_AR_exclusive read_and_treat_AR_exclusive
read_and_treat_AR_exclusive read_and_treat_AR_exclusive
read_and_treat_AR_exclusive read_and_treat_AR_exclusive
read_and_treat_AR_exclusive read_and_treat_AR_exclusive
read_and_treat_AR_exclusive read_and_treat_AR_exclusive
read_and_treat_AR_exclusive read_and_treat_AR_exclusive
read_and_treat_AR_exclusive_WD read_and_treat_AR_exclusive_WD
+++ working on night --- 2024-10-19 +++
read_and_treat_AR_exclusive read_and_treat_AR_exclusive
read_and_treat_AR_exclusive read_and_treat_AR_exclusive
read_and_treat_AR_exclusive read_and_treat_AR_exclusive
read_and_treat_AR_exclusive read_and_treat_AR_exclusive
read_and_treat_AR_exclusive read_and_treat_AR_exclusive
read_and_treat_AR_exclusive read_and_treat_AR_exclusive
read_and_treat_AR_exclusive_WD read_and_treat_AR_exclusive_WD
+++ working on night --- 2024-10-20 +++
read_and_treat_AR_exclusive read_and_treat_AR_exclusive
read_and_treat_AR_exclusive read_and_treat_AR_exclusive
read_and_treat_AR_exclusive read_and_treat_AR_exclusive
read_and_treat_AR_exclusive read_and_treat_AR_exclusive
read_and_treat_AR_exclusive read_and_treat_AR_exclusive
read_and_treat_AR_exclusive read_and_treat_AR_exclusive
read_and_treat_AR_exclusive_WD read_and_treat_AR_exclusive_WD
+++ working on night --- 2024-10-21 +++
read_and_treat_AR_exclusive read_and_treat_AR_exclusive
read_and_treat_AR_exclusive read_and_treat_AR_exclusive
read_and_treat_AR_exclusive read_and_treat_AR_exclusive
read_and_treat_AR_exclusive read_and_treat_AR_exclusive
read_and_treat_AR_exclusive read_and_treat_AR_exclusive
read_and_treat_AR_exclusive read_and_treat_AR_exclusive
read_and_treat_AR_exclusive_WD read_and_treat_AR_exclusive_WD
+++ working on night --- 2024-10-22 +++
read_and_treat_AR_exclusive read_and_treat_AR_exclusive
read_and_treat_AR_exclusive read_and_treat_AR_exclusive
read_and_treat_AR_exclusive read_and_treat_AR_exclusive
read_and_treat_AR_exclusive read_and_treat_AR_exclusive
read_and_treat_AR_exclusive read_and_treat_AR_exclusive
read_and_treat_AR_exclusive read_and_treat_AR_exclusive
read_and_treat_AR_exclusive_WD read_and_treat_AR_exclusive_WD
+++ working on night --- 2024-10-23 +++
read_and_treat_AR_exclusive read_and_treat_AR_exclusive
read_and_treat_AR_exclusive read_and_treat_AR_exclusive
read_and_treat_AR_exclusive read_and_treat_AR_exclusive
read_and_treat_AR_exclusive read_and_treat_AR_exclusive
read_and_treat_AR_exclusive read_and_treat_AR_exclusive
read_and_treat_AR_exclusive read_and_treat_AR_exclusive
read_and_treat_AR_exclusive_WD read_and_treat_AR_exclusive_WD
+++ working on night --- 2024-10-24 +++
read_and_treat_AR_exclusive read_and_treat_AR_exclusive
read_and_treat_AR_exclusive read_and_treat_AR_exclusive
read_and_treat_AR_exclusive read_and_treat_AR_exclusive
read_and_treat_AR_exclusive read_and_treat_AR_exclusive
read_and_treat_AR_exclusive read_and_treat_AR_exclusive
read_and_treat_AR_exclusive read_and_treat_AR_exclusive
read_and_treat_AR_exclusive_WD read_and_treat_AR_exclusive_WD
+++ working on night --- 2024-10-25 +++
read_and_treat_AR_exclusive read_and_treat_AR_exclusive
read_and_treat_AR_exclusive read_and_treat_AR_exclusive
read_and_treat_AR_exclusive read_and_treat_AR_exclusive
read_and_treat_AR_exclusive read_and_treat_AR_exclusive
read_and_treat_AR_exclusive read_and_treat_AR_exclusive
read_and_treat_AR_exclusive read_and_treat_AR_exclusive
read_and_treat_AR_exclusive_WD read_and_treat_AR_exclusive_WD
+++ working on night --- 2024-10-26 +++
read_and_treat_AR_exclusive read_and_treat_AR_exclusive
read_and_treat_AR_exclusive read_and_treat_AR_exclusive
read_and_treat_AR_exclusive read_and_treat_AR_exclusive
read_and_treat_AR_exclusive read_and_treat_AR_exclusive
read_and_treat_AR_exclusive read_and_treat_AR_exclusive
read_and_treat_AR_exclusive read_and_treat_AR_exclusive
read_and_treat_AR_exclusive_WD read_and_treat_AR_exclusive_WD
+++ working on night --- 2024-10-27 +++
read_and_treat_AR_exclusive read_and_treat_AR_exclusive
read_and_treat_AR_exclusive read_and_treat_AR_exclusive
read_and_treat_AR_exclusive read_and_treat_AR_exclusive
read_and_treat_AR_exclusive read_and_treat_AR_exclusive
read_and_treat_AR_exclusive read_and_treat_AR_exclusive
read_and_treat_AR_exclusive read_and_treat_AR_exclusive
read_and_treat_AR_exclusive_WD read_and_treat_AR_exclusive_WD
+++ working on night --- 2024-10-28 +++
read_and_treat_AR_exclusive read_and_treat_AR_exclusive
read_and_treat_AR_exclusive read_and_treat_AR_exclusive
read_and_treat_AR_exclusive read_and_treat_AR_exclusive
read_and_treat_AR_exclusive read_and_treat_AR_exclusive
read_and_treat_AR_exclusive read_and_treat_AR_exclusive
read_and_treat_AR_exclusive read_and_treat_AR_exclusive
read_and_treat_AR_exclusive_WD read_and_treat_AR_exclusive_WD
+++ working on night --- 2024-10-30 +++
read_and_treat_AR_exclusive read_and_treat_AR_exclusive
read_and_treat_AR_exclusive read_and_treat_AR_exclusive
read_and_treat_AR_exclusive read_and_treat_AR_exclusive
read_and_treat_AR_exclusive read_and_treat_AR_exclusive
read_and_treat_AR_exclusive read_and_treat_AR_exclusive
read_and_treat_AR_exclusive read_and_treat_AR_exclusive
read_and_treat_AR_exclusive_WD read_and_treat_AR_exclusive_WD
+++ working on night --- 2024-10-31 +++
read_and_treat_AR_exclusive read_and_treat_AR_exclusive
read_and_treat_AR_exclusive read_and_treat_AR_exclusive
read_and_treat_AR_exclusive read_and_treat_AR_exclusive
read_and_treat_AR_exclusive read_and_treat_AR_exclusive
read_and_treat_AR_exclusive read_and_treat_AR_exclusive
read_and_treat_AR_exclusive read_and_treat_AR_exclusive
read_and_treat_AR_exclusive_WD read_and_treat_AR_exclusive_WD
+++ working on night --- 2024-11-01 +++
read_and_treat_AR_exclusive read_and_treat_AR_exclusive
read_and_treat_AR_exclusive read_and_treat_AR_exclusive
read_and_treat_AR_exclusive read_and_treat_AR_exclusive
read_and_treat_AR_exclusive read_and_treat_AR_exclusive
read_and_treat_AR_exclusive read_and_treat_AR_exclusive
read_and_treat_AR_exclusive read_and_treat_AR_exclusive
read_and_treat_AR_exclusive_WD read_and_treat_AR_exclusive_WD
+++ working on night --- 2024-11-02 +++
read_and_treat_AR_exclusive read_and_treat_AR_exclusive
read_and_treat_AR_exclusive read_and_treat_AR_exclusive
read_and_treat_AR_exclusive read_and_treat_AR_exclusive
read_and_treat_AR_exclusive read_and_treat_AR_exclusive
read_and_treat_AR_exclusive read_and_treat_AR_exclusive
read_and_treat_AR_exclusive read_and_treat_AR_exclusive
read_and_treat_AR_exclusive_WD read_and_treat_AR_exclusive_WD
+++ working on night --- 2024-11-03 +++
read_and_treat_AR_exclusive read_and_treat_AR_exclusive
read_and_treat_AR_exclusive read_and_treat_AR_exclusive
read_and_treat_AR_exclusive read_and_treat_AR_exclusive
read_and_treat_AR_exclusive read_and_treat_AR_exclusive
read_and_treat_AR_exclusive read_and_treat_AR_exclusive
read_and_treat_AR_exclusive read_and_treat_AR_exclusive
read_and_treat_AR_exclusive_WD read_and_treat_AR_exclusive_WD
+++ working on night --- 2024-11-04 +++
read_and_treat_AR_exclusive read_and_treat_AR_exclusive
read_and_treat_AR_exclusive read_and_treat_AR_exclusive
read_and_treat_AR_exclusive read_and_treat_AR_exclusive
read_and_treat_AR_exclusive read_and_treat_AR_exclusive
read_and_treat_AR_exclusive read_and_treat_AR_exclusive
read_and_treat_AR_exclusive read_and_treat_AR_exclusive
read_and_treat_AR_exclusive_WD read_and_treat_AR_exclusive_WD
+++ working on night --- 2024-11-05 +++
read_and_treat_AR_exclusive read_and_treat_AR_exclusive
read_and_treat_AR_exclusive read_and_treat_AR_exclusive
read_and_treat_AR_exclusive read_and_treat_AR_exclusive
read_and_treat_AR_exclusive read_and_treat_AR_exclusive
read_and_treat_AR_exclusive read_and_treat_AR_exclusive
read_and_treat_AR_exclusive read_and_treat_AR_exclusive
read_and_treat_AR_exclusive_WD read_and_treat_AR_exclusive_WD
+++ working on night --- 2024-11-06 +++
read_and_treat_AR_exclusive read_and_treat_AR_exclusive
read_and_treat_AR_exclusive read_and_treat_AR_exclusive
read_and_treat_AR_exclusive read_and_treat_AR_exclusive
read_and_treat_AR_exclusive read_and_treat_AR_exclusive
read_and_treat_AR_exclusive read_and_treat_AR_exclusive
read_and_treat_AR_exclusive read_and_treat_AR_exclusive
read_and_treat_AR_exclusive_WD read_and_treat_AR_exclusive_WD
+++ working on night --- 2024-11-07 +++
read_and_treat_AR_exclusive read_and_treat_AR_exclusive
read_and_treat_AR_exclusive read_and_treat_AR_exclusive
read_and_treat_AR_exclusive read_and_treat_AR_exclusive
read_and_treat_AR_exclusive read_and_treat_AR_exclusive
read_and_treat_AR_exclusive read_and_treat_AR_exclusive
read_and_treat_AR_exclusive read_and_treat_AR_exclusive
read_and_treat_AR_exclusive_WD read_and_treat_AR_exclusive_WD
+++ working on night --- 2024-11-08 +++
read_and_treat_AR_exclusive read_and_treat_AR_exclusive
read_and_treat_AR_exclusive read_and_treat_AR_exclusive
read_and_treat_AR_exclusive read_and_treat_AR_exclusive
read_and_treat_AR_exclusive read_and_treat_AR_exclusive
read_and_treat_AR_exclusive read_and_treat_AR_exclusive
read_and_treat_AR_exclusive read_and_treat_AR_exclusive
read_and_treat_AR_exclusive_WD read_and_treat_AR_exclusive_WD
+++ working on night --- 2024-11-09 +++
read_and_treat_AR_exclusive read_and_treat_AR_exclusive
read_and_treat_AR_exclusive read_and_treat_AR_exclusive
read_and_treat_AR_exclusive read_and_treat_AR_exclusive
read_and_treat_AR_exclusive read_and_treat_AR_exclusive
read_and_treat_AR_exclusive read_and_treat_AR_exclusive
read_and_treat_AR_exclusive read_and_treat_AR_exclusive
read_and_treat_AR_exclusive_WD read_and_treat_AR_exclusive_WD
+++ working on night --- 2024-11-10 +++
read_and_treat_AR_exclusive read_and_treat_AR_exclusive
read_and_treat_AR_exclusive read_and_treat_AR_exclusive
read_and_treat_AR_exclusive read_and_treat_AR_exclusive
read_and_treat_AR_exclusive read_and_treat_AR_exclusive
read_and_treat_AR_exclusive read_and_treat_AR_exclusive
read_and_treat_AR_exclusive read_and_treat_AR_exclusive
read_and_treat_AR_exclusive_WD read_and_treat_AR_exclusive_WD
+++ working on night --- 2024-11-11 +++
read_and_treat_AR_exclusive read_and_treat_AR_exclusive
read_and_treat_AR_exclusive read_and_treat_AR_exclusive
read_and_treat_AR_exclusive read_and_treat_AR_exclusive
read_and_treat_AR_exclusive read_and_treat_AR_exclusive
read_and_treat_AR_exclusive read_and_treat_AR_exclusive
read_and_treat_AR_exclusive read_and_treat_AR_exclusive
read_and_treat_AR_exclusive_WD read_and_treat_AR_exclusive_WD
+++ working on night --- 2024-11-12 +++
read_and_treat_AR_exclusive read_and_treat_AR_exclusive
read_and_treat_AR_exclusive read_and_treat_AR_exclusive
read_and_treat_AR_exclusive read_and_treat_AR_exclusive
read_and_treat_AR_exclusive read_and_treat_AR_exclusive
read_and_treat_AR_exclusive read_and_treat_AR_exclusive
read_and_treat_AR_exclusive read_and_treat_AR_exclusive
read_and_treat_AR_exclusive_WD read_and_treat_AR_exclusive_WD
+++ working on night --- 2024-11-13 +++
read_and_treat_AR_exclusive read_and_treat_AR_exclusive
read_and_treat_AR_exclusive read_and_treat_AR_exclusive
read_and_treat_AR_exclusive read_and_treat_AR_exclusive
read_and_treat_AR_exclusive read_and_treat_AR_exclusive
read_and_treat_AR_exclusive read_and_treat_AR_exclusive
read_and_treat_AR_exclusive read_and_treat_AR_exclusive
read_and_treat_AR_exclusive_WD read_and_treat_AR_exclusive_WD
+++ working on night --- 2024-11-14 +++
read_and_treat_AR_exclusive read_and_treat_AR_exclusive
read_and_treat_AR_exclusive read_and_treat_AR_exclusive
read_and_treat_AR_exclusive read_and_treat_AR_exclusive
read_and_treat_AR_exclusive read_and_treat_AR_exclusive
read_and_treat_AR_exclusive read_and_treat_AR_exclusive
read_and_treat_AR_exclusive read_and_treat_AR_exclusive
read_and_treat_AR_exclusive_WD read_and_treat_AR_exclusive_WD
+++ working on night --- 2024-11-15 +++
read_and_treat_AR_exclusive read_and_treat_AR_exclusive
read_and_treat_AR_exclusive read_and_treat_AR_exclusive
read_and_treat_AR_exclusive read_and_treat_AR_exclusive
read_and_treat_AR_exclusive read_and_treat_AR_exclusive
read_and_treat_AR_exclusive read_and_treat_AR_exclusive
read_and_treat_AR_exclusive read_and_treat_AR_exclusive
read_and_treat_AR_exclusive_WD read_and_treat_AR_exclusive_WD
+++ working on night --- 2024-11-16 +++
read_and_treat_AR_exclusive read_and_treat_AR_exclusive
read_and_treat_AR_exclusive read_and_treat_AR_exclusive
read_and_treat_AR_exclusive read_and_treat_AR_exclusive
read_and_treat_AR_exclusive read_and_treat_AR_exclusive
read_and_treat_AR_exclusive read_and_treat_AR_exclusive
read_and_treat_AR_exclusive read_and_treat_AR_exclusive
read_and_treat_AR_exclusive_WD read_and_treat_AR_exclusive_WD
+++ working on night --- 2024-11-17 +++
read_and_treat_AR_exclusive read_and_treat_AR_exclusive
read_and_treat_AR_exclusive read_and_treat_AR_exclusive
read_and_treat_AR_exclusive read_and_treat_AR_exclusive
read_and_treat_AR_exclusive read_and_treat_AR_exclusive
read_and_treat_AR_exclusive read_and_treat_AR_exclusive
read_and_treat_AR_exclusive read_and_treat_AR_exclusive
read_and_treat_AR_exclusive_WD read_and_treat_AR_exclusive_WD
+++ working on night --- 2024-11-18 +++
read_and_treat_AR_exclusive read_and_treat_AR_exclusive
read_and_treat_AR_exclusive read_and_treat_AR_exclusive
read_and_treat_AR_exclusive read_and_treat_AR_exclusive
read_and_treat_AR_exclusive read_and_treat_AR_exclusive
read_and_treat_AR_exclusive read_and_treat_AR_exclusive
read_and_treat_AR_exclusive read_and_treat_AR_exclusive
read_and_treat_AR_exclusive_WD read_and_treat_AR_exclusive_WD
+++ working on night --- 2024-11-19 +++
read_and_treat_AR_exclusive read_and_treat_AR_exclusive
read_and_treat_AR_exclusive read_and_treat_AR_exclusive
read_and_treat_AR_exclusive read_and_treat_AR_exclusive
read_and_treat_AR_exclusive read_and_treat_AR_exclusive
read_and_treat_AR_exclusive read_and_treat_AR_exclusive
read_and_treat_AR_exclusive read_and_treat_AR_exclusive
read_and_treat_AR_exclusive_WD read_and_treat_AR_exclusive_WD
+++ working on night --- 2024-11-20 +++
read_and_treat_AR_exclusive read_and_treat_AR_exclusive
read_and_treat_AR_exclusive read_and_treat_AR_exclusive
read_and_treat_AR_exclusive read_and_treat_AR_exclusive
read_and_treat_AR_exclusive read_and_treat_AR_exclusive
read_and_treat_AR_exclusive read_and_treat_AR_exclusive
read_and_treat_AR_exclusive read_and_treat_AR_exclusive
read_and_treat_AR_exclusive_WD read_and_treat_AR_exclusive_WD
+++ working on night --- 2024-11-21 +++
read_and_treat_AR_exclusive read_and_treat_AR_exclusive
read_and_treat_AR_exclusive read_and_treat_AR_exclusive
read_and_treat_AR_exclusive read_and_treat_AR_exclusive
read_and_treat_AR_exclusive read_and_treat_AR_exclusive
read_and_treat_AR_exclusive read_and_treat_AR_exclusive
read_and_treat_AR_exclusive read_and_treat_AR_exclusive
read_and_treat_AR_exclusive_WD read_and_treat_AR_exclusive_WD
+++ working on night --- 2024-11-22 +++
read_and_treat_AR_exclusive read_and_treat_AR_exclusive
read_and_treat_AR_exclusive read_and_treat_AR_exclusive
read_and_treat_AR_exclusive read_and_treat_AR_exclusive
read_and_treat_AR_exclusive read_and_treat_AR_exclusive
read_and_treat_AR_exclusive read_and_treat_AR_exclusive
read_and_treat_AR_exclusive read_and_treat_AR_exclusive
read_and_treat_AR_exclusive_WD read_and_treat_AR_exclusive_WD
+++ working on night --- 2024-11-23 +++
read_and_treat_AR_exclusive read_and_treat_AR_exclusive
read_and_treat_AR_exclusive read_and_treat_AR_exclusive
read_and_treat_AR_exclusive read_and_treat_AR_exclusive
read_and_treat_AR_exclusive read_and_treat_AR_exclusive
read_and_treat_AR_exclusive read_and_treat_AR_exclusive
read_and_treat_AR_exclusive read_and_treat_AR_exclusive
read_and_treat_AR_exclusive_WD read_and_treat_AR_exclusive_WD
+++ working on night --- 2024-11-24 +++
read_and_treat_AR_exclusive read_and_treat_AR_exclusive
read_and_treat_AR_exclusive read_and_treat_AR_exclusive
read_and_treat_AR_exclusive read_and_treat_AR_exclusive
read_and_treat_AR_exclusive read_and_treat_AR_exclusive
read_and_treat_AR_exclusive read_and_treat_AR_exclusive
read_and_treat_AR_exclusive read_and_treat_AR_exclusive
read_and_treat_AR_exclusive_WD read_and_treat_AR_exclusive_WD
+++ working on night --- 2024-11-25 +++
read_and_treat_AR_exclusive read_and_treat_AR_exclusive
read_and_treat_AR_exclusive read_and_treat_AR_exclusive
read_and_treat_AR_exclusive read_and_treat_AR_exclusive
read_and_treat_AR_exclusive read_and_treat_AR_exclusive
read_and_treat_AR_exclusive read_and_treat_AR_exclusive
read_and_treat_AR_exclusive read_and_treat_AR_exclusive
read_and_treat_AR_exclusive_WD read_and_treat_AR_exclusive_WD
+++ working on night --- 2024-11-26 +++
read_and_treat_AR_exclusive read_and_treat_AR_exclusive
read_and_treat_AR_exclusive read_and_treat_AR_exclusive
read_and_treat_AR_exclusive read_and_treat_AR_exclusive
read_and_treat_AR_exclusive read_and_treat_AR_exclusive
read_and_treat_AR_exclusive read_and_treat_AR_exclusive
read_and_treat_AR_exclusive read_and_treat_AR_exclusive
read_and_treat_AR_exclusive_WD read_and_treat_AR_exclusive_WD
+++ working on night --- 2024-11-27 +++
read_and_treat_AR_exclusive read_and_treat_AR_exclusive
read_and_treat_AR_exclusive read_and_treat_AR_exclusive
read_and_treat_AR_exclusive read_and_treat_AR_exclusive
read_and_treat_AR_exclusive read_and_treat_AR_exclusive
read_and_treat_AR_exclusive read_and_treat_AR_exclusive
read_and_treat_AR_exclusive read_and_treat_AR_exclusive
read_and_treat_AR_exclusive_WD read_and_treat_AR_exclusive_WD
+++ working on night --- 2024-11-28 +++
read_and_treat_AR_exclusive read_and_treat_AR_exclusive
read_and_treat_AR_exclusive read_and_treat_AR_exclusive
read_and_treat_AR_exclusive read_and_treat_AR_exclusive
read_and_treat_AR_exclusive read_and_treat_AR_exclusive
read_and_treat_AR_exclusive read_and_treat_AR_exclusive
read_and_treat_AR_exclusive read_and_treat_AR_exclusive
read_and_treat_AR_exclusive_WD read_and_treat_AR_exclusive_WD
+++ working on night --- 2024-11-29 +++
read_and_treat_AR_exclusive read_and_treat_AR_exclusive
read_and_treat_AR_exclusive read_and_treat_AR_exclusive
read_and_treat_AR_exclusive read_and_treat_AR_exclusive
read_and_treat_AR_exclusive read_and_treat_AR_exclusive
read_and_treat_AR_exclusive read_and_treat_AR_exclusive
read_and_treat_AR_exclusive read_and_treat_AR_exclusive
read_and_treat_AR_exclusive_WD read_and_treat_AR_exclusive_WD
+++ working on night --- 2024-11-30 +++
read_and_treat_AR_exclusive read_and_treat_AR_exclusive
read_and_treat_AR_exclusive read_and_treat_AR_exclusive
read_and_treat_AR_exclusive read_and_treat_AR_exclusive
read_and_treat_AR_exclusive read_and_treat_AR_exclusive
read_and_treat_AR_exclusive read_and_treat_AR_exclusive
read_and_treat_AR_exclusive read_and_treat_AR_exclusive
read_and_treat_AR_exclusive_WD read_and_treat_AR_exclusive_WD
+++ working on night --- 2024-12-01 +++
read_and_treat_AR_exclusive read_and_treat_AR_exclusive
read_and_treat_AR_exclusive read_and_treat_AR_exclusive
read_and_treat_AR_exclusive read_and_treat_AR_exclusive
read_and_treat_AR_exclusive read_and_treat_AR_exclusive
read_and_treat_AR_exclusive read_and_treat_AR_exclusive
read_and_treat_AR_exclusive read_and_treat_AR_exclusive
read_and_treat_AR_exclusive_WD read_and_treat_AR_exclusive_WD
+++ working on night --- 2024-12-02 +++
read_and_treat_AR_exclusive read_and_treat_AR_exclusive
read_and_treat_AR_exclusive read_and_treat_AR_exclusive
read_and_treat_AR_exclusive read_and_treat_AR_exclusive
read_and_treat_AR_exclusive read_and_treat_AR_exclusive
read_and_treat_AR_exclusive read_and_treat_AR_exclusive
read_and_treat_AR_exclusive read_and_treat_AR_exclusive
read_and_treat_AR_exclusive_WD read_and_treat_AR_exclusive_WD
+++ working on night --- 2024-12-03 +++
read_and_treat_AR_exclusive read_and_treat_AR_exclusive
read_and_treat_AR_exclusive read_and_treat_AR_exclusive
read_and_treat_AR_exclusive read_and_treat_AR_exclusive
read_and_treat_AR_exclusive read_and_treat_AR_exclusive
read_and_treat_AR_exclusive read_and_treat_AR_exclusive
read_and_treat_AR_exclusive read_and_treat_AR_exclusive
read_and_treat_AR_exclusive_WD read_and_treat_AR_exclusive_WD
+++ working on night --- 2024-12-04 +++
read_and_treat_AR_exclusive read_and_treat_AR_exclusive
read_and_treat_AR_exclusive read_and_treat_AR_exclusive
read_and_treat_AR_exclusive read_and_treat_AR_exclusive
read_and_treat_AR_exclusive read_and_treat_AR_exclusive
read_and_treat_AR_exclusive read_and_treat_AR_exclusive
read_and_treat_AR_exclusive read_and_treat_AR_exclusive
read_and_treat_AR_exclusive_WD read_and_treat_AR_exclusive_WD
+++ working on night --- 2024-12-05 +++
read_and_treat_AR_exclusive read_and_treat_AR_exclusive
read_and_treat_AR_exclusive read_and_treat_AR_exclusive
read_and_treat_AR_exclusive read_and_treat_AR_exclusive
read_and_treat_AR_exclusive read_and_treat_AR_exclusive
read_and_treat_AR_exclusive read_and_treat_AR_exclusive
read_and_treat_AR_exclusive read_and_treat_AR_exclusive
read_and_treat_AR_exclusive_WD read_and_treat_AR_exclusive_WD
+++ working on night --- 2024-12-06 +++
read_and_treat_AR_exclusive read_and_treat_AR_exclusive
read_and_treat_AR_exclusive read_and_treat_AR_exclusive
read_and_treat_AR_exclusive read_and_treat_AR_exclusive
read_and_treat_AR_exclusive read_and_treat_AR_exclusive
read_and_treat_AR_exclusive read_and_treat_AR_exclusive
read_and_treat_AR_exclusive read_and_treat_AR_exclusive
read_and_treat_AR_exclusive_WD read_and_treat_AR_exclusive_WD
+++ working on night --- 2024-12-07 +++
read_and_treat_AR_exclusive read_and_treat_AR_exclusive
read_and_treat_AR_exclusive read_and_treat_AR_exclusive
read_and_treat_AR_exclusive read_and_treat_AR_exclusive
read_and_treat_AR_exclusive read_and_treat_AR_exclusive
read_and_treat_AR_exclusive read_and_treat_AR_exclusive
read_and_treat_AR_exclusive read_and_treat_AR_exclusive
read_and_treat_AR_exclusive_WD read_and_treat_AR_exclusive_WD
+++ working on night --- 2024-12-08 +++
read_and_treat_AR_exclusive read_and_treat_AR_exclusive
read_and_treat_AR_exclusive read_and_treat_AR_exclusive
read_and_treat_AR_exclusive read_and_treat_AR_exclusive
read_and_treat_AR_exclusive read_and_treat_AR_exclusive
read_and_treat_AR_exclusive read_and_treat_AR_exclusive
read_and_treat_AR_exclusive read_and_treat_AR_exclusive
read_and_treat_AR_exclusive_WD read_and_treat_AR_exclusive_WD
+++ working on night --- 2024-12-09 +++
read_and_treat_AR_exclusive read_and_treat_AR_exclusive
read_and_treat_AR_exclusive read_and_treat_AR_exclusive
read_and_treat_AR_exclusive read_and_treat_AR_exclusive
read_and_treat_AR_exclusive read_and_treat_AR_exclusive
read_and_treat_AR_exclusive read_and_treat_AR_exclusive
read_and_treat_AR_exclusive read_and_treat_AR_exclusive
read_and_treat_AR_exclusive_WD read_and_treat_AR_exclusive_WD
+++ working on night --- 2024-12-10 +++
read_and_treat_AR_exclusive read_and_treat_AR_exclusive
read_and_treat_AR_exclusive read_and_treat_AR_exclusive
read_and_treat_AR_exclusive read_and_treat_AR_exclusive
read_and_treat_AR_exclusive read_and_treat_AR_exclusive
read_and_treat_AR_exclusive read_and_treat_AR_exclusive
read_and_treat_AR_exclusive read_and_treat_AR_exclusive
read_and_treat_AR_exclusive_WD read_and_treat_AR_exclusive_WD
+++ working on night --- 2024-12-11 +++
read_and_treat_AR_exclusive read_and_treat_AR_exclusive
read_and_treat_AR_exclusive read_and_treat_AR_exclusive
read_and_treat_AR_exclusive read_and_treat_AR_exclusive
read_and_treat_AR_exclusive read_and_treat_AR_exclusive
read_and_treat_AR_exclusive read_and_treat_AR_exclusive
read_and_treat_AR_exclusive read_and_treat_AR_exclusive
read_and_treat_AR_exclusive_WD read_and_treat_AR_exclusive_WD
+++ working on night --- 2024-12-12 +++
read_and_treat_AR_exclusive read_and_treat_AR_exclusive
read_and_treat_AR_exclusive read_and_treat_AR_exclusive
read_and_treat_AR_exclusive read_and_treat_AR_exclusive
read_and_treat_AR_exclusive read_and_treat_AR_exclusive
read_and_treat_AR_exclusive read_and_treat_AR_exclusive
read_and_treat_AR_exclusive read_and_treat_AR_exclusive
read_and_treat_AR_exclusive_WD read_and_treat_AR_exclusive_WD
+++ working on night --- 2024-12-13 +++
read_and_treat_AR_exclusive read_and_treat_AR_exclusive
read_and_treat_AR_exclusive read_and_treat_AR_exclusive
read_and_treat_AR_exclusive read_and_treat_AR_exclusive
read_and_treat_AR_exclusive read_and_treat_AR_exclusive
read_and_treat_AR_exclusive read_and_treat_AR_exclusive
read_and_treat_AR_exclusive read_and_treat_AR_exclusive
read_and_treat_AR_exclusive_WD read_and_treat_AR_exclusive_WD
+++ working on night --- 2024-12-14 +++
read_and_treat_AR_exclusive read_and_treat_AR_exclusive
read_and_treat_AR_exclusive read_and_treat_AR_exclusive
read_and_treat_AR_exclusive read_and_treat_AR_exclusive
read_and_treat_AR_exclusive read_and_treat_AR_exclusive
read_and_treat_AR_exclusive read_and_treat_AR_exclusive
read_and_treat_AR_exclusive read_and_treat_AR_exclusive
read_and_treat_AR_exclusive_WD read_and_treat_AR_exclusive_WD
+++ working on night --- 2024-12-15 +++
read_and_treat_AR_exclusive read_and_treat_AR_exclusive
read_and_treat_AR_exclusive read_and_treat_AR_exclusive
read_and_treat_AR_exclusive read_and_treat_AR_exclusive
read_and_treat_AR_exclusive read_and_treat_AR_exclusive
read_and_treat_AR_exclusive read_and_treat_AR_exclusive
read_and_treat_AR_exclusive read_and_treat_AR_exclusive
read_and_treat_AR_exclusive_WD read_and_treat_AR_exclusive_WD
+++ working on night --- 2024-12-16 +++
read_and_treat_AR_exclusive read_and_treat_AR_exclusive
read_and_treat_AR_exclusive read_and_treat_AR_exclusive
read_and_treat_AR_exclusive read_and_treat_AR_exclusive
read_and_treat_AR_exclusive read_and_treat_AR_exclusive
read_and_treat_AR_exclusive read_and_treat_AR_exclusive
read_and_treat_AR_exclusive read_and_treat_AR_exclusive
read_and_treat_AR_exclusive_WD read_and_treat_AR_exclusive_WD
+++ working on night --- 2024-12-17 +++
read_and_treat_AR_exclusive read_and_treat_AR_exclusive
read_and_treat_AR_exclusive read_and_treat_AR_exclusive
read_and_treat_AR_exclusive read_and_treat_AR_exclusive
read_and_treat_AR_exclusive read_and_treat_AR_exclusive
read_and_treat_AR_exclusive read_and_treat_AR_exclusive
read_and_treat_AR_exclusive read_and_treat_AR_exclusive
read_and_treat_AR_exclusive_WD read_and_treat_AR_exclusive_WD
+++ working on night --- 2024-12-18 +++
read_and_treat_AR_exclusive read_and_treat_AR_exclusive
read_and_treat_AR_exclusive read_and_treat_AR_exclusive
read_and_treat_AR_exclusive read_and_treat_AR_exclusive
read_and_treat_AR_exclusive read_and_treat_AR_exclusive
read_and_treat_AR_exclusive read_and_treat_AR_exclusive
read_and_treat_AR_exclusive read_and_treat_AR_exclusive
read_and_treat_AR_exclusive_WD read_and_treat_AR_exclusive_WD
+++ working on night --- 2024-12-19 +++
read_and_treat_AR_exclusive read_and_treat_AR_exclusive
read_and_treat_AR_exclusive read_and_treat_AR_exclusive
read_and_treat_AR_exclusive read_and_treat_AR_exclusive
read_and_treat_AR_exclusive read_and_treat_AR_exclusive
read_and_treat_AR_exclusive read_and_treat_AR_exclusive
read_and_treat_AR_exclusive read_and_treat_AR_exclusive
read_and_treat_AR_exclusive_WD read_and_treat_AR_exclusive_WD
+++ working on night --- 2024-12-20 +++
read_and_treat_AR_exclusive read_and_treat_AR_exclusive
read_and_treat_AR_exclusive read_and_treat_AR_exclusive
read_and_treat_AR_exclusive read_and_treat_AR_exclusive
read_and_treat_AR_exclusive read_and_treat_AR_exclusive
read_and_treat_AR_exclusive read_and_treat_AR_exclusive
read_and_treat_AR_exclusive read_and_treat_AR_exclusive
read_and_treat_AR_exclusive_WD read_and_treat_AR_exclusive_WD
+++ working on night --- 2024-12-21 +++
read_and_treat_AR_exclusive read_and_treat_AR_exclusive
read_and_treat_AR_exclusive read_and_treat_AR_exclusive
read_and_treat_AR_exclusive read_and_treat_AR_exclusive
read_and_treat_AR_exclusive read_and_treat_AR_exclusive
read_and_treat_AR_exclusive read_and_treat_AR_exclusive
read_and_treat_AR_exclusive read_and_treat_AR_exclusive
read_and_treat_AR_exclusive_WD read_and_treat_AR_exclusive_WD
+++ working on night --- 2024-12-22 +++
read_and_treat_AR_exclusive read_and_treat_AR_exclusive
read_and_treat_AR_exclusive read_and_treat_AR_exclusive
read_and_treat_AR_exclusive read_and_treat_AR_exclusive
read_and_treat_AR_exclusive read_and_treat_AR_exclusive
read_and_treat_AR_exclusive read_and_treat_AR_exclusive
read_and_treat_AR_exclusive read_and_treat_AR_exclusive
read_and_treat_AR_exclusive_WD read_and_treat_AR_exclusive_WD
+++ working on night --- 2024-12-23 +++
read_and_treat_AR_exclusive read_and_treat_AR_exclusive
read_and_treat_AR_exclusive read_and_treat_AR_exclusive
read_and_treat_AR_exclusive read_and_treat_AR_exclusive
read_and_treat_AR_exclusive read_and_treat_AR_exclusive
read_and_treat_AR_exclusive read_and_treat_AR_exclusive
read_and_treat_AR_exclusive read_and_treat_AR_exclusive
read_and_treat_AR_exclusive_WD read_and_treat_AR_exclusive_WD
+++ working on night --- 2024-12-24 +++
read_and_treat_AR_exclusive read_and_treat_AR_exclusive
read_and_treat_AR_exclusive read_and_treat_AR_exclusive
read_and_treat_AR_exclusive read_and_treat_AR_exclusive
read_and_treat_AR_exclusive read_and_treat_AR_exclusive
read_and_treat_AR_exclusive read_and_treat_AR_exclusive
read_and_treat_AR_exclusive read_and_treat_AR_exclusive
read_and_treat_AR_exclusive_WD read_and_treat_AR_exclusive_WD
+++ working on night --- 2024-12-25 +++
read_and_treat_AR_exclusive read_and_treat_AR_exclusive
read_and_treat_AR_exclusive read_and_treat_AR_exclusive
read_and_treat_AR_exclusive read_and_treat_AR_exclusive
read_and_treat_AR_exclusive read_and_treat_AR_exclusive
read_and_treat_AR_exclusive read_and_treat_AR_exclusive
read_and_treat_AR_exclusive read_and_treat_AR_exclusive
read_and_treat_AR_exclusive_WD read_and_treat_AR_exclusive_WD
+++ working on night --- 2024-12-26 +++
read_and_treat_AR_exclusive read_and_treat_AR_exclusive
read_and_treat_AR_exclusive read_and_treat_AR_exclusive
read_and_treat_AR_exclusive read_and_treat_AR_exclusive
read_and_treat_AR_exclusive read_and_treat_AR_exclusive
read_and_treat_AR_exclusive read_and_treat_AR_exclusive
read_and_treat_AR_exclusive read_and_treat_AR_exclusive
read_and_treat_AR_exclusive_WD read_and_treat_AR_exclusive_WD
+++ working on night --- 2024-12-27 +++
read_and_treat_AR_exclusive read_and_treat_AR_exclusive
read_and_treat_AR_exclusive read_and_treat_AR_exclusive
read_and_treat_AR_exclusive read_and_treat_AR_exclusive
read_and_treat_AR_exclusive read_and_treat_AR_exclusive
read_and_treat_AR_exclusive read_and_treat_AR_exclusive
read_and_treat_AR_exclusive read_and_treat_AR_exclusive
read_and_treat_AR_exclusive_WD read_and_treat_AR_exclusive_WD
+++ working on night --- 2024-12-28 +++
read_and_treat_AR_exclusive read_and_treat_AR_exclusive
read_and_treat_AR_exclusive read_and_treat_AR_exclusive
read_and_treat_AR_exclusive read_and_treat_AR_exclusive
read_and_treat_AR_exclusive read_and_treat_AR_exclusive
read_and_treat_AR_exclusive read_and_treat_AR_exclusive
read_and_treat_AR_exclusive read_and_treat_AR_exclusive
read_and_treat_AR_exclusive_WD read_and_treat_AR_exclusive_WD
+++ working on night --- 2024-12-29 +++
read_and_treat_AR_exclusive read_and_treat_AR_exclusive
read_and_treat_AR_exclusive read_and_treat_AR_exclusive
read_and_treat_AR_exclusive read_and_treat_AR_exclusive
read_and_treat_AR_exclusive read_and_treat_AR_exclusive
read_and_treat_AR_exclusive read_and_treat_AR_exclusive
read_and_treat_AR_exclusive read_and_treat_AR_exclusive
read_and_treat_AR_exclusive_WD read_and_treat_AR_exclusive_WD
+++ working on night --- 2024-12-30 +++
read_and_treat_AR_exclusive read_and_treat_AR_exclusive
read_and_treat_AR_exclusive read_and_treat_AR_exclusive
read_and_treat_AR_exclusive read_and_treat_AR_exclusive
read_and_treat_AR_exclusive read_and_treat_AR_exclusive
read_and_treat_AR_exclusive read_and_treat_AR_exclusive
read_and_treat_AR_exclusive read_and_treat_AR_exclusive
read_and_treat_AR_exclusive_WD read_and_treat_AR_exclusive_WD
+++ working on night --- 2024-12-31 +++
read_and_treat_AR_exclusive read_and_treat_AR_exclusive
read_and_treat_AR_exclusive read_and_treat_AR_exclusive
read_and_treat_AR_exclusive read_and_treat_AR_exclusive
read_and_treat_AR_exclusive read_and_treat_AR_exclusive
read_and_treat_AR_exclusive read_and_treat_AR_exclusive
read_and_treat_AR_exclusive read_and_treat_AR_exclusive
read_and_treat_AR_exclusive_WD read_and_treat_AR_exclusive_WD
+++ working on night --- 2025-01-01 +++
read_and_treat_AR_exclusive read_and_treat_AR_exclusive
read_and_treat_AR_exclusive read_and_treat_AR_exclusive
read_and_treat_AR_exclusive read_and_treat_AR_exclusive
read_and_treat_AR_exclusive read_and_treat_AR_exclusive
read_and_treat_AR_exclusive read_and_treat_AR_exclusive
read_and_treat_AR_exclusive read_and_treat_AR_exclusive
read_and_treat_AR_exclusive_WD read_and_treat_AR_exclusive_WD
+++ working on night --- 2025-01-02 +++
read_and_treat_AR_exclusive read_and_treat_AR_exclusive
read_and_treat_AR_exclusive read_and_treat_AR_exclusive
read_and_treat_AR_exclusive read_and_treat_AR_exclusive
read_and_treat_AR_exclusive read_and_treat_AR_exclusive
read_and_treat_AR_exclusive read_and_treat_AR_exclusive
read_and_treat_AR_exclusive read_and_treat_AR_exclusive
read_and_treat_AR_exclusive_WD read_and_treat_AR_exclusive_WD
+++ working on night --- 2025-01-03 +++
read_and_treat_AR_exclusive read_and_treat_AR_exclusive
read_and_treat_AR_exclusive read_and_treat_AR_exclusive
read_and_treat_AR_exclusive read_and_treat_AR_exclusive
read_and_treat_AR_exclusive read_and_treat_AR_exclusive
read_and_treat_AR_exclusive read_and_treat_AR_exclusive
read_and_treat_AR_exclusive read_and_treat_AR_exclusive
read_and_treat_AR_exclusive_WD read_and_treat_AR_exclusive_WD
+++ working on night --- 2025-01-04 +++
read_and_treat_AR_exclusive read_and_treat_AR_exclusive
read_and_treat_AR_exclusive read_and_treat_AR_exclusive
read_and_treat_AR_exclusive read_and_treat_AR_exclusive
read_and_treat_AR_exclusive read_and_treat_AR_exclusive
read_and_treat_AR_exclusive read_and_treat_AR_exclusive
read_and_treat_AR_exclusive read_and_treat_AR_exclusive
read_and_treat_AR_exclusive_WD read_and_treat_AR_exclusive_WD
+++ working on night --- 2025-01-05 +++
read_and_treat_AR_exclusive read_and_treat_AR_exclusive
read_and_treat_AR_exclusive read_and_treat_AR_exclusive
read_and_treat_AR_exclusive read_and_treat_AR_exclusive
read_and_treat_AR_exclusive read_and_treat_AR_exclusive
read_and_treat_AR_exclusive read_and_treat_AR_exclusive
read_and_treat_AR_exclusive read_and_treat_AR_exclusive
read_and_treat_AR_exclusive_WD read_and_treat_AR_exclusive_WD
+++ working on night --- 2025-01-06 +++
read_and_treat_AR_exclusive read_and_treat_AR_exclusive
read_and_treat_AR_exclusive read_and_treat_AR_exclusive
read_and_treat_AR_exclusive read_and_treat_AR_exclusive
read_and_treat_AR_exclusive read_and_treat_AR_exclusive
read_and_treat_AR_exclusive read_and_treat_AR_exclusive
read_and_treat_AR_exclusive read_and_treat_AR_exclusive
read_and_treat_AR_exclusive_WD read_and_treat_AR_exclusive_WD
+++ working on night --- 2025-01-07 +++
read_and_treat_AR_exclusive read_and_treat_AR_exclusive
read_and_treat_AR_exclusive read_and_treat_AR_exclusive
read_and_treat_AR_exclusive read_and_treat_AR_exclusive
read_and_treat_AR_exclusive read_and_treat_AR_exclusive
read_and_treat_AR_exclusive read_and_treat_AR_exclusive
read_and_treat_AR_exclusive read_and_treat_AR_exclusive
read_and_treat_AR_exclusive_WD read_and_treat_AR_exclusive_WD
+++ working on night --- 2025-01-08 +++
read_and_treat_AR_exclusive read_and_treat_AR_exclusive
read_and_treat_AR_exclusive read_and_treat_AR_exclusive
read_and_treat_AR_exclusive read_and_treat_AR_exclusive
read_and_treat_AR_exclusive read_and_treat_AR_exclusive
read_and_treat_AR_exclusive read_and_treat_AR_exclusive
read_and_treat_AR_exclusive read_and_treat_AR_exclusive
read_and_treat_AR_exclusive_WD read_and_treat_AR_exclusive_WD
+++ working on night --- 2025-01-09 +++
read_and_treat_AR_exclusive read_and_treat_AR_exclusive
read_and_treat_AR_exclusive read_and_treat_AR_exclusive
read_and_treat_AR_exclusive read_and_treat_AR_exclusive
read_and_treat_AR_exclusive read_and_treat_AR_exclusive
read_and_treat_AR_exclusive read_and_treat_AR_exclusive
read_and_treat_AR_exclusive read_and_treat_AR_exclusive
read_and_treat_AR_exclusive_WD read_and_treat_AR_exclusive_WD
+++ working on night --- 2025-01-10 +++
read_and_treat_AR_exclusive read_and_treat_AR_exclusive
read_and_treat_AR_exclusive read_and_treat_AR_exclusive
read_and_treat_AR_exclusive read_and_treat_AR_exclusive
read_and_treat_AR_exclusive read_and_treat_AR_exclusive
read_and_treat_AR_exclusive read_and_treat_AR_exclusive
read_and_treat_AR_exclusive read_and_treat_AR_exclusive
read_and_treat_AR_exclusive_WD read_and_treat_AR_exclusive_WD
+++ working on night --- 2025-01-11 +++
read_and_treat_AR_exclusive read_and_treat_AR_exclusive
read_and_treat_AR_exclusive read_and_treat_AR_exclusive
read_and_treat_AR_exclusive read_and_treat_AR_exclusive
read_and_treat_AR_exclusive read_and_treat_AR_exclusive
read_and_treat_AR_exclusive read_and_treat_AR_exclusive
read_and_treat_AR_exclusive read_and_treat_AR_exclusive
read_and_treat_AR_exclusive_WD read_and_treat_AR_exclusive_WD
+++ working on night --- 2025-01-12 +++
read_and_treat_AR_exclusive read_and_treat_AR_exclusive
read_and_treat_AR_exclusive read_and_treat_AR_exclusive
read_and_treat_AR_exclusive read_and_treat_AR_exclusive
read_and_treat_AR_exclusive read_and_treat_AR_exclusive
read_and_treat_AR_exclusive read_and_treat_AR_exclusive
read_and_treat_AR_exclusive read_and_treat_AR_exclusive
read_and_treat_AR_exclusive_WD read_and_treat_AR_exclusive_WD
+++ working on night --- 2025-01-13 +++
read_and_treat_AR_exclusive read_and_treat_AR_exclusive
read_and_treat_AR_exclusive read_and_treat_AR_exclusive
read_and_treat_AR_exclusive read_and_treat_AR_exclusive
read_and_treat_AR_exclusive read_and_treat_AR_exclusive
read_and_treat_AR_exclusive read_and_treat_AR_exclusive
read_and_treat_AR_exclusive read_and_treat_AR_exclusive
read_and_treat_AR_exclusive_WD read_and_treat_AR_exclusive_WD
+++ working on night --- 2025-01-14 +++
read_and_treat_AR_exclusive read_and_treat_AR_exclusive
read_and_treat_AR_exclusive read_and_treat_AR_exclusive
read_and_treat_AR_exclusive read_and_treat_AR_exclusive
read_and_treat_AR_exclusive read_and_treat_AR_exclusive
read_and_treat_AR_exclusive read_and_treat_AR_exclusive
read_and_treat_AR_exclusive read_and_treat_AR_exclusive
read_and_treat_AR_exclusive_WD read_and_treat_AR_exclusive_WD
+++ working on night --- 2025-01-15 +++
read_and_treat_AR_exclusive read_and_treat_AR_exclusive
read_and_treat_AR_exclusive read_and_treat_AR_exclusive
read_and_treat_AR_exclusive read_and_treat_AR_exclusive
read_and_treat_AR_exclusive read_and_treat_AR_exclusive
read_and_treat_AR_exclusive read_and_treat_AR_exclusive
read_and_treat_AR_exclusive read_and_treat_AR_exclusive
read_and_treat_AR_exclusive_WD read_and_treat_AR_exclusive_WD
+++ working on night --- 2025-01-16 +++
read_and_treat_AR_exclusive read_and_treat_AR_exclusive
read_and_treat_AR_exclusive read_and_treat_AR_exclusive
read_and_treat_AR_exclusive read_and_treat_AR_exclusive
read_and_treat_AR_exclusive read_and_treat_AR_exclusive
read_and_treat_AR_exclusive read_and_treat_AR_exclusive
read_and_treat_AR_exclusive read_and_treat_AR_exclusive
read_and_treat_AR_exclusive_WD read_and_treat_AR_exclusive_WD
+++ working on night --- 2025-01-17 +++
read_and_treat_AR_exclusive read_and_treat_AR_exclusive
read_and_treat_AR_exclusive read_and_treat_AR_exclusive
read_and_treat_AR_exclusive read_and_treat_AR_exclusive
read_and_treat_AR_exclusive read_and_treat_AR_exclusive
read_and_treat_AR_exclusive read_and_treat_AR_exclusive
read_and_treat_AR_exclusive read_and_treat_AR_exclusive
read_and_treat_AR_exclusive_WD read_and_treat_AR_exclusive_WD
+++ working on night --- 2025-01-18 +++
read_and_treat_AR_exclusive read_and_treat_AR_exclusive
read_and_treat_AR_exclusive read_and_treat_AR_exclusive
read_and_treat_AR_exclusive read_and_treat_AR_exclusive
read_and_treat_AR_exclusive read_and_treat_AR_exclusive
read_and_treat_AR_exclusive read_and_treat_AR_exclusive
read_and_treat_AR_exclusive read_and_treat_AR_exclusive
read_and_treat_AR_exclusive_WD read_and_treat_AR_exclusive_WD
+++ working on night --- 2025-01-19 +++
read_and_treat_AR_exclusive read_and_treat_AR_exclusive
read_and_treat_AR_exclusive read_and_treat_AR_exclusive
read_and_treat_AR_exclusive read_and_treat_AR_exclusive
read_and_treat_AR_exclusive read_and_treat_AR_exclusive
read_and_treat_AR_exclusive read_and_treat_AR_exclusive
read_and_treat_AR_exclusive read_and_treat_AR_exclusive
read_and_treat_AR_exclusive_WD read_and_treat_AR_exclusive_WD
+++ working on night --- 2025-01-20 +++
read_and_treat_AR_exclusive read_and_treat_AR_exclusive
read_and_treat_AR_exclusive read_and_treat_AR_exclusive
read_and_treat_AR_exclusive read_and_treat_AR_exclusive
read_and_treat_AR_exclusive read_and_treat_AR_exclusive
read_and_treat_AR_exclusive read_and_treat_AR_exclusive
read_and_treat_AR_exclusive read_and_treat_AR_exclusive
read_and_treat_AR_exclusive_WD read_and_treat_AR_exclusive_WD
+++ working on night --- 2025-01-21 +++
read_and_treat_AR_exclusive read_and_treat_AR_exclusive
read_and_treat_AR_exclusive read_and_treat_AR_exclusive
read_and_treat_AR_exclusive read_and_treat_AR_exclusive
read_and_treat_AR_exclusive read_and_treat_AR_exclusive
read_and_treat_AR_exclusive read_and_treat_AR_exclusive
read_and_treat_AR_exclusive read_and_treat_AR_exclusive
read_and_treat_AR_exclusive_WD read_and_treat_AR_exclusive_WD
+++ working on night --- 2025-01-22 +++
read_and_treat_AR_exclusive read_and_treat_AR_exclusive
read_and_treat_AR_exclusive read_and_treat_AR_exclusive
read_and_treat_AR_exclusive read_and_treat_AR_exclusive
read_and_treat_AR_exclusive read_and_treat_AR_exclusive
read_and_treat_AR_exclusive read_and_treat_AR_exclusive
read_and_treat_AR_exclusive read_and_treat_AR_exclusive
read_and_treat_AR_exclusive_WD read_and_treat_AR_exclusive_WD
+++ working on night --- 2025-01-23 +++
read_and_treat_AR_exclusive read_and_treat_AR_exclusive
read_and_treat_AR_exclusive read_and_treat_AR_exclusive
read_and_treat_AR_exclusive read_and_treat_AR_exclusive
read_and_treat_AR_exclusive read_and_treat_AR_exclusive
read_and_treat_AR_exclusive read_and_treat_AR_exclusive
read_and_treat_AR_exclusive read_and_treat_AR_exclusive
read_and_treat_AR_exclusive_WD read_and_treat_AR_exclusive_WD
+++ working on night --- 2025-01-24 +++
read_and_treat_AR_exclusive read_and_treat_AR_exclusive
read_and_treat_AR_exclusive read_and_treat_AR_exclusive
read_and_treat_AR_exclusive read_and_treat_AR_exclusive
read_and_treat_AR_exclusive read_and_treat_AR_exclusive
read_and_treat_AR_exclusive read_and_treat_AR_exclusive
read_and_treat_AR_exclusive read_and_treat_AR_exclusive
read_and_treat_AR_exclusive_WD read_and_treat_AR_exclusive_WD
+++ working on night --- 2025-01-25 +++
read_and_treat_AR_exclusive read_and_treat_AR_exclusive
read_and_treat_AR_exclusive read_and_treat_AR_exclusive
read_and_treat_AR_exclusive read_and_treat_AR_exclusive
read_and_treat_AR_exclusive read_and_treat_AR_exclusive
read_and_treat_AR_exclusive read_and_treat_AR_exclusive
read_and_treat_AR_exclusive read_and_treat_AR_exclusive
read_and_treat_AR_exclusive_WD read_and_treat_AR_exclusive_WD
+++ working on night --- 2025-01-26 +++
read_and_treat_AR_exclusive read_and_treat_AR_exclusive
read_and_treat_AR_exclusive read_and_treat_AR_exclusive
read_and_treat_AR_exclusive read_and_treat_AR_exclusive
read_and_treat_AR_exclusive read_and_treat_AR_exclusive
read_and_treat_AR_exclusive read_and_treat_AR_exclusive
read_and_treat_AR_exclusive read_and_treat_AR_exclusive
read_and_treat_AR_exclusive_WD read_and_treat_AR_exclusive_WD
+++ working on night --- 2025-01-27 +++
read_and_treat_AR_exclusive read_and_treat_AR_exclusive
read_and_treat_AR_exclusive read_and_treat_AR_exclusive
read_and_treat_AR_exclusive read_and_treat_AR_exclusive
read_and_treat_AR_exclusive read_and_treat_AR_exclusive
read_and_treat_AR_exclusive read_and_treat_AR_exclusive
read_and_treat_AR_exclusive read_and_treat_AR_exclusive
read_and_treat_AR_exclusive_WD read_and_treat_AR_exclusive_WD
+++ working on night --- 2025-01-28 +++
read_and_treat_AR_exclusive read_and_treat_AR_exclusive
read_and_treat_AR_exclusive read_and_treat_AR_exclusive
read_and_treat_AR_exclusive read_and_treat_AR_exclusive
read_and_treat_AR_exclusive read_and_treat_AR_exclusive
read_and_treat_AR_exclusive read_and_treat_AR_exclusive
read_and_treat_AR_exclusive read_and_treat_AR_exclusive
read_and_treat_AR_exclusive_WD read_and_treat_AR_exclusive_WD
+++ working on night --- 2025-01-29 +++
read_and_treat_AR_exclusive read_and_treat_AR_exclusive
read_and_treat_AR_exclusive read_and_treat_AR_exclusive
read_and_treat_AR_exclusive read_and_treat_AR_exclusive
read_and_treat_AR_exclusive read_and_treat_AR_exclusive
read_and_treat_AR_exclusive read_and_treat_AR_exclusive
read_and_treat_AR_exclusive read_and_treat_AR_exclusive
read_and_treat_AR_exclusive_WD read_and_treat_AR_exclusive_WD
+++ working on night --- 2025-01-30 +++
read_and_treat_AR_exclusive read_and_treat_AR_exclusive
read_and_treat_AR_exclusive read_and_treat_AR_exclusive
read_and_treat_AR_exclusive read_and_treat_AR_exclusive
read_and_treat_AR_exclusive read_and_treat_AR_exclusive
read_and_treat_AR_exclusive read_and_treat_AR_exclusive
read_and_treat_AR_exclusive read_and_treat_AR_exclusive
read_and_treat_AR_exclusive_WD read_and_treat_AR_exclusive_WD
+++ working on night --- 2025-01-31 +++
read_and_treat_AR_exclusive read_and_treat_AR_exclusive
read_and_treat_AR_exclusive read_and_treat_AR_exclusive
read_and_treat_AR_exclusive read_and_treat_AR_exclusive
read_and_treat_AR_exclusive read_and_treat_AR_exclusive
read_and_treat_AR_exclusive read_and_treat_AR_exclusive
read_and_treat_AR_exclusive read_and_treat_AR_exclusive
read_and_treat_AR_exclusive_WD read_and_treat_AR_exclusive_WD
+++ working on night --- 2025-02-01 +++
read_and_treat_AR_exclusive read_and_treat_AR_exclusive
read_and_treat_AR_exclusive read_and_treat_AR_exclusive
read_and_treat_AR_exclusive read_and_treat_AR_exclusive
read_and_treat_AR_exclusive read_and_treat_AR_exclusive
read_and_treat_AR_exclusive read_and_treat_AR_exclusive
read_and_treat_AR_exclusive read_and_treat_AR_exclusive
read_and_treat_AR_exclusive_WD read_and_treat_AR_exclusive_WD
+++ working on night --- 2025-02-02 +++
read_and_treat_AR_exclusive read_and_treat_AR_exclusive
read_and_treat_AR_exclusive read_and_treat_AR_exclusive
read_and_treat_AR_exclusive read_and_treat_AR_exclusive
read_and_treat_AR_exclusive read_and_treat_AR_exclusive
read_and_treat_AR_exclusive read_and_treat_AR_exclusive
read_and_treat_AR_exclusive read_and_treat_AR_exclusive
read_and_treat_AR_exclusive_WD read_and_treat_AR_exclusive_WD
+++ working on night --- 2025-02-03 +++
read_and_treat_AR_exclusive read_and_treat_AR_exclusive
read_and_treat_AR_exclusive read_and_treat_AR_exclusive
read_and_treat_AR_exclusive read_and_treat_AR_exclusive
read_and_treat_AR_exclusive read_and_treat_AR_exclusive
read_and_treat_AR_exclusive read_and_treat_AR_exclusive
read_and_treat_AR_exclusive read_and_treat_AR_exclusive
read_and_treat_AR_exclusive_WD read_and_treat_AR_exclusive_WD
+++ working on night --- 2025-02-04 +++
read_and_treat_AR_exclusive read_and_treat_AR_exclusive
read_and_treat_AR_exclusive read_and_treat_AR_exclusive
read_and_treat_AR_exclusive read_and_treat_AR_exclusive
read_and_treat_AR_exclusive read_and_treat_AR_exclusive
read_and_treat_AR_exclusive read_and_treat_AR_exclusive
read_and_treat_AR_exclusive read_and_treat_AR_exclusive
read_and_treat_AR_exclusive_WD read_and_treat_AR_exclusive_WD
+++ working on night --- 2025-02-05 +++
read_and_treat_AR_exclusive read_and_treat_AR_exclusive
read_and_treat_AR_exclusive read_and_treat_AR_exclusive
read_and_treat_AR_exclusive read_and_treat_AR_exclusive
read_and_treat_AR_exclusive read_and_treat_AR_exclusive
read_and_treat_AR_exclusive read_and_treat_AR_exclusive
read_and_treat_AR_exclusive read_and_treat_AR_exclusive
read_and_treat_AR_exclusive_WD read_and_treat_AR_exclusive_WD
+++ working on night --- 2025-02-06 +++
read_and_treat_AR_exclusive read_and_treat_AR_exclusive
read_and_treat_AR_exclusive read_and_treat_AR_exclusive
read_and_treat_AR_exclusive read_and_treat_AR_exclusive
read_and_treat_AR_exclusive read_and_treat_AR_exclusive
read_and_treat_AR_exclusive read_and_treat_AR_exclusive
read_and_treat_AR_exclusive read_and_treat_AR_exclusive
read_and_treat_AR_exclusive_WD read_and_treat_AR_exclusive_WD
+++ working on night --- 2025-02-07 +++
read_and_treat_AR_exclusive read_and_treat_AR_exclusive
read_and_treat_AR_exclusive read_and_treat_AR_exclusive
read_and_treat_AR_exclusive read_and_treat_AR_exclusive
read_and_treat_AR_exclusive read_and_treat_AR_exclusive
read_and_treat_AR_exclusive read_and_treat_AR_exclusive
read_and_treat_AR_exclusive read_and_treat_AR_exclusive
read_and_treat_AR_exclusive_WD read_and_treat_AR_exclusive_WD
+++ working on night --- 2025-02-08 +++
read_and_treat_AR_exclusive read_and_treat_AR_exclusive
read_and_treat_AR_exclusive read_and_treat_AR_exclusive
read_and_treat_AR_exclusive read_and_treat_AR_exclusive
read_and_treat_AR_exclusive read_and_treat_AR_exclusive
read_and_treat_AR_exclusive read_and_treat_AR_exclusive
read_and_treat_AR_exclusive read_and_treat_AR_exclusive
read_and_treat_AR_exclusive_WD read_and_treat_AR_exclusive_WD
+++ working on night --- 2025-02-09 +++
read_and_treat_AR_exclusive read_and_treat_AR_exclusive
read_and_treat_AR_exclusive read_and_treat_AR_exclusive
read_and_treat_AR_exclusive read_and_treat_AR_exclusive
read_and_treat_AR_exclusive read_and_treat_AR_exclusive
read_and_treat_AR_exclusive read_and_treat_AR_exclusive
read_and_treat_AR_exclusive read_and_treat_AR_exclusive
read_and_treat_AR_exclusive_WD read_and_treat_AR_exclusive_WD
+++ working on night --- 2025-02-10 +++
read_and_treat_AR_exclusive read_and_treat_AR_exclusive
read_and_treat_AR_exclusive read_and_treat_AR_exclusive
read_and_treat_AR_exclusive read_and_treat_AR_exclusive
read_and_treat_AR_exclusive read_and_treat_AR_exclusive
read_and_treat_AR_exclusive read_and_treat_AR_exclusive
read_and_treat_AR_exclusive read_and_treat_AR_exclusive
read_and_treat_AR_exclusive_WD read_and_treat_AR_exclusive_WD
+++ working on night --- 2025-02-11 +++
read_and_treat_AR_exclusive read_and_treat_AR_exclusive
read_and_treat_AR_exclusive read_and_treat_AR_exclusive
read_and_treat_AR_exclusive read_and_treat_AR_exclusive
read_and_treat_AR_exclusive read_and_treat_AR_exclusive
read_and_treat_AR_exclusive read_and_treat_AR_exclusive
read_and_treat_AR_exclusive read_and_treat_AR_exclusive
read_and_treat_AR_exclusive_WD read_and_treat_AR_exclusive_WD
+++ working on night --- 2025-02-12 +++
read_and_treat_AR_exclusive read_and_treat_AR_exclusive
read_and_treat_AR_exclusive read_and_treat_AR_exclusive
read_and_treat_AR_exclusive read_and_treat_AR_exclusive
read_and_treat_AR_exclusive read_and_treat_AR_exclusive
read_and_treat_AR_exclusive read_and_treat_AR_exclusive
read_and_treat_AR_exclusive read_and_treat_AR_exclusive
read_and_treat_AR_exclusive_WD read_and_treat_AR_exclusive_WD
+++ working on night --- 2025-02-13 +++
read_and_treat_AR_exclusive read_and_treat_AR_exclusive
read_and_treat_AR_exclusive read_and_treat_AR_exclusive
read_and_treat_AR_exclusive read_and_treat_AR_exclusive
read_and_treat_AR_exclusive read_and_treat_AR_exclusive
read_and_treat_AR_exclusive read_and_treat_AR_exclusive
read_and_treat_AR_exclusive read_and_treat_AR_exclusive
read_and_treat_AR_exclusive_WD read_and_treat_AR_exclusive_WD
+++ working on night --- 2025-02-14 +++
read_and_treat_AR_exclusive read_and_treat_AR_exclusive
read_and_treat_AR_exclusive read_and_treat_AR_exclusive
read_and_treat_AR_exclusive read_and_treat_AR_exclusive
read_and_treat_AR_exclusive read_and_treat_AR_exclusive
read_and_treat_AR_exclusive read_and_treat_AR_exclusive
read_and_treat_AR_exclusive read_and_treat_AR_exclusive
read_and_treat_AR_exclusive_WD read_and_treat_AR_exclusive_WD
+++ working on night --- 2025-02-15 +++
read_and_treat_AR_exclusive read_and_treat_AR_exclusive
read_and_treat_AR_exclusive read_and_treat_AR_exclusive
read_and_treat_AR_exclusive read_and_treat_AR_exclusive
read_and_treat_AR_exclusive read_and_treat_AR_exclusive
read_and_treat_AR_exclusive read_and_treat_AR_exclusive
read_and_treat_AR_exclusive read_and_treat_AR_exclusive
read_and_treat_AR_exclusive_WD read_and_treat_AR_exclusive_WD
+++ working on night --- 2025-02-16 +++
read_and_treat_AR_exclusive read_and_treat_AR_exclusive
read_and_treat_AR_exclusive read_and_treat_AR_exclusive
read_and_treat_AR_exclusive read_and_treat_AR_exclusive
read_and_treat_AR_exclusive read_and_treat_AR_exclusive
read_and_treat_AR_exclusive read_and_treat_AR_exclusive
read_and_treat_AR_exclusive read_and_treat_AR_exclusive
read_and_treat_AR_exclusive_WD read_and_treat_AR_exclusive_WD
+++ working on night --- 2025-02-17 +++
read_and_treat_AR_exclusive read_and_treat_AR_exclusive
read_and_treat_AR_exclusive read_and_treat_AR_exclusive
read_and_treat_AR_exclusive read_and_treat_AR_exclusive
read_and_treat_AR_exclusive read_and_treat_AR_exclusive
read_and_treat_AR_exclusive read_and_treat_AR_exclusive
read_and_treat_AR_exclusive read_and_treat_AR_exclusive
read_and_treat_AR_exclusive_WD read_and_treat_AR_exclusive_WD
+++ working on night --- 2025-02-18 +++
read_and_treat_AR_exclusive read_and_treat_AR_exclusive
read_and_treat_AR_exclusive read_and_treat_AR_exclusive
read_and_treat_AR_exclusive read_and_treat_AR_exclusive
read_and_treat_AR_exclusive read_and_treat_AR_exclusive
read_and_treat_AR_exclusive read_and_treat_AR_exclusive
read_and_treat_AR_exclusive read_and_treat_AR_exclusive
read_and_treat_AR_exclusive_WD read_and_treat_AR_exclusive_WD
+++ working on night --- 2025-02-19 +++
tail: cannot open ‘/TERASTARMET/FATE_BACKUPS_mesohp1/AUTOMATION_OUTPUTS/AUTOREGRESSION_night3/postproc/DAT_ARCHIVE/20250219_see_evol_time_Height_5_20000_TELEMETRY_output_night.dat’ for reading: No such file or directory
read_and_treat_AR_exclusive read_and_treat_AR_exclusive
tail: cannot open ‘/TERASTARMET/FATE_BACKUPS_mesohp1/AUTOMATION_OUTPUTS/AUTOREGRESSION_night3/postproc/DAT_ARCHIVE/20250219_tau_evol_time_Height_5_20000_TELEMETRY_output_night.dat’ for reading: No such file or directory
read_and_treat_AR_exclusive read_and_treat_AR_exclusive
tail: cannot open ‘/TERASTARMET/FATE_BACKUPS_mesohp1/AUTOMATION_OUTPUTS/AUTOREGRESSION_night3/postproc/DAT_ARCHIVE/20250219_glf_evol_time_Height_5_20000_TELEMETRY_output_night.dat’ for reading: No such file or directory
read_and_treat_AR_exclusive read_and_treat_AR_exclusive
read_and_treat_AR_exclusive read_and_treat_AR_exclusive
read_and_treat_AR_exclusive read_and_treat_AR_exclusive
read_and_treat_AR_exclusive read_and_treat_AR_exclusive
read_and_treat_AR_exclusive_WD read_and_treat_AR_exclusive_WD
mv: cannot stat ‘SEE_ARevol_1H_nig3*.dat’: No such file or directory
mv: cannot stat ‘TAU_ARevol_1H_nig3*.dat’: No such file or directory
mv: cannot stat ‘GLF_ARevol_1H_nig3*.dat’: No such file or directory
+++ working on night --- 2025-02-20 +++
read_and_treat_AR_exclusive read_and_treat_AR_exclusive
read_and_treat_AR_exclusive read_and_treat_AR_exclusive
read_and_treat_AR_exclusive read_and_treat_AR_exclusive
read_and_treat_AR_exclusive read_and_treat_AR_exclusive
read_and_treat_AR_exclusive read_and_treat_AR_exclusive
read_and_treat_AR_exclusive read_and_treat_AR_exclusive
read_and_treat_AR_exclusive_WD read_and_treat_AR_exclusive_WD
+++ working on night --- 2025-02-21 +++
read_and_treat_AR_exclusive read_and_treat_AR_exclusive
read_and_treat_AR_exclusive read_and_treat_AR_exclusive
read_and_treat_AR_exclusive read_and_treat_AR_exclusive
read_and_treat_AR_exclusive read_and_treat_AR_exclusive
read_and_treat_AR_exclusive read_and_treat_AR_exclusive
read_and_treat_AR_exclusive read_and_treat_AR_exclusive
read_and_treat_AR_exclusive_WD read_and_treat_AR_exclusive_WD
+++ working on night --- 2025-02-22 +++
read_and_treat_AR_exclusive read_and_treat_AR_exclusive
read_and_treat_AR_exclusive read_and_treat_AR_exclusive
read_and_treat_AR_exclusive read_and_treat_AR_exclusive
read_and_treat_AR_exclusive read_and_treat_AR_exclusive
read_and_treat_AR_exclusive read_and_treat_AR_exclusive
read_and_treat_AR_exclusive read_and_treat_AR_exclusive
read_and_treat_AR_exclusive_WD read_and_treat_AR_exclusive_WD
+++ working on night --- 2025-02-23 +++
read_and_treat_AR_exclusive read_and_treat_AR_exclusive
read_and_treat_AR_exclusive read_and_treat_AR_exclusive
read_and_treat_AR_exclusive read_and_treat_AR_exclusive
read_and_treat_AR_exclusive read_and_treat_AR_exclusive
read_and_treat_AR_exclusive read_and_treat_AR_exclusive
read_and_treat_AR_exclusive read_and_treat_AR_exclusive
read_and_treat_AR_exclusive_WD read_and_treat_AR_exclusive_WD
+++ working on night --- 2025-02-24 +++
read_and_treat_AR_exclusive read_and_treat_AR_exclusive
read_and_treat_AR_exclusive read_and_treat_AR_exclusive
read_and_treat_AR_exclusive read_and_treat_AR_exclusive
read_and_treat_AR_exclusive read_and_treat_AR_exclusive
read_and_treat_AR_exclusive read_and_treat_AR_exclusive
read_and_treat_AR_exclusive read_and_treat_AR_exclusive
read_and_treat_AR_exclusive_WD read_and_treat_AR_exclusive_WD
+++ working on night --- 2025-02-25 +++
read_and_treat_AR_exclusive read_and_treat_AR_exclusive
read_and_treat_AR_exclusive read_and_treat_AR_exclusive
read_and_treat_AR_exclusive read_and_treat_AR_exclusive
read_and_treat_AR_exclusive read_and_treat_AR_exclusive
read_and_treat_AR_exclusive read_and_treat_AR_exclusive
read_and_treat_AR_exclusive read_and_treat_AR_exclusive
read_and_treat_AR_exclusive_WD read_and_treat_AR_exclusive_WD
+++ working on night --- 2025-02-26 +++
read_and_treat_AR_exclusive read_and_treat_AR_exclusive
read_and_treat_AR_exclusive read_and_treat_AR_exclusive
read_and_treat_AR_exclusive read_and_treat_AR_exclusive
read_and_treat_AR_exclusive read_and_treat_AR_exclusive
read_and_treat_AR_exclusive read_and_treat_AR_exclusive
read_and_treat_AR_exclusive read_and_treat_AR_exclusive
read_and_treat_AR_exclusive_WD read_and_treat_AR_exclusive_WD
+++ working on night --- 2025-02-27 +++
read_and_treat_AR_exclusive read_and_treat_AR_exclusive
read_and_treat_AR_exclusive read_and_treat_AR_exclusive
read_and_treat_AR_exclusive read_and_treat_AR_exclusive
read_and_treat_AR_exclusive read_and_treat_AR_exclusive
read_and_treat_AR_exclusive read_and_treat_AR_exclusive
read_and_treat_AR_exclusive read_and_treat_AR_exclusive
read_and_treat_AR_exclusive_WD read_and_treat_AR_exclusive_WD
+++ working on night --- 2025-02-28 +++
read_and_treat_AR_exclusive read_and_treat_AR_exclusive
read_and_treat_AR_exclusive read_and_treat_AR_exclusive
read_and_treat_AR_exclusive read_and_treat_AR_exclusive
read_and_treat_AR_exclusive read_and_treat_AR_exclusive
read_and_treat_AR_exclusive read_and_treat_AR_exclusive
read_and_treat_AR_exclusive read_and_treat_AR_exclusive
read_and_treat_AR_exclusive_WD read_and_treat_AR_exclusive_WD
+++ working on night --- 2025-03-01 +++
read_and_treat_AR_exclusive read_and_treat_AR_exclusive
read_and_treat_AR_exclusive read_and_treat_AR_exclusive
read_and_treat_AR_exclusive read_and_treat_AR_exclusive
read_and_treat_AR_exclusive read_and_treat_AR_exclusive
read_and_treat_AR_exclusive read_and_treat_AR_exclusive
read_and_treat_AR_exclusive read_and_treat_AR_exclusive
read_and_treat_AR_exclusive_WD read_and_treat_AR_exclusive_WD
+++ working on night --- 2025-03-02 +++
read_and_treat_AR_exclusive read_and_treat_AR_exclusive
read_and_treat_AR_exclusive read_and_treat_AR_exclusive
read_and_treat_AR_exclusive read_and_treat_AR_exclusive
read_and_treat_AR_exclusive read_and_treat_AR_exclusive
read_and_treat_AR_exclusive read_and_treat_AR_exclusive
read_and_treat_AR_exclusive read_and_treat_AR_exclusive
read_and_treat_AR_exclusive_WD read_and_treat_AR_exclusive_WD
+++ working on night --- 2025-03-03 +++
read_and_treat_AR_exclusive read_and_treat_AR_exclusive
read_and_treat_AR_exclusive read_and_treat_AR_exclusive
read_and_treat_AR_exclusive read_and_treat_AR_exclusive
read_and_treat_AR_exclusive read_and_treat_AR_exclusive
read_and_treat_AR_exclusive read_and_treat_AR_exclusive
read_and_treat_AR_exclusive read_and_treat_AR_exclusive
read_and_treat_AR_exclusive_WD read_and_treat_AR_exclusive_WD
+++ working on night --- 2025-03-04 +++
read_and_treat_AR_exclusive read_and_treat_AR_exclusive
read_and_treat_AR_exclusive read_and_treat_AR_exclusive
read_and_treat_AR_exclusive read_and_treat_AR_exclusive
read_and_treat_AR_exclusive read_and_treat_AR_exclusive
read_and_treat_AR_exclusive read_and_treat_AR_exclusive
read_and_treat_AR_exclusive read_and_treat_AR_exclusive
read_and_treat_AR_exclusive_WD read_and_treat_AR_exclusive_WD
+++ working on night --- 2025-03-05 +++
read_and_treat_AR_exclusive read_and_treat_AR_exclusive
read_and_treat_AR_exclusive read_and_treat_AR_exclusive
read_and_treat_AR_exclusive read_and_treat_AR_exclusive
read_and_treat_AR_exclusive read_and_treat_AR_exclusive
read_and_treat_AR_exclusive read_and_treat_AR_exclusive
read_and_treat_AR_exclusive read_and_treat_AR_exclusive
read_and_treat_AR_exclusive_WD read_and_treat_AR_exclusive_WD
+++ working on night --- 2025-03-06 +++
read_and_treat_AR_exclusive read_and_treat_AR_exclusive
read_and_treat_AR_exclusive read_and_treat_AR_exclusive
read_and_treat_AR_exclusive read_and_treat_AR_exclusive
read_and_treat_AR_exclusive read_and_treat_AR_exclusive
read_and_treat_AR_exclusive read_and_treat_AR_exclusive
read_and_treat_AR_exclusive read_and_treat_AR_exclusive
read_and_treat_AR_exclusive_WD read_and_treat_AR_exclusive_WD
+++ working on night --- 2025-03-07 +++
read_and_treat_AR_exclusive read_and_treat_AR_exclusive
read_and_treat_AR_exclusive read_and_treat_AR_exclusive
read_and_treat_AR_exclusive read_and_treat_AR_exclusive
read_and_treat_AR_exclusive read_and_treat_AR_exclusive
read_and_treat_AR_exclusive read_and_treat_AR_exclusive
read_and_treat_AR_exclusive read_and_treat_AR_exclusive
read_and_treat_AR_exclusive_WD read_and_treat_AR_exclusive_WD
+++ working on night --- 2025-03-08 +++
read_and_treat_AR_exclusive read_and_treat_AR_exclusive
read_and_treat_AR_exclusive read_and_treat_AR_exclusive
read_and_treat_AR_exclusive read_and_treat_AR_exclusive
read_and_treat_AR_exclusive read_and_treat_AR_exclusive
read_and_treat_AR_exclusive read_and_treat_AR_exclusive
read_and_treat_AR_exclusive read_and_treat_AR_exclusive
read_and_treat_AR_exclusive_WD read_and_treat_AR_exclusive_WD
+++ working on night --- 2025-03-09 +++
read_and_treat_AR_exclusive read_and_treat_AR_exclusive
read_and_treat_AR_exclusive read_and_treat_AR_exclusive
read_and_treat_AR_exclusive read_and_treat_AR_exclusive
read_and_treat_AR_exclusive read_and_treat_AR_exclusive
read_and_treat_AR_exclusive read_and_treat_AR_exclusive
read_and_treat_AR_exclusive read_and_treat_AR_exclusive
read_and_treat_AR_exclusive_WD read_and_treat_AR_exclusive_WD
+++ working on night --- 2025-03-10 +++
read_and_treat_AR_exclusive read_and_treat_AR_exclusive
read_and_treat_AR_exclusive read_and_treat_AR_exclusive
read_and_treat_AR_exclusive read_and_treat_AR_exclusive
read_and_treat_AR_exclusive read_and_treat_AR_exclusive
read_and_treat_AR_exclusive read_and_treat_AR_exclusive
read_and_treat_AR_exclusive read_and_treat_AR_exclusive
read_and_treat_AR_exclusive_WD read_and_treat_AR_exclusive_WD
+++ working on night --- 2025-03-11 +++
read_and_treat_AR_exclusive read_and_treat_AR_exclusive
read_and_treat_AR_exclusive read_and_treat_AR_exclusive
read_and_treat_AR_exclusive read_and_treat_AR_exclusive
read_and_treat_AR_exclusive read_and_treat_AR_exclusive
read_and_treat_AR_exclusive read_and_treat_AR_exclusive
read_and_treat_AR_exclusive read_and_treat_AR_exclusive
read_and_treat_AR_exclusive_WD read_and_treat_AR_exclusive_WD
+++ working on night --- 2025-03-12 +++
read_and_treat_AR_exclusive read_and_treat_AR_exclusive
read_and_treat_AR_exclusive read_and_treat_AR_exclusive
read_and_treat_AR_exclusive read_and_treat_AR_exclusive
read_and_treat_AR_exclusive read_and_treat_AR_exclusive
read_and_treat_AR_exclusive read_and_treat_AR_exclusive
read_and_treat_AR_exclusive read_and_treat_AR_exclusive
read_and_treat_AR_exclusive_WD read_and_treat_AR_exclusive_WD
+++ working on night --- 2025-03-13 +++
read_and_treat_AR_exclusive read_and_treat_AR_exclusive
read_and_treat_AR_exclusive read_and_treat_AR_exclusive
read_and_treat_AR_exclusive read_and_treat_AR_exclusive
read_and_treat_AR_exclusive read_and_treat_AR_exclusive
read_and_treat_AR_exclusive read_and_treat_AR_exclusive
read_and_treat_AR_exclusive read_and_treat_AR_exclusive
read_and_treat_AR_exclusive_WD read_and_treat_AR_exclusive_WD
+++ working on night --- 2025-03-14 +++
read_and_treat_AR_exclusive read_and_treat_AR_exclusive
read_and_treat_AR_exclusive read_and_treat_AR_exclusive
read_and_treat_AR_exclusive read_and_treat_AR_exclusive
read_and_treat_AR_exclusive read_and_treat_AR_exclusive
read_and_treat_AR_exclusive read_and_treat_AR_exclusive
read_and_treat_AR_exclusive read_and_treat_AR_exclusive
read_and_treat_AR_exclusive_WD read_and_treat_AR_exclusive_WD
+++ working on night --- 2025-03-15 +++
read_and_treat_AR_exclusive read_and_treat_AR_exclusive
read_and_treat_AR_exclusive read_and_treat_AR_exclusive
read_and_treat_AR_exclusive read_and_treat_AR_exclusive
read_and_treat_AR_exclusive read_and_treat_AR_exclusive
read_and_treat_AR_exclusive read_and_treat_AR_exclusive
read_and_treat_AR_exclusive read_and_treat_AR_exclusive
read_and_treat_AR_exclusive_WD read_and_treat_AR_exclusive_WD
+++ working on night --- 2025-03-16 +++
read_and_treat_AR_exclusive read_and_treat_AR_exclusive
read_and_treat_AR_exclusive read_and_treat_AR_exclusive
read_and_treat_AR_exclusive read_and_treat_AR_exclusive
read_and_treat_AR_exclusive read_and_treat_AR_exclusive
read_and_treat_AR_exclusive read_and_treat_AR_exclusive
read_and_treat_AR_exclusive read_and_treat_AR_exclusive
read_and_treat_AR_exclusive_WD read_and_treat_AR_exclusive_WD
+++ working on night --- 2025-03-17 +++
read_and_treat_AR_exclusive read_and_treat_AR_exclusive
read_and_treat_AR_exclusive read_and_treat_AR_exclusive
read_and_treat_AR_exclusive read_and_treat_AR_exclusive
read_and_treat_AR_exclusive read_and_treat_AR_exclusive
read_and_treat_AR_exclusive read_and_treat_AR_exclusive
read_and_treat_AR_exclusive read_and_treat_AR_exclusive
read_and_treat_AR_exclusive_WD read_and_treat_AR_exclusive_WD
+++ working on night --- 2025-03-18 +++
read_and_treat_AR_exclusive read_and_treat_AR_exclusive
read_and_treat_AR_exclusive read_and_treat_AR_exclusive
read_and_treat_AR_exclusive read_and_treat_AR_exclusive
read_and_treat_AR_exclusive read_and_treat_AR_exclusive
read_and_treat_AR_exclusive read_and_treat_AR_exclusive
read_and_treat_AR_exclusive read_and_treat_AR_exclusive
read_and_treat_AR_exclusive_WD read_and_treat_AR_exclusive_WD
+++ working on night --- 2025-03-19 +++
read_and_treat_AR_exclusive read_and_treat_AR_exclusive
read_and_treat_AR_exclusive read_and_treat_AR_exclusive
read_and_treat_AR_exclusive read_and_treat_AR_exclusive
read_and_treat_AR_exclusive read_and_treat_AR_exclusive
read_and_treat_AR_exclusive read_and_treat_AR_exclusive
read_and_treat_AR_exclusive read_and_treat_AR_exclusive
read_and_treat_AR_exclusive_WD read_and_treat_AR_exclusive_WD
+++ working on night --- 2025-03-20 +++
read_and_treat_AR_exclusive read_and_treat_AR_exclusive
read_and_treat_AR_exclusive read_and_treat_AR_exclusive
read_and_treat_AR_exclusive read_and_treat_AR_exclusive
read_and_treat_AR_exclusive read_and_treat_AR_exclusive
read_and_treat_AR_exclusive read_and_treat_AR_exclusive
read_and_treat_AR_exclusive read_and_treat_AR_exclusive
read_and_treat_AR_exclusive_WD read_and_treat_AR_exclusive_WD
+++ working on night --- 2025-03-21 +++
read_and_treat_AR_exclusive read_and_treat_AR_exclusive
read_and_treat_AR_exclusive read_and_treat_AR_exclusive
read_and_treat_AR_exclusive read_and_treat_AR_exclusive
read_and_treat_AR_exclusive read_and_treat_AR_exclusive
read_and_treat_AR_exclusive read_and_treat_AR_exclusive
read_and_treat_AR_exclusive read_and_treat_AR_exclusive
read_and_treat_AR_exclusive_WD read_and_treat_AR_exclusive_WD
+++ working on night --- 2025-03-22 +++
read_and_treat_AR_exclusive read_and_treat_AR_exclusive
read_and_treat_AR_exclusive read_and_treat_AR_exclusive
read_and_treat_AR_exclusive read_and_treat_AR_exclusive
read_and_treat_AR_exclusive read_and_treat_AR_exclusive
read_and_treat_AR_exclusive read_and_treat_AR_exclusive
read_and_treat_AR_exclusive read_and_treat_AR_exclusive
read_and_treat_AR_exclusive_WD read_and_treat_AR_exclusive_WD
+++ working on night --- 2025-03-23 +++
read_and_treat_AR_exclusive read_and_treat_AR_exclusive
read_and_treat_AR_exclusive read_and_treat_AR_exclusive
read_and_treat_AR_exclusive read_and_treat_AR_exclusive
read_and_treat_AR_exclusive read_and_treat_AR_exclusive
read_and_treat_AR_exclusive read_and_treat_AR_exclusive
read_and_treat_AR_exclusive read_and_treat_AR_exclusive
read_and_treat_AR_exclusive_WD read_and_treat_AR_exclusive_WD
+++ working on night --- 2025-03-24 +++
read_and_treat_AR_exclusive read_and_treat_AR_exclusive
read_and_treat_AR_exclusive read_and_treat_AR_exclusive
read_and_treat_AR_exclusive read_and_treat_AR_exclusive
read_and_treat_AR_exclusive read_and_treat_AR_exclusive
read_and_treat_AR_exclusive read_and_treat_AR_exclusive
read_and_treat_AR_exclusive read_and_treat_AR_exclusive
read_and_treat_AR_exclusive_WD read_and_treat_AR_exclusive_WD
+++ working on night --- 2025-03-25 +++
read_and_treat_AR_exclusive read_and_treat_AR_exclusive
read_and_treat_AR_exclusive read_and_treat_AR_exclusive
read_and_treat_AR_exclusive read_and_treat_AR_exclusive
read_and_treat_AR_exclusive read_and_treat_AR_exclusive
read_and_treat_AR_exclusive read_and_treat_AR_exclusive
read_and_treat_AR_exclusive read_and_treat_AR_exclusive
read_and_treat_AR_exclusive_WD read_and_treat_AR_exclusive_WD
+++ working on night --- 2025-03-26 +++
read_and_treat_AR_exclusive read_and_treat_AR_exclusive
read_and_treat_AR_exclusive read_and_treat_AR_exclusive
read_and_treat_AR_exclusive read_and_treat_AR_exclusive
read_and_treat_AR_exclusive read_and_treat_AR_exclusive
read_and_treat_AR_exclusive read_and_treat_AR_exclusive
read_and_treat_AR_exclusive read_and_treat_AR_exclusive
read_and_treat_AR_exclusive_WD read_and_treat_AR_exclusive_WD
+++ working on night --- 2025-03-27 +++
read_and_treat_AR_exclusive read_and_treat_AR_exclusive
read_and_treat_AR_exclusive read_and_treat_AR_exclusive
read_and_treat_AR_exclusive read_and_treat_AR_exclusive
read_and_treat_AR_exclusive read_and_treat_AR_exclusive
read_and_treat_AR_exclusive read_and_treat_AR_exclusive
read_and_treat_AR_exclusive read_and_treat_AR_exclusive
read_and_treat_AR_exclusive_WD read_and_treat_AR_exclusive_WD
+++ working on night --- 2025-03-28 +++
read_and_treat_AR_exclusive read_and_treat_AR_exclusive
read_and_treat_AR_exclusive read_and_treat_AR_exclusive
read_and_treat_AR_exclusive read_and_treat_AR_exclusive
read_and_treat_AR_exclusive read_and_treat_AR_exclusive
read_and_treat_AR_exclusive read_and_treat_AR_exclusive
read_and_treat_AR_exclusive read_and_treat_AR_exclusive
read_and_treat_AR_exclusive_WD read_and_treat_AR_exclusive_WD
+++ working on night --- 2025-03-29 +++
read_and_treat_AR_exclusive read_and_treat_AR_exclusive
read_and_treat_AR_exclusive read_and_treat_AR_exclusive
read_and_treat_AR_exclusive read_and_treat_AR_exclusive
read_and_treat_AR_exclusive read_and_treat_AR_exclusive
read_and_treat_AR_exclusive read_and_treat_AR_exclusive
read_and_treat_AR_exclusive read_and_treat_AR_exclusive
read_and_treat_AR_exclusive_WD read_and_treat_AR_exclusive_WD
+++ working on night --- 2025-03-30 +++
read_and_treat_AR_exclusive read_and_treat_AR_exclusive
read_and_treat_AR_exclusive read_and_treat_AR_exclusive
read_and_treat_AR_exclusive read_and_treat_AR_exclusive
read_and_treat_AR_exclusive read_and_treat_AR_exclusive
read_and_treat_AR_exclusive read_and_treat_AR_exclusive
read_and_treat_AR_exclusive read_and_treat_AR_exclusive
read_and_treat_AR_exclusive_WD read_and_treat_AR_exclusive_WD
+++ working on night --- 2025-03-31 +++
read_and_treat_AR_exclusive read_and_treat_AR_exclusive
read_and_treat_AR_exclusive read_and_treat_AR_exclusive
read_and_treat_AR_exclusive read_and_treat_AR_exclusive
read_and_treat_AR_exclusive read_and_treat_AR_exclusive
read_and_treat_AR_exclusive read_and_treat_AR_exclusive
read_and_treat_AR_exclusive read_and_treat_AR_exclusive
read_and_treat_AR_exclusive_WD read_and_treat_AR_exclusive_WD
+++ working on night --- 2025-04-01 +++
read_and_treat_AR_exclusive read_and_treat_AR_exclusive
read_and_treat_AR_exclusive read_and_treat_AR_exclusive
read_and_treat_AR_exclusive read_and_treat_AR_exclusive
tail: cannot open ‘/TERASTARMET/FATE_BACKUPS_mesohp1/AUTOMATION_OUTPUTS/AUTOREGRESSION_night3/postproc/DAT_ARCHIVE/20250401_wapor_evol_time_Height_5_20000_TELEMETRY_output_night.dat’ for reading: No such file or directory
read_and_treat_AR_exclusive read_and_treat_AR_exclusive
read_and_treat_AR_exclusive read_and_treat_AR_exclusive
read_and_treat_AR_exclusive read_and_treat_AR_exclusive
read_and_treat_AR_exclusive_WD read_and_treat_AR_exclusive_WD
mv: cannot stat ‘PWV_ARevol_1H_nig3*.dat’: No such file or directory
+++ working on night --- 2025-04-02 +++
read_and_treat_AR_exclusive read_and_treat_AR_exclusive
read_and_treat_AR_exclusive read_and_treat_AR_exclusive
read_and_treat_AR_exclusive read_and_treat_AR_exclusive
tail: cannot open ‘/TERASTARMET/FATE_BACKUPS_mesohp1/AUTOMATION_OUTPUTS/AUTOREGRESSION_night3/postproc/DAT_ARCHIVE/20250402_wapor_evol_time_Height_5_20000_TELEMETRY_output_night.dat’ for reading: No such file or directory
read_and_treat_AR_exclusive read_and_treat_AR_exclusive
read_and_treat_AR_exclusive read_and_treat_AR_exclusive
read_and_treat_AR_exclusive read_and_treat_AR_exclusive
read_and_treat_AR_exclusive_WD read_and_treat_AR_exclusive_WD
mv: cannot stat ‘PWV_ARevol_1H_nig3*.dat’: No such file or directory
+++ working on night --- 2025-04-03 +++
read_and_treat_AR_exclusive read_and_treat_AR_exclusive
read_and_treat_AR_exclusive read_and_treat_AR_exclusive
read_and_treat_AR_exclusive read_and_treat_AR_exclusive
tail: cannot open ‘/TERASTARMET/FATE_BACKUPS_mesohp1/AUTOMATION_OUTPUTS/AUTOREGRESSION_night3/postproc/DAT_ARCHIVE/20250403_wapor_evol_time_Height_5_20000_TELEMETRY_output_night.dat’ for reading: No such file or directory
read_and_treat_AR_exclusive read_and_treat_AR_exclusive
read_and_treat_AR_exclusive read_and_treat_AR_exclusive
read_and_treat_AR_exclusive read_and_treat_AR_exclusive
read_and_treat_AR_exclusive_WD read_and_treat_AR_exclusive_WD
mv: cannot stat ‘PWV_ARevol_1H_nig3*.dat’: No such file or directory
+++ working on night --- 2025-04-04 +++
read_and_treat_AR_exclusive read_and_treat_AR_exclusive
read_and_treat_AR_exclusive read_and_treat_AR_exclusive
read_and_treat_AR_exclusive read_and_treat_AR_exclusive
tail: cannot open ‘/TERASTARMET/FATE_BACKUPS_mesohp1/AUTOMATION_OUTPUTS/AUTOREGRESSION_night3/postproc/DAT_ARCHIVE/20250404_wapor_evol_time_Height_5_20000_TELEMETRY_output_night.dat’ for reading: No such file or directory
read_and_treat_AR_exclusive read_and_treat_AR_exclusive
read_and_treat_AR_exclusive read_and_treat_AR_exclusive
read_and_treat_AR_exclusive read_and_treat_AR_exclusive
read_and_treat_AR_exclusive_WD read_and_treat_AR_exclusive_WD
mv: cannot stat ‘PWV_ARevol_1H_nig3*.dat’: No such file or directory
+++ working on night --- 2025-04-05 +++
read_and_treat_AR_exclusive read_and_treat_AR_exclusive
read_and_treat_AR_exclusive read_and_treat_AR_exclusive
read_and_treat_AR_exclusive read_and_treat_AR_exclusive
tail: cannot open ‘/TERASTARMET/FATE_BACKUPS_mesohp1/AUTOMATION_OUTPUTS/AUTOREGRESSION_night3/postproc/DAT_ARCHIVE/20250405_wapor_evol_time_Height_5_20000_TELEMETRY_output_night.dat’ for reading: No such file or directory
read_and_treat_AR_exclusive read_and_treat_AR_exclusive
read_and_treat_AR_exclusive read_and_treat_AR_exclusive
read_and_treat_AR_exclusive read_and_treat_AR_exclusive
read_and_treat_AR_exclusive_WD read_and_treat_AR_exclusive_WD
mv: cannot stat ‘PWV_ARevol_1H_nig3*.dat’: No such file or directory
+++ working on night --- 2025-04-06 +++
read_and_treat_AR_exclusive read_and_treat_AR_exclusive
read_and_treat_AR_exclusive read_and_treat_AR_exclusive
read_and_treat_AR_exclusive read_and_treat_AR_exclusive
tail: cannot open ‘/TERASTARMET/FATE_BACKUPS_mesohp1/AUTOMATION_OUTPUTS/AUTOREGRESSION_night3/postproc/DAT_ARCHIVE/20250406_wapor_evol_time_Height_5_20000_TELEMETRY_output_night.dat’ for reading: No such file or directory
read_and_treat_AR_exclusive read_and_treat_AR_exclusive
read_and_treat_AR_exclusive read_and_treat_AR_exclusive
read_and_treat_AR_exclusive read_and_treat_AR_exclusive
read_and_treat_AR_exclusive_WD read_and_treat_AR_exclusive_WD
mv: cannot stat ‘PWV_ARevol_1H_nig3*.dat’: No such file or directory
+++ working on night --- 2025-04-07 +++
read_and_treat_AR_exclusive read_and_treat_AR_exclusive
read_and_treat_AR_exclusive read_and_treat_AR_exclusive
read_and_treat_AR_exclusive read_and_treat_AR_exclusive
read_and_treat_AR_exclusive read_and_treat_AR_exclusive
read_and_treat_AR_exclusive read_and_treat_AR_exclusive
read_and_treat_AR_exclusive read_and_treat_AR_exclusive
read_and_treat_AR_exclusive_WD read_and_treat_AR_exclusive_WD
+++ working on night --- 2025-04-08 +++
read_and_treat_AR_exclusive read_and_treat_AR_exclusive
read_and_treat_AR_exclusive read_and_treat_AR_exclusive
read_and_treat_AR_exclusive read_and_treat_AR_exclusive
read_and_treat_AR_exclusive read_and_treat_AR_exclusive
read_and_treat_AR_exclusive read_and_treat_AR_exclusive
read_and_treat_AR_exclusive read_and_treat_AR_exclusive
read_and_treat_AR_exclusive_WD read_and_treat_AR_exclusive_WD
+++ working on night --- 2025-04-09 +++
read_and_treat_AR_exclusive read_and_treat_AR_exclusive
read_and_treat_AR_exclusive read_and_treat_AR_exclusive
read_and_treat_AR_exclusive read_and_treat_AR_exclusive
read_and_treat_AR_exclusive read_and_treat_AR_exclusive
read_and_treat_AR_exclusive read_and_treat_AR_exclusive
read_and_treat_AR_exclusive read_and_treat_AR_exclusive
read_and_treat_AR_exclusive_WD read_and_treat_AR_exclusive_WD
+++ working on night --- 2025-04-10 +++
read_and_treat_AR_exclusive read_and_treat_AR_exclusive
tail: cannot open ‘/TERASTARMET/FATE_BACKUPS_mesohp1/AUTOMATION_OUTPUTS/AUTOREGRESSION_night3/postproc/DAT_ARCHIVE/20250410_tau_evol_time_Height_5_20000_TELEMETRY_output_night.dat’ for reading: No such file or directory
read_and_treat_AR_exclusive read_and_treat_AR_exclusive
tail: cannot open ‘/TERASTARMET/FATE_BACKUPS_mesohp1/AUTOMATION_OUTPUTS/AUTOREGRESSION_night3/postproc/DAT_ARCHIVE/20250410_glf_evol_time_Height_5_20000_TELEMETRY_output_night.dat’ for reading: No such file or directory
read_and_treat_AR_exclusive read_and_treat_AR_exclusive
tail: cannot open ‘/TERASTARMET/FATE_BACKUPS_mesohp1/AUTOMATION_OUTPUTS/AUTOREGRESSION_night3/postproc/DAT_ARCHIVE/20250410_wapor_evol_time_Height_5_20000_TELEMETRY_output_night.dat’ for reading: No such file or directory
read_and_treat_AR_exclusive read_and_treat_AR_exclusive
tail: cannot open ‘/TERASTARMET/FATE_BACKUPS_mesohp1/AUTOMATION_OUTPUTS/AUTOREGRESSION_night3/postproc/DAT_ARCHIVE/20250410_rh_k6_evol_time_TELEMETRY_output_night.dat’ for reading: No such file or directory
read_and_treat_AR_exclusive read_and_treat_AR_exclusive
tail: cannot open ‘/TERASTARMET/FATE_BACKUPS_mesohp1/AUTOMATION_OUTPUTS/AUTOREGRESSION_night3/postproc/DAT_ARCHIVE/20250410_wind_k6_evol_time_TELEMETRY_output_night.dat’ for reading: No such file or directory
read_and_treat_AR_exclusive read_and_treat_AR_exclusive
tail: cannot open ‘/TERASTARMET/FATE_BACKUPS_mesohp1/AUTOMATION_OUTPUTS/AUTOREGRESSION_night3/postproc/DAT_ARCHIVE/20250410_winddir_k6_evol_time_TELEMETRY_output_night.dat’ for reading: No such file or directory
read_and_treat_AR_exclusive_WD read_and_treat_AR_exclusive_WD
mv: cannot stat ‘TAU_ARevol_1H_nig3*.dat’: No such file or directory
mv: cannot stat ‘GLF_ARevol_1H_nig3*.dat’: No such file or directory
mv: cannot stat ‘PWV_ARevol_1H_nig3*.dat’: No such file or directory
mv: cannot stat ‘RH_ARevol_1H_nig3*.dat’: No such file or directory
mv: cannot stat ‘WS_ARevol_1H_nig3*.dat’: No such file or directory
mv: cannot stat ‘WD_ARevol_1H_nig3*.dat’: No such file or directory
+++ working on night --- 2025-04-11 +++
read_and_treat_AR_exclusive read_and_treat_AR_exclusive
read_and_treat_AR_exclusive read_and_treat_AR_exclusive
read_and_treat_AR_exclusive read_and_treat_AR_exclusive
read_and_treat_AR_exclusive read_and_treat_AR_exclusive
read_and_treat_AR_exclusive read_and_treat_AR_exclusive
read_and_treat_AR_exclusive read_and_treat_AR_exclusive
read_and_treat_AR_exclusive_WD read_and_treat_AR_exclusive_WD
+++ working on night --- 2025-04-12 +++
read_and_treat_AR_exclusive read_and_treat_AR_exclusive
read_and_treat_AR_exclusive read_and_treat_AR_exclusive
read_and_treat_AR_exclusive read_and_treat_AR_exclusive
read_and_treat_AR_exclusive read_and_treat_AR_exclusive
read_and_treat_AR_exclusive read_and_treat_AR_exclusive
read_and_treat_AR_exclusive read_and_treat_AR_exclusive
read_and_treat_AR_exclusive_WD read_and_treat_AR_exclusive_WD
+++ working on night --- 2025-04-13 +++
read_and_treat_AR_exclusive read_and_treat_AR_exclusive
read_and_treat_AR_exclusive read_and_treat_AR_exclusive
read_and_treat_AR_exclusive read_and_treat_AR_exclusive
read_and_treat_AR_exclusive read_and_treat_AR_exclusive
read_and_treat_AR_exclusive read_and_treat_AR_exclusive
read_and_treat_AR_exclusive read_and_treat_AR_exclusive
read_and_treat_AR_exclusive_WD read_and_treat_AR_exclusive_WD
+++ working on night --- 2025-04-14 +++
read_and_treat_AR_exclusive read_and_treat_AR_exclusive
read_and_treat_AR_exclusive read_and_treat_AR_exclusive
read_and_treat_AR_exclusive read_and_treat_AR_exclusive
read_and_treat_AR_exclusive read_and_treat_AR_exclusive
read_and_treat_AR_exclusive read_and_treat_AR_exclusive
read_and_treat_AR_exclusive read_and_treat_AR_exclusive
read_and_treat_AR_exclusive_WD read_and_treat_AR_exclusive_WD
+++ working on night --- 2025-04-15 +++
read_and_treat_AR_exclusive read_and_treat_AR_exclusive
read_and_treat_AR_exclusive read_and_treat_AR_exclusive
read_and_treat_AR_exclusive read_and_treat_AR_exclusive
read_and_treat_AR_exclusive read_and_treat_AR_exclusive
read_and_treat_AR_exclusive read_and_treat_AR_exclusive
read_and_treat_AR_exclusive read_and_treat_AR_exclusive
read_and_treat_AR_exclusive_WD read_and_treat_AR_exclusive_WD
+++ working on night --- 2025-04-16 +++
read_and_treat_AR_exclusive read_and_treat_AR_exclusive
read_and_treat_AR_exclusive read_and_treat_AR_exclusive
read_and_treat_AR_exclusive read_and_treat_AR_exclusive
read_and_treat_AR_exclusive read_and_treat_AR_exclusive
read_and_treat_AR_exclusive read_and_treat_AR_exclusive
read_and_treat_AR_exclusive read_and_treat_AR_exclusive
read_and_treat_AR_exclusive_WD read_and_treat_AR_exclusive_WD
+++ working on night --- 2025-04-18 +++
read_and_treat_AR_exclusive read_and_treat_AR_exclusive
read_and_treat_AR_exclusive read_and_treat_AR_exclusive
read_and_treat_AR_exclusive read_and_treat_AR_exclusive
read_and_treat_AR_exclusive read_and_treat_AR_exclusive
read_and_treat_AR_exclusive read_and_treat_AR_exclusive
read_and_treat_AR_exclusive read_and_treat_AR_exclusive
read_and_treat_AR_exclusive_WD read_and_treat_AR_exclusive_WD
+++ working on night --- 2025-04-19 +++
tail: cannot open ‘/TERASTARMET/FATE_BACKUPS_mesohp1/AUTOMATION_OUTPUTS/AUTOREGRESSION_night3/postproc/DAT_ARCHIVE/20250419_see_evol_time_Height_5_20000_TELEMETRY_output_night.dat’ for reading: No such file or directory
read_and_treat_AR_exclusive read_and_treat_AR_exclusive
tail: cannot open ‘/TERASTARMET/FATE_BACKUPS_mesohp1/AUTOMATION_OUTPUTS/AUTOREGRESSION_night3/postproc/DAT_ARCHIVE/20250419_tau_evol_time_Height_5_20000_TELEMETRY_output_night.dat’ for reading: No such file or directory
read_and_treat_AR_exclusive read_and_treat_AR_exclusive
tail: cannot open ‘/TERASTARMET/FATE_BACKUPS_mesohp1/AUTOMATION_OUTPUTS/AUTOREGRESSION_night3/postproc/DAT_ARCHIVE/20250419_glf_evol_time_Height_5_20000_TELEMETRY_output_night.dat’ for reading: No such file or directory
read_and_treat_AR_exclusive read_and_treat_AR_exclusive
read_and_treat_AR_exclusive read_and_treat_AR_exclusive
read_and_treat_AR_exclusive read_and_treat_AR_exclusive
read_and_treat_AR_exclusive read_and_treat_AR_exclusive
read_and_treat_AR_exclusive_WD read_and_treat_AR_exclusive_WD
mv: cannot stat ‘SEE_ARevol_1H_nig3*.dat’: No such file or directory
mv: cannot stat ‘TAU_ARevol_1H_nig3*.dat’: No such file or directory
mv: cannot stat ‘GLF_ARevol_1H_nig3*.dat’: No such file or directory
+++ working on night --- 2025-04-20 +++
tail: cannot open ‘/TERASTARMET/FATE_BACKUPS_mesohp1/AUTOMATION_OUTPUTS/AUTOREGRESSION_night3/postproc/DAT_ARCHIVE/20250420_see_evol_time_Height_5_20000_TELEMETRY_output_night.dat’ for reading: No such file or directory
read_and_treat_AR_exclusive read_and_treat_AR_exclusive
tail: cannot open ‘/TERASTARMET/FATE_BACKUPS_mesohp1/AUTOMATION_OUTPUTS/AUTOREGRESSION_night3/postproc/DAT_ARCHIVE/20250420_tau_evol_time_Height_5_20000_TELEMETRY_output_night.dat’ for reading: No such file or directory
read_and_treat_AR_exclusive read_and_treat_AR_exclusive
tail: cannot open ‘/TERASTARMET/FATE_BACKUPS_mesohp1/AUTOMATION_OUTPUTS/AUTOREGRESSION_night3/postproc/DAT_ARCHIVE/20250420_glf_evol_time_Height_5_20000_TELEMETRY_output_night.dat’ for reading: No such file or directory
read_and_treat_AR_exclusive read_and_treat_AR_exclusive
read_and_treat_AR_exclusive read_and_treat_AR_exclusive
read_and_treat_AR_exclusive read_and_treat_AR_exclusive
read_and_treat_AR_exclusive read_and_treat_AR_exclusive
read_and_treat_AR_exclusive_WD read_and_treat_AR_exclusive_WD
mv: cannot stat ‘SEE_ARevol_1H_nig3*.dat’: No such file or directory
mv: cannot stat ‘TAU_ARevol_1H_nig3*.dat’: No such file or directory
mv: cannot stat ‘GLF_ARevol_1H_nig3*.dat’: No such file or directory
+++ working on night --- 2025-04-21 +++
tail: cannot open ‘/TERASTARMET/FATE_BACKUPS_mesohp1/AUTOMATION_OUTPUTS/AUTOREGRESSION_night3/postproc/DAT_ARCHIVE/20250421_see_evol_time_Height_5_20000_TELEMETRY_output_night.dat’ for reading: No such file or directory
read_and_treat_AR_exclusive read_and_treat_AR_exclusive
tail: cannot open ‘/TERASTARMET/FATE_BACKUPS_mesohp1/AUTOMATION_OUTPUTS/AUTOREGRESSION_night3/postproc/DAT_ARCHIVE/20250421_tau_evol_time_Height_5_20000_TELEMETRY_output_night.dat’ for reading: No such file or directory
read_and_treat_AR_exclusive read_and_treat_AR_exclusive
tail: cannot open ‘/TERASTARMET/FATE_BACKUPS_mesohp1/AUTOMATION_OUTPUTS/AUTOREGRESSION_night3/postproc/DAT_ARCHIVE/20250421_glf_evol_time_Height_5_20000_TELEMETRY_output_night.dat’ for reading: No such file or directory
read_and_treat_AR_exclusive read_and_treat_AR_exclusive
read_and_treat_AR_exclusive read_and_treat_AR_exclusive
read_and_treat_AR_exclusive read_and_treat_AR_exclusive
read_and_treat_AR_exclusive read_and_treat_AR_exclusive
read_and_treat_AR_exclusive_WD read_and_treat_AR_exclusive_WD
mv: cannot stat ‘SEE_ARevol_1H_nig3*.dat’: No such file or directory
mv: cannot stat ‘TAU_ARevol_1H_nig3*.dat’: No such file or directory
mv: cannot stat ‘GLF_ARevol_1H_nig3*.dat’: No such file or directory
+++ working on night --- 2025-04-22 +++
read_and_treat_AR_exclusive read_and_treat_AR_exclusive
read_and_treat_AR_exclusive read_and_treat_AR_exclusive
read_and_treat_AR_exclusive read_and_treat_AR_exclusive
read_and_treat_AR_exclusive read_and_treat_AR_exclusive
read_and_treat_AR_exclusive read_and_treat_AR_exclusive
read_and_treat_AR_exclusive read_and_treat_AR_exclusive
read_and_treat_AR_exclusive_WD read_and_treat_AR_exclusive_WD
+++ working on night --- 2025-04-23 +++
read_and_treat_AR_exclusive read_and_treat_AR_exclusive
read_and_treat_AR_exclusive read_and_treat_AR_exclusive
read_and_treat_AR_exclusive read_and_treat_AR_exclusive
read_and_treat_AR_exclusive read_and_treat_AR_exclusive
read_and_treat_AR_exclusive read_and_treat_AR_exclusive
read_and_treat_AR_exclusive read_and_treat_AR_exclusive
read_and_treat_AR_exclusive_WD read_and_treat_AR_exclusive_WD
+++ working on night --- 2025-04-24 +++
read_and_treat_AR_exclusive read_and_treat_AR_exclusive
read_and_treat_AR_exclusive read_and_treat_AR_exclusive
read_and_treat_AR_exclusive read_and_treat_AR_exclusive
read_and_treat_AR_exclusive read_and_treat_AR_exclusive
read_and_treat_AR_exclusive read_and_treat_AR_exclusive
read_and_treat_AR_exclusive read_and_treat_AR_exclusive
read_and_treat_AR_exclusive_WD read_and_treat_AR_exclusive_WD
+++ working on night --- 2025-04-25 +++
read_and_treat_AR_exclusive read_and_treat_AR_exclusive
read_and_treat_AR_exclusive read_and_treat_AR_exclusive
read_and_treat_AR_exclusive read_and_treat_AR_exclusive
read_and_treat_AR_exclusive read_and_treat_AR_exclusive
read_and_treat_AR_exclusive read_and_treat_AR_exclusive
read_and_treat_AR_exclusive read_and_treat_AR_exclusive
read_and_treat_AR_exclusive_WD read_and_treat_AR_exclusive_WD
+++ working on night --- 2025-04-26 +++
read_and_treat_AR_exclusive read_and_treat_AR_exclusive
read_and_treat_AR_exclusive read_and_treat_AR_exclusive
read_and_treat_AR_exclusive read_and_treat_AR_exclusive
read_and_treat_AR_exclusive read_and_treat_AR_exclusive
read_and_treat_AR_exclusive read_and_treat_AR_exclusive
read_and_treat_AR_exclusive read_and_treat_AR_exclusive
read_and_treat_AR_exclusive_WD read_and_treat_AR_exclusive_WD
+++ working on night --- 2025-04-27 +++
read_and_treat_AR_exclusive read_and_treat_AR_exclusive
read_and_treat_AR_exclusive read_and_treat_AR_exclusive
read_and_treat_AR_exclusive read_and_treat_AR_exclusive
tail: cannot open ‘/TERASTARMET/FATE_BACKUPS_mesohp1/AUTOMATION_OUTPUTS/AUTOREGRESSION_night3/postproc/DAT_ARCHIVE/20250427_wapor_evol_time_Height_5_20000_TELEMETRY_output_night.dat’ for reading: No such file or directory
read_and_treat_AR_exclusive read_and_treat_AR_exclusive
read_and_treat_AR_exclusive read_and_treat_AR_exclusive
read_and_treat_AR_exclusive read_and_treat_AR_exclusive
read_and_treat_AR_exclusive_WD read_and_treat_AR_exclusive_WD
mv: cannot stat ‘PWV_ARevol_1H_nig3*.dat’: No such file or directory
+++ working on night --- 2025-04-28 +++
read_and_treat_AR_exclusive read_and_treat_AR_exclusive
read_and_treat_AR_exclusive read_and_treat_AR_exclusive
read_and_treat_AR_exclusive read_and_treat_AR_exclusive
tail: cannot open ‘/TERASTARMET/FATE_BACKUPS_mesohp1/AUTOMATION_OUTPUTS/AUTOREGRESSION_night3/postproc/DAT_ARCHIVE/20250428_wapor_evol_time_Height_5_20000_TELEMETRY_output_night.dat’ for reading: No such file or directory
read_and_treat_AR_exclusive read_and_treat_AR_exclusive
read_and_treat_AR_exclusive read_and_treat_AR_exclusive
read_and_treat_AR_exclusive read_and_treat_AR_exclusive
read_and_treat_AR_exclusive_WD read_and_treat_AR_exclusive_WD
mv: cannot stat ‘PWV_ARevol_1H_nig3*.dat’: No such file or directory
+++ working on night --- 2025-04-29 +++
read_and_treat_AR_exclusive read_and_treat_AR_exclusive
read_and_treat_AR_exclusive read_and_treat_AR_exclusive
read_and_treat_AR_exclusive read_and_treat_AR_exclusive
tail: cannot open ‘/TERASTARMET/FATE_BACKUPS_mesohp1/AUTOMATION_OUTPUTS/AUTOREGRESSION_night3/postproc/DAT_ARCHIVE/20250429_wapor_evol_time_Height_5_20000_TELEMETRY_output_night.dat’ for reading: No such file or directory
read_and_treat_AR_exclusive read_and_treat_AR_exclusive
read_and_treat_AR_exclusive read_and_treat_AR_exclusive
read_and_treat_AR_exclusive read_and_treat_AR_exclusive
read_and_treat_AR_exclusive_WD read_and_treat_AR_exclusive_WD
mv: cannot stat ‘PWV_ARevol_1H_nig3*.dat’: No such file or directory
+++ working on night --- 2025-04-30 +++
read_and_treat_AR_exclusive read_and_treat_AR_exclusive
read_and_treat_AR_exclusive read_and_treat_AR_exclusive
read_and_treat_AR_exclusive read_and_treat_AR_exclusive
tail: cannot open ‘/TERASTARMET/FATE_BACKUPS_mesohp1/AUTOMATION_OUTPUTS/AUTOREGRESSION_night3/postproc/DAT_ARCHIVE/20250430_wapor_evol_time_Height_5_20000_TELEMETRY_output_night.dat’ for reading: No such file or directory
read_and_treat_AR_exclusive read_and_treat_AR_exclusive
read_and_treat_AR_exclusive read_and_treat_AR_exclusive
read_and_treat_AR_exclusive read_and_treat_AR_exclusive
read_and_treat_AR_exclusive_WD read_and_treat_AR_exclusive_WD
mv: cannot stat ‘PWV_ARevol_1H_nig3*.dat’: No such file or directory
+++ working on night --- 2025-05-01 +++
read_and_treat_AR_exclusive read_and_treat_AR_exclusive
read_and_treat_AR_exclusive read_and_treat_AR_exclusive
read_and_treat_AR_exclusive read_and_treat_AR_exclusive
tail: cannot open ‘/TERASTARMET/FATE_BACKUPS_mesohp1/AUTOMATION_OUTPUTS/AUTOREGRESSION_night3/postproc/DAT_ARCHIVE/20250501_wapor_evol_time_Height_5_20000_TELEMETRY_output_night.dat’ for reading: No such file or directory
read_and_treat_AR_exclusive read_and_treat_AR_exclusive
read_and_treat_AR_exclusive read_and_treat_AR_exclusive
read_and_treat_AR_exclusive read_and_treat_AR_exclusive
read_and_treat_AR_exclusive_WD read_and_treat_AR_exclusive_WD
mv: cannot stat ‘PWV_ARevol_1H_nig3*.dat’: No such file or directory
+++ working on night --- 2025-05-02 +++
read_and_treat_AR_exclusive read_and_treat_AR_exclusive
read_and_treat_AR_exclusive read_and_treat_AR_exclusive
read_and_treat_AR_exclusive read_and_treat_AR_exclusive
tail: cannot open ‘/TERASTARMET/FATE_BACKUPS_mesohp1/AUTOMATION_OUTPUTS/AUTOREGRESSION_night3/postproc/DAT_ARCHIVE/20250502_wapor_evol_time_Height_5_20000_TELEMETRY_output_night.dat’ for reading: No such file or directory
read_and_treat_AR_exclusive read_and_treat_AR_exclusive
read_and_treat_AR_exclusive read_and_treat_AR_exclusive
read_and_treat_AR_exclusive read_and_treat_AR_exclusive
read_and_treat_AR_exclusive_WD read_and_treat_AR_exclusive_WD
mv: cannot stat ‘PWV_ARevol_1H_nig3*.dat’: No such file or directory
+++ working on night --- 2025-05-03 +++
read_and_treat_AR_exclusive read_and_treat_AR_exclusive
read_and_treat_AR_exclusive read_and_treat_AR_exclusive
read_and_treat_AR_exclusive read_and_treat_AR_exclusive
tail: cannot open ‘/TERASTARMET/FATE_BACKUPS_mesohp1/AUTOMATION_OUTPUTS/AUTOREGRESSION_night3/postproc/DAT_ARCHIVE/20250503_wapor_evol_time_Height_5_20000_TELEMETRY_output_night.dat’ for reading: No such file or directory
read_and_treat_AR_exclusive read_and_treat_AR_exclusive
read_and_treat_AR_exclusive read_and_treat_AR_exclusive
read_and_treat_AR_exclusive read_and_treat_AR_exclusive
read_and_treat_AR_exclusive_WD read_and_treat_AR_exclusive_WD
mv: cannot stat ‘PWV_ARevol_1H_nig3*.dat’: No such file or directory
+++ working on night --- 2025-05-04 +++
read_and_treat_AR_exclusive read_and_treat_AR_exclusive
read_and_treat_AR_exclusive read_and_treat_AR_exclusive
read_and_treat_AR_exclusive read_and_treat_AR_exclusive
tail: cannot open ‘/TERASTARMET/FATE_BACKUPS_mesohp1/AUTOMATION_OUTPUTS/AUTOREGRESSION_night3/postproc/DAT_ARCHIVE/20250504_wapor_evol_time_Height_5_20000_TELEMETRY_output_night.dat’ for reading: No such file or directory
read_and_treat_AR_exclusive read_and_treat_AR_exclusive
read_and_treat_AR_exclusive read_and_treat_AR_exclusive
read_and_treat_AR_exclusive read_and_treat_AR_exclusive
read_and_treat_AR_exclusive_WD read_and_treat_AR_exclusive_WD
mv: cannot stat ‘PWV_ARevol_1H_nig3*.dat’: No such file or directory
+++ working on night --- 2025-05-05 +++
read_and_treat_AR_exclusive read_and_treat_AR_exclusive
read_and_treat_AR_exclusive read_and_treat_AR_exclusive
read_and_treat_AR_exclusive read_and_treat_AR_exclusive
tail: cannot open ‘/TERASTARMET/FATE_BACKUPS_mesohp1/AUTOMATION_OUTPUTS/AUTOREGRESSION_night3/postproc/DAT_ARCHIVE/20250505_wapor_evol_time_Height_5_20000_TELEMETRY_output_night.dat’ for reading: No such file or directory
read_and_treat_AR_exclusive read_and_treat_AR_exclusive
read_and_treat_AR_exclusive read_and_treat_AR_exclusive
read_and_treat_AR_exclusive read_and_treat_AR_exclusive
read_and_treat_AR_exclusive_WD read_and_treat_AR_exclusive_WD
mv: cannot stat ‘PWV_ARevol_1H_nig3*.dat’: No such file or directory
+++ working on night --- 2025-05-06 +++
read_and_treat_AR_exclusive read_and_treat_AR_exclusive
read_and_treat_AR_exclusive read_and_treat_AR_exclusive
read_and_treat_AR_exclusive read_and_treat_AR_exclusive
tail: cannot open ‘/TERASTARMET/FATE_BACKUPS_mesohp1/AUTOMATION_OUTPUTS/AUTOREGRESSION_night3/postproc/DAT_ARCHIVE/20250506_wapor_evol_time_Height_5_20000_TELEMETRY_output_night.dat’ for reading: No such file or directory
read_and_treat_AR_exclusive read_and_treat_AR_exclusive
read_and_treat_AR_exclusive read_and_treat_AR_exclusive
read_and_treat_AR_exclusive read_and_treat_AR_exclusive
read_and_treat_AR_exclusive_WD read_and_treat_AR_exclusive_WD
mv: cannot stat ‘PWV_ARevol_1H_nig3*.dat’: No such file or directory
+++ working on night --- 2025-05-07 +++
read_and_treat_AR_exclusive read_and_treat_AR_exclusive
read_and_treat_AR_exclusive read_and_treat_AR_exclusive
read_and_treat_AR_exclusive read_and_treat_AR_exclusive
tail: cannot open ‘/TERASTARMET/FATE_BACKUPS_mesohp1/AUTOMATION_OUTPUTS/AUTOREGRESSION_night3/postproc/DAT_ARCHIVE/20250507_wapor_evol_time_Height_5_20000_TELEMETRY_output_night.dat’ for reading: No such file or directory
read_and_treat_AR_exclusive read_and_treat_AR_exclusive
read_and_treat_AR_exclusive read_and_treat_AR_exclusive
read_and_treat_AR_exclusive read_and_treat_AR_exclusive
read_and_treat_AR_exclusive_WD read_and_treat_AR_exclusive_WD
mv: cannot stat ‘PWV_ARevol_1H_nig3*.dat’: No such file or directory
+++ working on night --- 2025-05-08 +++
read_and_treat_AR_exclusive read_and_treat_AR_exclusive
read_and_treat_AR_exclusive read_and_treat_AR_exclusive
read_and_treat_AR_exclusive read_and_treat_AR_exclusive
tail: cannot open ‘/TERASTARMET/FATE_BACKUPS_mesohp1/AUTOMATION_OUTPUTS/AUTOREGRESSION_night3/postproc/DAT_ARCHIVE/20250508_wapor_evol_time_Height_5_20000_TELEMETRY_output_night.dat’ for reading: No such file or directory
read_and_treat_AR_exclusive read_and_treat_AR_exclusive
read_and_treat_AR_exclusive read_and_treat_AR_exclusive
read_and_treat_AR_exclusive read_and_treat_AR_exclusive
read_and_treat_AR_exclusive_WD read_and_treat_AR_exclusive_WD
mv: cannot stat ‘PWV_ARevol_1H_nig3*.dat’: No such file or directory
+++ working on night --- 2025-05-09 +++
read_and_treat_AR_exclusive read_and_treat_AR_exclusive
read_and_treat_AR_exclusive read_and_treat_AR_exclusive
read_and_treat_AR_exclusive read_and_treat_AR_exclusive
tail: cannot open ‘/TERASTARMET/FATE_BACKUPS_mesohp1/AUTOMATION_OUTPUTS/AUTOREGRESSION_night3/postproc/DAT_ARCHIVE/20250509_wapor_evol_time_Height_5_20000_TELEMETRY_output_night.dat’ for reading: No such file or directory
read_and_treat_AR_exclusive read_and_treat_AR_exclusive
read_and_treat_AR_exclusive read_and_treat_AR_exclusive
read_and_treat_AR_exclusive read_and_treat_AR_exclusive
read_and_treat_AR_exclusive_WD read_and_treat_AR_exclusive_WD
mv: cannot stat ‘PWV_ARevol_1H_nig3*.dat’: No such file or directory
+++ working on night --- 2025-05-10 +++
read_and_treat_AR_exclusive read_and_treat_AR_exclusive
read_and_treat_AR_exclusive read_and_treat_AR_exclusive
read_and_treat_AR_exclusive read_and_treat_AR_exclusive
tail: cannot open ‘/TERASTARMET/FATE_BACKUPS_mesohp1/AUTOMATION_OUTPUTS/AUTOREGRESSION_night3/postproc/DAT_ARCHIVE/20250510_wapor_evol_time_Height_5_20000_TELEMETRY_output_night.dat’ for reading: No such file or directory
read_and_treat_AR_exclusive read_and_treat_AR_exclusive
read_and_treat_AR_exclusive read_and_treat_AR_exclusive
read_and_treat_AR_exclusive read_and_treat_AR_exclusive
read_and_treat_AR_exclusive_WD read_and_treat_AR_exclusive_WD
mv: cannot stat ‘PWV_ARevol_1H_nig3*.dat’: No such file or directory
+++ working on night --- 2025-05-11 +++
read_and_treat_AR_exclusive read_and_treat_AR_exclusive
read_and_treat_AR_exclusive read_and_treat_AR_exclusive
read_and_treat_AR_exclusive read_and_treat_AR_exclusive
tail: cannot open ‘/TERASTARMET/FATE_BACKUPS_mesohp1/AUTOMATION_OUTPUTS/AUTOREGRESSION_night3/postproc/DAT_ARCHIVE/20250511_wapor_evol_time_Height_5_20000_TELEMETRY_output_night.dat’ for reading: No such file or directory
read_and_treat_AR_exclusive read_and_treat_AR_exclusive
read_and_treat_AR_exclusive read_and_treat_AR_exclusive
read_and_treat_AR_exclusive read_and_treat_AR_exclusive
read_and_treat_AR_exclusive_WD read_and_treat_AR_exclusive_WD
mv: cannot stat ‘PWV_ARevol_1H_nig3*.dat’: No such file or directory
+++ working on night --- 2025-05-12 +++
read_and_treat_AR_exclusive read_and_treat_AR_exclusive
read_and_treat_AR_exclusive read_and_treat_AR_exclusive
read_and_treat_AR_exclusive read_and_treat_AR_exclusive
tail: cannot open ‘/TERASTARMET/FATE_BACKUPS_mesohp1/AUTOMATION_OUTPUTS/AUTOREGRESSION_night3/postproc/DAT_ARCHIVE/20250512_wapor_evol_time_Height_5_20000_TELEMETRY_output_night.dat’ for reading: No such file or directory
read_and_treat_AR_exclusive read_and_treat_AR_exclusive
read_and_treat_AR_exclusive read_and_treat_AR_exclusive
read_and_treat_AR_exclusive read_and_treat_AR_exclusive
read_and_treat_AR_exclusive_WD read_and_treat_AR_exclusive_WD
mv: cannot stat ‘PWV_ARevol_1H_nig3*.dat’: No such file or directory
+++ working on night --- 2025-05-13 +++
read_and_treat_AR_exclusive read_and_treat_AR_exclusive
read_and_treat_AR_exclusive read_and_treat_AR_exclusive
read_and_treat_AR_exclusive read_and_treat_AR_exclusive
tail: cannot open ‘/TERASTARMET/FATE_BACKUPS_mesohp1/AUTOMATION_OUTPUTS/AUTOREGRESSION_night3/postproc/DAT_ARCHIVE/20250513_wapor_evol_time_Height_5_20000_TELEMETRY_output_night.dat’ for reading: No such file or directory
read_and_treat_AR_exclusive read_and_treat_AR_exclusive
read_and_treat_AR_exclusive read_and_treat_AR_exclusive
read_and_treat_AR_exclusive read_and_treat_AR_exclusive
read_and_treat_AR_exclusive_WD read_and_treat_AR_exclusive_WD
mv: cannot stat ‘PWV_ARevol_1H_nig3*.dat’: No such file or directory
+++ working on night --- 2025-05-14 +++
tail: cannot open ‘/TERASTARMET/FATE_BACKUPS_mesohp1/AUTOMATION_OUTPUTS/AUTOREGRESSION_night3/postproc/DAT_ARCHIVE/20250514_see_evol_time_Height_5_20000_TELEMETRY_output_night.dat’ for reading: No such file or directory
read_and_treat_AR_exclusive read_and_treat_AR_exclusive
tail: cannot open ‘/TERASTARMET/FATE_BACKUPS_mesohp1/AUTOMATION_OUTPUTS/AUTOREGRESSION_night3/postproc/DAT_ARCHIVE/20250514_tau_evol_time_Height_5_20000_TELEMETRY_output_night.dat’ for reading: No such file or directory
read_and_treat_AR_exclusive read_and_treat_AR_exclusive
tail: cannot open ‘/TERASTARMET/FATE_BACKUPS_mesohp1/AUTOMATION_OUTPUTS/AUTOREGRESSION_night3/postproc/DAT_ARCHIVE/20250514_glf_evol_time_Height_5_20000_TELEMETRY_output_night.dat’ for reading: No such file or directory
read_and_treat_AR_exclusive read_and_treat_AR_exclusive
tail: cannot open ‘/TERASTARMET/FATE_BACKUPS_mesohp1/AUTOMATION_OUTPUTS/AUTOREGRESSION_night3/postproc/DAT_ARCHIVE/20250514_wapor_evol_time_Height_5_20000_TELEMETRY_output_night.dat’ for reading: No such file or directory
read_and_treat_AR_exclusive read_and_treat_AR_exclusive
read_and_treat_AR_exclusive read_and_treat_AR_exclusive
read_and_treat_AR_exclusive read_and_treat_AR_exclusive
read_and_treat_AR_exclusive_WD read_and_treat_AR_exclusive_WD
mv: cannot stat ‘SEE_ARevol_1H_nig3*.dat’: No such file or directory
mv: cannot stat ‘TAU_ARevol_1H_nig3*.dat’: No such file or directory
mv: cannot stat ‘GLF_ARevol_1H_nig3*.dat’: No such file or directory
mv: cannot stat ‘PWV_ARevol_1H_nig3*.dat’: No such file or directory
+++ working on night --- 2025-05-15 +++
tail: cannot open ‘/TERASTARMET/FATE_BACKUPS_mesohp1/AUTOMATION_OUTPUTS/AUTOREGRESSION_night3/postproc/DAT_ARCHIVE/20250515_see_evol_time_Height_5_20000_TELEMETRY_output_night.dat’ for reading: No such file or directory
read_and_treat_AR_exclusive read_and_treat_AR_exclusive
tail: cannot open ‘/TERASTARMET/FATE_BACKUPS_mesohp1/AUTOMATION_OUTPUTS/AUTOREGRESSION_night3/postproc/DAT_ARCHIVE/20250515_tau_evol_time_Height_5_20000_TELEMETRY_output_night.dat’ for reading: No such file or directory
read_and_treat_AR_exclusive read_and_treat_AR_exclusive
tail: cannot open ‘/TERASTARMET/FATE_BACKUPS_mesohp1/AUTOMATION_OUTPUTS/AUTOREGRESSION_night3/postproc/DAT_ARCHIVE/20250515_glf_evol_time_Height_5_20000_TELEMETRY_output_night.dat’ for reading: No such file or directory
read_and_treat_AR_exclusive read_and_treat_AR_exclusive
tail: cannot open ‘/TERASTARMET/FATE_BACKUPS_mesohp1/AUTOMATION_OUTPUTS/AUTOREGRESSION_night3/postproc/DAT_ARCHIVE/20250515_wapor_evol_time_Height_5_20000_TELEMETRY_output_night.dat’ for reading: No such file or directory
read_and_treat_AR_exclusive read_and_treat_AR_exclusive
read_and_treat_AR_exclusive read_and_treat_AR_exclusive
read_and_treat_AR_exclusive read_and_treat_AR_exclusive
read_and_treat_AR_exclusive_WD read_and_treat_AR_exclusive_WD
mv: cannot stat ‘SEE_ARevol_1H_nig3*.dat’: No such file or directory
mv: cannot stat ‘TAU_ARevol_1H_nig3*.dat’: No such file or directory
mv: cannot stat ‘GLF_ARevol_1H_nig3*.dat’: No such file or directory
mv: cannot stat ‘PWV_ARevol_1H_nig3*.dat’: No such file or directory
+++ working on night --- 2025-05-16 +++
read_and_treat_AR_exclusive read_and_treat_AR_exclusive
read_and_treat_AR_exclusive read_and_treat_AR_exclusive
read_and_treat_AR_exclusive read_and_treat_AR_exclusive
tail: cannot open ‘/TERASTARMET/FATE_BACKUPS_mesohp1/AUTOMATION_OUTPUTS/AUTOREGRESSION_night3/postproc/DAT_ARCHIVE/20250516_wapor_evol_time_Height_5_20000_TELEMETRY_output_night.dat’ for reading: No such file or directory
read_and_treat_AR_exclusive read_and_treat_AR_exclusive
read_and_treat_AR_exclusive read_and_treat_AR_exclusive
read_and_treat_AR_exclusive read_and_treat_AR_exclusive
read_and_treat_AR_exclusive_WD read_and_treat_AR_exclusive_WD
mv: cannot stat ‘PWV_ARevol_1H_nig3*.dat’: No such file or directory
+++ working on night --- 2025-05-17 +++
read_and_treat_AR_exclusive read_and_treat_AR_exclusive
read_and_treat_AR_exclusive read_and_treat_AR_exclusive
read_and_treat_AR_exclusive read_and_treat_AR_exclusive
tail: cannot open ‘/TERASTARMET/FATE_BACKUPS_mesohp1/AUTOMATION_OUTPUTS/AUTOREGRESSION_night3/postproc/DAT_ARCHIVE/20250517_wapor_evol_time_Height_5_20000_TELEMETRY_output_night.dat’ for reading: No such file or directory
read_and_treat_AR_exclusive read_and_treat_AR_exclusive
read_and_treat_AR_exclusive read_and_treat_AR_exclusive
read_and_treat_AR_exclusive read_and_treat_AR_exclusive
read_and_treat_AR_exclusive_WD read_and_treat_AR_exclusive_WD
mv: cannot stat ‘PWV_ARevol_1H_nig3*.dat’: No such file or directory
+++ working on night --- 2025-05-18 +++
read_and_treat_AR_exclusive read_and_treat_AR_exclusive
read_and_treat_AR_exclusive read_and_treat_AR_exclusive
read_and_treat_AR_exclusive read_and_treat_AR_exclusive
tail: cannot open ‘/TERASTARMET/FATE_BACKUPS_mesohp1/AUTOMATION_OUTPUTS/AUTOREGRESSION_night3/postproc/DAT_ARCHIVE/20250518_wapor_evol_time_Height_5_20000_TELEMETRY_output_night.dat’ for reading: No such file or directory
read_and_treat_AR_exclusive read_and_treat_AR_exclusive
read_and_treat_AR_exclusive read_and_treat_AR_exclusive
read_and_treat_AR_exclusive read_and_treat_AR_exclusive
read_and_treat_AR_exclusive_WD read_and_treat_AR_exclusive_WD
mv: cannot stat ‘PWV_ARevol_1H_nig3*.dat’: No such file or directory
+++ working on night --- 2025-05-19 +++
read_and_treat_AR_exclusive read_and_treat_AR_exclusive
read_and_treat_AR_exclusive read_and_treat_AR_exclusive
read_and_treat_AR_exclusive read_and_treat_AR_exclusive
tail: cannot open ‘/TERASTARMET/FATE_BACKUPS_mesohp1/AUTOMATION_OUTPUTS/AUTOREGRESSION_night3/postproc/DAT_ARCHIVE/20250519_wapor_evol_time_Height_5_20000_TELEMETRY_output_night.dat’ for reading: No such file or directory
read_and_treat_AR_exclusive read_and_treat_AR_exclusive
read_and_treat_AR_exclusive read_and_treat_AR_exclusive
read_and_treat_AR_exclusive read_and_treat_AR_exclusive
read_and_treat_AR_exclusive_WD read_and_treat_AR_exclusive_WD
mv: cannot stat ‘PWV_ARevol_1H_nig3*.dat’: No such file or directory
+++ working on night --- 2025-05-20 +++
read_and_treat_AR_exclusive read_and_treat_AR_exclusive
read_and_treat_AR_exclusive read_and_treat_AR_exclusive
read_and_treat_AR_exclusive read_and_treat_AR_exclusive
tail: cannot open ‘/TERASTARMET/FATE_BACKUPS_mesohp1/AUTOMATION_OUTPUTS/AUTOREGRESSION_night3/postproc/DAT_ARCHIVE/20250520_wapor_evol_time_Height_5_20000_TELEMETRY_output_night.dat’ for reading: No such file or directory
read_and_treat_AR_exclusive read_and_treat_AR_exclusive
read_and_treat_AR_exclusive read_and_treat_AR_exclusive
read_and_treat_AR_exclusive read_and_treat_AR_exclusive
read_and_treat_AR_exclusive_WD read_and_treat_AR_exclusive_WD
mv: cannot stat ‘PWV_ARevol_1H_nig3*.dat’: No such file or directory
+++ working on night --- 2025-05-21 +++
read_and_treat_AR_exclusive read_and_treat_AR_exclusive
read_and_treat_AR_exclusive read_and_treat_AR_exclusive
read_and_treat_AR_exclusive read_and_treat_AR_exclusive
tail: cannot open ‘/TERASTARMET/FATE_BACKUPS_mesohp1/AUTOMATION_OUTPUTS/AUTOREGRESSION_night3/postproc/DAT_ARCHIVE/20250521_wapor_evol_time_Height_5_20000_TELEMETRY_output_night.dat’ for reading: No such file or directory
read_and_treat_AR_exclusive read_and_treat_AR_exclusive
read_and_treat_AR_exclusive read_and_treat_AR_exclusive
read_and_treat_AR_exclusive read_and_treat_AR_exclusive
read_and_treat_AR_exclusive_WD read_and_treat_AR_exclusive_WD
mv: cannot stat ‘PWV_ARevol_1H_nig3*.dat’: No such file or directory
+++ working on night --- 2025-05-22 +++
read_and_treat_AR_exclusive read_and_treat_AR_exclusive
read_and_treat_AR_exclusive read_and_treat_AR_exclusive
read_and_treat_AR_exclusive read_and_treat_AR_exclusive
tail: cannot open ‘/TERASTARMET/FATE_BACKUPS_mesohp1/AUTOMATION_OUTPUTS/AUTOREGRESSION_night3/postproc/DAT_ARCHIVE/20250522_wapor_evol_time_Height_5_20000_TELEMETRY_output_night.dat’ for reading: No such file or directory
read_and_treat_AR_exclusive read_and_treat_AR_exclusive
read_and_treat_AR_exclusive read_and_treat_AR_exclusive
read_and_treat_AR_exclusive read_and_treat_AR_exclusive
read_and_treat_AR_exclusive_WD read_and_treat_AR_exclusive_WD
mv: cannot stat ‘PWV_ARevol_1H_nig3*.dat’: No such file or directory
+++ working on night --- 2025-05-23 +++
read_and_treat_AR_exclusive read_and_treat_AR_exclusive
read_and_treat_AR_exclusive read_and_treat_AR_exclusive
read_and_treat_AR_exclusive read_and_treat_AR_exclusive
tail: cannot open ‘/TERASTARMET/FATE_BACKUPS_mesohp1/AUTOMATION_OUTPUTS/AUTOREGRESSION_night3/postproc/DAT_ARCHIVE/20250523_wapor_evol_time_Height_5_20000_TELEMETRY_output_night.dat’ for reading: No such file or directory
read_and_treat_AR_exclusive read_and_treat_AR_exclusive
read_and_treat_AR_exclusive read_and_treat_AR_exclusive
read_and_treat_AR_exclusive read_and_treat_AR_exclusive
read_and_treat_AR_exclusive_WD read_and_treat_AR_exclusive_WD
mv: cannot stat ‘PWV_ARevol_1H_nig3*.dat’: No such file or directory
+++ working on night --- 2025-05-24 +++
read_and_treat_AR_exclusive read_and_treat_AR_exclusive
read_and_treat_AR_exclusive read_and_treat_AR_exclusive
read_and_treat_AR_exclusive read_and_treat_AR_exclusive
tail: cannot open ‘/TERASTARMET/FATE_BACKUPS_mesohp1/AUTOMATION_OUTPUTS/AUTOREGRESSION_night3/postproc/DAT_ARCHIVE/20250524_wapor_evol_time_Height_5_20000_TELEMETRY_output_night.dat’ for reading: No such file or directory
read_and_treat_AR_exclusive read_and_treat_AR_exclusive
read_and_treat_AR_exclusive read_and_treat_AR_exclusive
read_and_treat_AR_exclusive read_and_treat_AR_exclusive
read_and_treat_AR_exclusive_WD read_and_treat_AR_exclusive_WD
mv: cannot stat ‘PWV_ARevol_1H_nig3*.dat’: No such file or directory
+++ working on night --- 2025-05-25 +++
read_and_treat_AR_exclusive read_and_treat_AR_exclusive
read_and_treat_AR_exclusive read_and_treat_AR_exclusive
read_and_treat_AR_exclusive read_and_treat_AR_exclusive
tail: cannot open ‘/TERASTARMET/FATE_BACKUPS_mesohp1/AUTOMATION_OUTPUTS/AUTOREGRESSION_night3/postproc/DAT_ARCHIVE/20250525_wapor_evol_time_Height_5_20000_TELEMETRY_output_night.dat’ for reading: No such file or directory
read_and_treat_AR_exclusive read_and_treat_AR_exclusive
read_and_treat_AR_exclusive read_and_treat_AR_exclusive
read_and_treat_AR_exclusive read_and_treat_AR_exclusive
read_and_treat_AR_exclusive_WD read_and_treat_AR_exclusive_WD
mv: cannot stat ‘PWV_ARevol_1H_nig3*.dat’: No such file or directory
+++ working on night --- 2025-05-26 +++
read_and_treat_AR_exclusive read_and_treat_AR_exclusive
read_and_treat_AR_exclusive read_and_treat_AR_exclusive
read_and_treat_AR_exclusive read_and_treat_AR_exclusive
tail: cannot open ‘/TERASTARMET/FATE_BACKUPS_mesohp1/AUTOMATION_OUTPUTS/AUTOREGRESSION_night3/postproc/DAT_ARCHIVE/20250526_wapor_evol_time_Height_5_20000_TELEMETRY_output_night.dat’ for reading: No such file or directory
read_and_treat_AR_exclusive read_and_treat_AR_exclusive
read_and_treat_AR_exclusive read_and_treat_AR_exclusive
read_and_treat_AR_exclusive read_and_treat_AR_exclusive
read_and_treat_AR_exclusive_WD read_and_treat_AR_exclusive_WD
mv: cannot stat ‘PWV_ARevol_1H_nig3*.dat’: No such file or directory
+++ working on night --- 2025-05-27 +++
read_and_treat_AR_exclusive read_and_treat_AR_exclusive
read_and_treat_AR_exclusive read_and_treat_AR_exclusive
read_and_treat_AR_exclusive read_and_treat_AR_exclusive
tail: cannot open ‘/TERASTARMET/FATE_BACKUPS_mesohp1/AUTOMATION_OUTPUTS/AUTOREGRESSION_night3/postproc/DAT_ARCHIVE/20250527_wapor_evol_time_Height_5_20000_TELEMETRY_output_night.dat’ for reading: No such file or directory
read_and_treat_AR_exclusive read_and_treat_AR_exclusive
read_and_treat_AR_exclusive read_and_treat_AR_exclusive
read_and_treat_AR_exclusive read_and_treat_AR_exclusive
read_and_treat_AR_exclusive_WD read_and_treat_AR_exclusive_WD
mv: cannot stat ‘PWV_ARevol_1H_nig3*.dat’: No such file or directory
+++ working on night --- 2025-05-28 +++
read_and_treat_AR_exclusive read_and_treat_AR_exclusive
read_and_treat_AR_exclusive read_and_treat_AR_exclusive
read_and_treat_AR_exclusive read_and_treat_AR_exclusive
tail: cannot open ‘/TERASTARMET/FATE_BACKUPS_mesohp1/AUTOMATION_OUTPUTS/AUTOREGRESSION_night3/postproc/DAT_ARCHIVE/20250528_wapor_evol_time_Height_5_20000_TELEMETRY_output_night.dat’ for reading: No such file or directory
read_and_treat_AR_exclusive read_and_treat_AR_exclusive
read_and_treat_AR_exclusive read_and_treat_AR_exclusive
read_and_treat_AR_exclusive read_and_treat_AR_exclusive
read_and_treat_AR_exclusive_WD read_and_treat_AR_exclusive_WD
mv: cannot stat ‘PWV_ARevol_1H_nig3*.dat’: No such file or directory
+++ working on night --- 2025-05-29 +++
read_and_treat_AR_exclusive read_and_treat_AR_exclusive
read_and_treat_AR_exclusive read_and_treat_AR_exclusive
read_and_treat_AR_exclusive read_and_treat_AR_exclusive
tail: cannot open ‘/TERASTARMET/FATE_BACKUPS_mesohp1/AUTOMATION_OUTPUTS/AUTOREGRESSION_night3/postproc/DAT_ARCHIVE/20250529_wapor_evol_time_Height_5_20000_TELEMETRY_output_night.dat’ for reading: No such file or directory
read_and_treat_AR_exclusive read_and_treat_AR_exclusive
read_and_treat_AR_exclusive read_and_treat_AR_exclusive
read_and_treat_AR_exclusive read_and_treat_AR_exclusive
read_and_treat_AR_exclusive_WD read_and_treat_AR_exclusive_WD
mv: cannot stat ‘PWV_ARevol_1H_nig3*.dat’: No such file or directory
+++ working on night --- 2025-05-30 +++
read_and_treat_AR_exclusive read_and_treat_AR_exclusive
read_and_treat_AR_exclusive read_and_treat_AR_exclusive
read_and_treat_AR_exclusive read_and_treat_AR_exclusive
tail: cannot open ‘/TERASTARMET/FATE_BACKUPS_mesohp1/AUTOMATION_OUTPUTS/AUTOREGRESSION_night3/postproc/DAT_ARCHIVE/20250530_wapor_evol_time_Height_5_20000_TELEMETRY_output_night.dat’ for reading: No such file or directory
read_and_treat_AR_exclusive read_and_treat_AR_exclusive
read_and_treat_AR_exclusive read_and_treat_AR_exclusive
read_and_treat_AR_exclusive read_and_treat_AR_exclusive
read_and_treat_AR_exclusive_WD read_and_treat_AR_exclusive_WD
mv: cannot stat ‘PWV_ARevol_1H_nig3*.dat’: No such file or directory
+++ working on night --- 2025-05-31 +++
read_and_treat_AR_exclusive read_and_treat_AR_exclusive
read_and_treat_AR_exclusive read_and_treat_AR_exclusive
read_and_treat_AR_exclusive read_and_treat_AR_exclusive
tail: cannot open ‘/TERASTARMET/FATE_BACKUPS_mesohp1/AUTOMATION_OUTPUTS/AUTOREGRESSION_night3/postproc/DAT_ARCHIVE/20250531_wapor_evol_time_Height_5_20000_TELEMETRY_output_night.dat’ for reading: No such file or directory
read_and_treat_AR_exclusive read_and_treat_AR_exclusive
read_and_treat_AR_exclusive read_and_treat_AR_exclusive
read_and_treat_AR_exclusive read_and_treat_AR_exclusive
read_and_treat_AR_exclusive_WD read_and_treat_AR_exclusive_WD
mv: cannot stat ‘PWV_ARevol_1H_nig3*.dat’: No such file or directory
+++ working on night --- 2025-06-01 +++
read_and_treat_AR_exclusive read_and_treat_AR_exclusive
read_and_treat_AR_exclusive read_and_treat_AR_exclusive
read_and_treat_AR_exclusive read_and_treat_AR_exclusive
tail: cannot open ‘/TERASTARMET/FATE_BACKUPS_mesohp1/AUTOMATION_OUTPUTS/AUTOREGRESSION_night3/postproc/DAT_ARCHIVE/20250601_wapor_evol_time_Height_5_20000_TELEMETRY_output_night.dat’ for reading: No such file or directory
read_and_treat_AR_exclusive read_and_treat_AR_exclusive
read_and_treat_AR_exclusive read_and_treat_AR_exclusive
read_and_treat_AR_exclusive read_and_treat_AR_exclusive
read_and_treat_AR_exclusive_WD read_and_treat_AR_exclusive_WD
mv: cannot stat ‘PWV_ARevol_1H_nig3*.dat’: No such file or directory
+++ working on night --- 2025-06-02 +++
read_and_treat_AR_exclusive read_and_treat_AR_exclusive
read_and_treat_AR_exclusive read_and_treat_AR_exclusive
read_and_treat_AR_exclusive read_and_treat_AR_exclusive
tail: cannot open ‘/TERASTARMET/FATE_BACKUPS_mesohp1/AUTOMATION_OUTPUTS/AUTOREGRESSION_night3/postproc/DAT_ARCHIVE/20250602_wapor_evol_time_Height_5_20000_TELEMETRY_output_night.dat’ for reading: No such file or directory
read_and_treat_AR_exclusive read_and_treat_AR_exclusive
read_and_treat_AR_exclusive read_and_treat_AR_exclusive
read_and_treat_AR_exclusive read_and_treat_AR_exclusive
read_and_treat_AR_exclusive_WD read_and_treat_AR_exclusive_WD
mv: cannot stat ‘PWV_ARevol_1H_nig3*.dat’: No such file or directory
+++ working on night --- 2025-06-03 +++
read_and_treat_AR_exclusive read_and_treat_AR_exclusive
read_and_treat_AR_exclusive read_and_treat_AR_exclusive
read_and_treat_AR_exclusive read_and_treat_AR_exclusive
tail: cannot open ‘/TERASTARMET/FATE_BACKUPS_mesohp1/AUTOMATION_OUTPUTS/AUTOREGRESSION_night3/postproc/DAT_ARCHIVE/20250603_wapor_evol_time_Height_5_20000_TELEMETRY_output_night.dat’ for reading: No such file or directory
read_and_treat_AR_exclusive read_and_treat_AR_exclusive
read_and_treat_AR_exclusive read_and_treat_AR_exclusive
read_and_treat_AR_exclusive read_and_treat_AR_exclusive
read_and_treat_AR_exclusive_WD read_and_treat_AR_exclusive_WD
mv: cannot stat ‘PWV_ARevol_1H_nig3*.dat’: No such file or directory
+++ working on night --- 2025-06-04 +++
read_and_treat_AR_exclusive read_and_treat_AR_exclusive
read_and_treat_AR_exclusive read_and_treat_AR_exclusive
read_and_treat_AR_exclusive read_and_treat_AR_exclusive
tail: cannot open ‘/TERASTARMET/FATE_BACKUPS_mesohp1/AUTOMATION_OUTPUTS/AUTOREGRESSION_night3/postproc/DAT_ARCHIVE/20250604_wapor_evol_time_Height_5_20000_TELEMETRY_output_night.dat’ for reading: No such file or directory
read_and_treat_AR_exclusive read_and_treat_AR_exclusive
read_and_treat_AR_exclusive read_and_treat_AR_exclusive
read_and_treat_AR_exclusive read_and_treat_AR_exclusive
read_and_treat_AR_exclusive_WD read_and_treat_AR_exclusive_WD
mv: cannot stat ‘PWV_ARevol_1H_nig3*.dat’: No such file or directory
+++ working on night --- 2025-06-05 +++
read_and_treat_AR_exclusive read_and_treat_AR_exclusive
read_and_treat_AR_exclusive read_and_treat_AR_exclusive
read_and_treat_AR_exclusive read_and_treat_AR_exclusive
tail: cannot open ‘/TERASTARMET/FATE_BACKUPS_mesohp1/AUTOMATION_OUTPUTS/AUTOREGRESSION_night3/postproc/DAT_ARCHIVE/20250605_wapor_evol_time_Height_5_20000_TELEMETRY_output_night.dat’ for reading: No such file or directory
read_and_treat_AR_exclusive read_and_treat_AR_exclusive
read_and_treat_AR_exclusive read_and_treat_AR_exclusive
read_and_treat_AR_exclusive read_and_treat_AR_exclusive
read_and_treat_AR_exclusive_WD read_and_treat_AR_exclusive_WD
mv: cannot stat ‘PWV_ARevol_1H_nig3*.dat’: No such file or directory
+++ working on night --- 2025-06-06 +++
read_and_treat_AR_exclusive read_and_treat_AR_exclusive
read_and_treat_AR_exclusive read_and_treat_AR_exclusive
read_and_treat_AR_exclusive read_and_treat_AR_exclusive
tail: cannot open ‘/TERASTARMET/FATE_BACKUPS_mesohp1/AUTOMATION_OUTPUTS/AUTOREGRESSION_night3/postproc/DAT_ARCHIVE/20250606_wapor_evol_time_Height_5_20000_TELEMETRY_output_night.dat’ for reading: No such file or directory
read_and_treat_AR_exclusive read_and_treat_AR_exclusive
read_and_treat_AR_exclusive read_and_treat_AR_exclusive
read_and_treat_AR_exclusive read_and_treat_AR_exclusive
read_and_treat_AR_exclusive_WD read_and_treat_AR_exclusive_WD
mv: cannot stat ‘PWV_ARevol_1H_nig3*.dat’: No such file or directory
+++ working on night --- 2025-06-07 +++
read_and_treat_AR_exclusive read_and_treat_AR_exclusive
read_and_treat_AR_exclusive read_and_treat_AR_exclusive
read_and_treat_AR_exclusive read_and_treat_AR_exclusive
tail: cannot open ‘/TERASTARMET/FATE_BACKUPS_mesohp1/AUTOMATION_OUTPUTS/AUTOREGRESSION_night3/postproc/DAT_ARCHIVE/20250607_wapor_evol_time_Height_5_20000_TELEMETRY_output_night.dat’ for reading: No such file or directory
read_and_treat_AR_exclusive read_and_treat_AR_exclusive
read_and_treat_AR_exclusive read_and_treat_AR_exclusive
read_and_treat_AR_exclusive read_and_treat_AR_exclusive
read_and_treat_AR_exclusive_WD read_and_treat_AR_exclusive_WD
mv: cannot stat ‘PWV_ARevol_1H_nig3*.dat’: No such file or directory
+++ working on night --- 2025-06-08 +++
read_and_treat_AR_exclusive read_and_treat_AR_exclusive
read_and_treat_AR_exclusive read_and_treat_AR_exclusive
read_and_treat_AR_exclusive read_and_treat_AR_exclusive
tail: cannot open ‘/TERASTARMET/FATE_BACKUPS_mesohp1/AUTOMATION_OUTPUTS/AUTOREGRESSION_night3/postproc/DAT_ARCHIVE/20250608_wapor_evol_time_Height_5_20000_TELEMETRY_output_night.dat’ for reading: No such file or directory
read_and_treat_AR_exclusive read_and_treat_AR_exclusive
read_and_treat_AR_exclusive read_and_treat_AR_exclusive
read_and_treat_AR_exclusive read_and_treat_AR_exclusive
read_and_treat_AR_exclusive_WD read_and_treat_AR_exclusive_WD
mv: cannot stat ‘PWV_ARevol_1H_nig3*.dat’: No such file or directory
+++ working on night --- 2025-06-09 +++
read_and_treat_AR_exclusive read_and_treat_AR_exclusive
read_and_treat_AR_exclusive read_and_treat_AR_exclusive
read_and_treat_AR_exclusive read_and_treat_AR_exclusive
tail: cannot open ‘/TERASTARMET/FATE_BACKUPS_mesohp1/AUTOMATION_OUTPUTS/AUTOREGRESSION_night3/postproc/DAT_ARCHIVE/20250609_wapor_evol_time_Height_5_20000_TELEMETRY_output_night.dat’ for reading: No such file or directory
read_and_treat_AR_exclusive read_and_treat_AR_exclusive
read_and_treat_AR_exclusive read_and_treat_AR_exclusive
read_and_treat_AR_exclusive read_and_treat_AR_exclusive
read_and_treat_AR_exclusive_WD read_and_treat_AR_exclusive_WD
mv: cannot stat ‘PWV_ARevol_1H_nig3*.dat’: No such file or directory
+++ working on night --- 2025-06-10 +++
read_and_treat_AR_exclusive read_and_treat_AR_exclusive
read_and_treat_AR_exclusive read_and_treat_AR_exclusive
read_and_treat_AR_exclusive read_and_treat_AR_exclusive
tail: cannot open ‘/TERASTARMET/FATE_BACKUPS_mesohp1/AUTOMATION_OUTPUTS/AUTOREGRESSION_night3/postproc/DAT_ARCHIVE/20250610_wapor_evol_time_Height_5_20000_TELEMETRY_output_night.dat’ for reading: No such file or directory
read_and_treat_AR_exclusive read_and_treat_AR_exclusive
read_and_treat_AR_exclusive read_and_treat_AR_exclusive
read_and_treat_AR_exclusive read_and_treat_AR_exclusive
read_and_treat_AR_exclusive_WD read_and_treat_AR_exclusive_WD
mv: cannot stat ‘PWV_ARevol_1H_nig3*.dat’: No such file or directory
+++ working on night --- 2025-06-11 +++
read_and_treat_AR_exclusive read_and_treat_AR_exclusive
read_and_treat_AR_exclusive read_and_treat_AR_exclusive
read_and_treat_AR_exclusive read_and_treat_AR_exclusive
tail: cannot open ‘/TERASTARMET/FATE_BACKUPS_mesohp1/AUTOMATION_OUTPUTS/AUTOREGRESSION_night3/postproc/DAT_ARCHIVE/20250611_wapor_evol_time_Height_5_20000_TELEMETRY_output_night.dat’ for reading: No such file or directory
read_and_treat_AR_exclusive read_and_treat_AR_exclusive
read_and_treat_AR_exclusive read_and_treat_AR_exclusive
read_and_treat_AR_exclusive read_and_treat_AR_exclusive
read_and_treat_AR_exclusive_WD read_and_treat_AR_exclusive_WD
mv: cannot stat ‘PWV_ARevol_1H_nig3*.dat’: No such file or directory
+++ working on night --- 2025-06-12 +++
read_and_treat_AR_exclusive read_and_treat_AR_exclusive
read_and_treat_AR_exclusive read_and_treat_AR_exclusive
read_and_treat_AR_exclusive read_and_treat_AR_exclusive
tail: cannot open ‘/TERASTARMET/FATE_BACKUPS_mesohp1/AUTOMATION_OUTPUTS/AUTOREGRESSION_night3/postproc/DAT_ARCHIVE/20250612_wapor_evol_time_Height_5_20000_TELEMETRY_output_night.dat’ for reading: No such file or directory
read_and_treat_AR_exclusive read_and_treat_AR_exclusive
read_and_treat_AR_exclusive read_and_treat_AR_exclusive
read_and_treat_AR_exclusive read_and_treat_AR_exclusive
read_and_treat_AR_exclusive_WD read_and_treat_AR_exclusive_WD
mv: cannot stat ‘PWV_ARevol_1H_nig3*.dat’: No such file or directory
+++ working on night --- 2025-06-13 +++
tail: cannot open ‘/TERASTARMET/FATE_BACKUPS_mesohp1/AUTOMATION_OUTPUTS/AUTOREGRESSION_night3/postproc/DAT_ARCHIVE/20250613_see_evol_time_Height_5_20000_TELEMETRY_output_night.dat’ for reading: No such file or directory
read_and_treat_AR_exclusive read_and_treat_AR_exclusive
tail: cannot open ‘/TERASTARMET/FATE_BACKUPS_mesohp1/AUTOMATION_OUTPUTS/AUTOREGRESSION_night3/postproc/DAT_ARCHIVE/20250613_tau_evol_time_Height_5_20000_TELEMETRY_output_night.dat’ for reading: No such file or directory
read_and_treat_AR_exclusive read_and_treat_AR_exclusive
tail: cannot open ‘/TERASTARMET/FATE_BACKUPS_mesohp1/AUTOMATION_OUTPUTS/AUTOREGRESSION_night3/postproc/DAT_ARCHIVE/20250613_glf_evol_time_Height_5_20000_TELEMETRY_output_night.dat’ for reading: No such file or directory
read_and_treat_AR_exclusive read_and_treat_AR_exclusive
tail: cannot open ‘/TERASTARMET/FATE_BACKUPS_mesohp1/AUTOMATION_OUTPUTS/AUTOREGRESSION_night3/postproc/DAT_ARCHIVE/20250613_wapor_evol_time_Height_5_20000_TELEMETRY_output_night.dat’ for reading: No such file or directory
read_and_treat_AR_exclusive read_and_treat_AR_exclusive
read_and_treat_AR_exclusive read_and_treat_AR_exclusive
read_and_treat_AR_exclusive read_and_treat_AR_exclusive
read_and_treat_AR_exclusive_WD read_and_treat_AR_exclusive_WD
mv: cannot stat ‘SEE_ARevol_1H_nig3*.dat’: No such file or directory
mv: cannot stat ‘TAU_ARevol_1H_nig3*.dat’: No such file or directory
mv: cannot stat ‘GLF_ARevol_1H_nig3*.dat’: No such file or directory
mv: cannot stat ‘PWV_ARevol_1H_nig3*.dat’: No such file or directory
+++ working on night --- 2025-06-14 +++
read_and_treat_AR_exclusive read_and_treat_AR_exclusive
read_and_treat_AR_exclusive read_and_treat_AR_exclusive
read_and_treat_AR_exclusive read_and_treat_AR_exclusive
tail: cannot open ‘/TERASTARMET/FATE_BACKUPS_mesohp1/AUTOMATION_OUTPUTS/AUTOREGRESSION_night3/postproc/DAT_ARCHIVE/20250614_wapor_evol_time_Height_5_20000_TELEMETRY_output_night.dat’ for reading: No such file or directory
read_and_treat_AR_exclusive read_and_treat_AR_exclusive
read_and_treat_AR_exclusive read_and_treat_AR_exclusive
read_and_treat_AR_exclusive read_and_treat_AR_exclusive
read_and_treat_AR_exclusive_WD read_and_treat_AR_exclusive_WD
mv: cannot stat ‘PWV_ARevol_1H_nig3*.dat’: No such file or directory
+++ working on night --- 2025-06-15 +++
read_and_treat_AR_exclusive read_and_treat_AR_exclusive
read_and_treat_AR_exclusive read_and_treat_AR_exclusive
read_and_treat_AR_exclusive read_and_treat_AR_exclusive
tail: cannot open ‘/TERASTARMET/FATE_BACKUPS_mesohp1/AUTOMATION_OUTPUTS/AUTOREGRESSION_night3/postproc/DAT_ARCHIVE/20250615_wapor_evol_time_Height_5_20000_TELEMETRY_output_night.dat’ for reading: No such file or directory
read_and_treat_AR_exclusive read_and_treat_AR_exclusive
read_and_treat_AR_exclusive read_and_treat_AR_exclusive
read_and_treat_AR_exclusive read_and_treat_AR_exclusive
read_and_treat_AR_exclusive_WD read_and_treat_AR_exclusive_WD
mv: cannot stat ‘PWV_ARevol_1H_nig3*.dat’: No such file or directory
+++ working on night --- 2025-06-16 +++
read_and_treat_AR_exclusive read_and_treat_AR_exclusive
read_and_treat_AR_exclusive read_and_treat_AR_exclusive
read_and_treat_AR_exclusive read_and_treat_AR_exclusive
tail: cannot open ‘/TERASTARMET/FATE_BACKUPS_mesohp1/AUTOMATION_OUTPUTS/AUTOREGRESSION_night3/postproc/DAT_ARCHIVE/20250616_wapor_evol_time_Height_5_20000_TELEMETRY_output_night.dat’ for reading: No such file or directory
read_and_treat_AR_exclusive read_and_treat_AR_exclusive
read_and_treat_AR_exclusive read_and_treat_AR_exclusive
read_and_treat_AR_exclusive read_and_treat_AR_exclusive
read_and_treat_AR_exclusive_WD read_and_treat_AR_exclusive_WD
mv: cannot stat ‘PWV_ARevol_1H_nig3*.dat’: No such file or directory
+++ working on night --- 2025-06-17 +++
read_and_treat_AR_exclusive read_and_treat_AR_exclusive
read_and_treat_AR_exclusive read_and_treat_AR_exclusive
read_and_treat_AR_exclusive read_and_treat_AR_exclusive
tail: cannot open ‘/TERASTARMET/FATE_BACKUPS_mesohp1/AUTOMATION_OUTPUTS/AUTOREGRESSION_night3/postproc/DAT_ARCHIVE/20250617_wapor_evol_time_Height_5_20000_TELEMETRY_output_night.dat’ for reading: No such file or directory
read_and_treat_AR_exclusive read_and_treat_AR_exclusive
read_and_treat_AR_exclusive read_and_treat_AR_exclusive
read_and_treat_AR_exclusive read_and_treat_AR_exclusive
read_and_treat_AR_exclusive_WD read_and_treat_AR_exclusive_WD
mv: cannot stat ‘PWV_ARevol_1H_nig3*.dat’: No such file or directory
+++ working on night --- 2025-06-18 +++
read_and_treat_AR_exclusive read_and_treat_AR_exclusive
read_and_treat_AR_exclusive read_and_treat_AR_exclusive
read_and_treat_AR_exclusive read_and_treat_AR_exclusive
tail: cannot open ‘/TERASTARMET/FATE_BACKUPS_mesohp1/AUTOMATION_OUTPUTS/AUTOREGRESSION_night3/postproc/DAT_ARCHIVE/20250618_wapor_evol_time_Height_5_20000_TELEMETRY_output_night.dat’ for reading: No such file or directory
read_and_treat_AR_exclusive read_and_treat_AR_exclusive
read_and_treat_AR_exclusive read_and_treat_AR_exclusive
read_and_treat_AR_exclusive read_and_treat_AR_exclusive
read_and_treat_AR_exclusive_WD read_and_treat_AR_exclusive_WD
mv: cannot stat ‘PWV_ARevol_1H_nig3*.dat’: No such file or directory
+++ working on night --- 2025-06-19 +++
read_and_treat_AR_exclusive read_and_treat_AR_exclusive
read_and_treat_AR_exclusive read_and_treat_AR_exclusive
read_and_treat_AR_exclusive read_and_treat_AR_exclusive
tail: cannot open ‘/TERASTARMET/FATE_BACKUPS_mesohp1/AUTOMATION_OUTPUTS/AUTOREGRESSION_night3/postproc/DAT_ARCHIVE/20250619_wapor_evol_time_Height_5_20000_TELEMETRY_output_night.dat’ for reading: No such file or directory
read_and_treat_AR_exclusive read_and_treat_AR_exclusive
read_and_treat_AR_exclusive read_and_treat_AR_exclusive
read_and_treat_AR_exclusive read_and_treat_AR_exclusive
read_and_treat_AR_exclusive_WD read_and_treat_AR_exclusive_WD
mv: cannot stat ‘PWV_ARevol_1H_nig3*.dat’: No such file or directory
+++ working on night --- 2025-06-20 +++
read_and_treat_AR_exclusive read_and_treat_AR_exclusive
read_and_treat_AR_exclusive read_and_treat_AR_exclusive
read_and_treat_AR_exclusive read_and_treat_AR_exclusive
tail: cannot open ‘/TERASTARMET/FATE_BACKUPS_mesohp1/AUTOMATION_OUTPUTS/AUTOREGRESSION_night3/postproc/DAT_ARCHIVE/20250620_wapor_evol_time_Height_5_20000_TELEMETRY_output_night.dat’ for reading: No such file or directory
read_and_treat_AR_exclusive read_and_treat_AR_exclusive
read_and_treat_AR_exclusive read_and_treat_AR_exclusive
read_and_treat_AR_exclusive read_and_treat_AR_exclusive
read_and_treat_AR_exclusive_WD read_and_treat_AR_exclusive_WD
mv: cannot stat ‘PWV_ARevol_1H_nig3*.dat’: No such file or directory
+++ working on night --- 2025-06-21 +++
read_and_treat_AR_exclusive read_and_treat_AR_exclusive
read_and_treat_AR_exclusive read_and_treat_AR_exclusive
read_and_treat_AR_exclusive read_and_treat_AR_exclusive
tail: cannot open ‘/TERASTARMET/FATE_BACKUPS_mesohp1/AUTOMATION_OUTPUTS/AUTOREGRESSION_night3/postproc/DAT_ARCHIVE/20250621_wapor_evol_time_Height_5_20000_TELEMETRY_output_night.dat’ for reading: No such file or directory
read_and_treat_AR_exclusive read_and_treat_AR_exclusive
read_and_treat_AR_exclusive read_and_treat_AR_exclusive
read_and_treat_AR_exclusive read_and_treat_AR_exclusive
read_and_treat_AR_exclusive_WD read_and_treat_AR_exclusive_WD
mv: cannot stat ‘PWV_ARevol_1H_nig3*.dat’: No such file or directory
+++ working on night --- 2025-06-22 +++
read_and_treat_AR_exclusive read_and_treat_AR_exclusive
read_and_treat_AR_exclusive read_and_treat_AR_exclusive
read_and_treat_AR_exclusive read_and_treat_AR_exclusive
tail: cannot open ‘/TERASTARMET/FATE_BACKUPS_mesohp1/AUTOMATION_OUTPUTS/AUTOREGRESSION_night3/postproc/DAT_ARCHIVE/20250622_wapor_evol_time_Height_5_20000_TELEMETRY_output_night.dat’ for reading: No such file or directory
read_and_treat_AR_exclusive read_and_treat_AR_exclusive
read_and_treat_AR_exclusive read_and_treat_AR_exclusive
read_and_treat_AR_exclusive read_and_treat_AR_exclusive
read_and_treat_AR_exclusive_WD read_and_treat_AR_exclusive_WD
mv: cannot stat ‘PWV_ARevol_1H_nig3*.dat’: No such file or directory
+++ working on night --- 2025-06-23 +++
read_and_treat_AR_exclusive read_and_treat_AR_exclusive
read_and_treat_AR_exclusive read_and_treat_AR_exclusive
read_and_treat_AR_exclusive read_and_treat_AR_exclusive
tail: cannot open ‘/TERASTARMET/FATE_BACKUPS_mesohp1/AUTOMATION_OUTPUTS/AUTOREGRESSION_night3/postproc/DAT_ARCHIVE/20250623_wapor_evol_time_Height_5_20000_TELEMETRY_output_night.dat’ for reading: No such file or directory
read_and_treat_AR_exclusive read_and_treat_AR_exclusive
read_and_treat_AR_exclusive read_and_treat_AR_exclusive
read_and_treat_AR_exclusive read_and_treat_AR_exclusive
read_and_treat_AR_exclusive_WD read_and_treat_AR_exclusive_WD
mv: cannot stat ‘PWV_ARevol_1H_nig3*.dat’: No such file or directory
+++ working on night --- 2025-06-24 +++
read_and_treat_AR_exclusive read_and_treat_AR_exclusive
read_and_treat_AR_exclusive read_and_treat_AR_exclusive
read_and_treat_AR_exclusive read_and_treat_AR_exclusive
tail: cannot open ‘/TERASTARMET/FATE_BACKUPS_mesohp1/AUTOMATION_OUTPUTS/AUTOREGRESSION_night3/postproc/DAT_ARCHIVE/20250624_wapor_evol_time_Height_5_20000_TELEMETRY_output_night.dat’ for reading: No such file or directory
read_and_treat_AR_exclusive read_and_treat_AR_exclusive
read_and_treat_AR_exclusive read_and_treat_AR_exclusive
read_and_treat_AR_exclusive read_and_treat_AR_exclusive
read_and_treat_AR_exclusive_WD read_and_treat_AR_exclusive_WD
mv: cannot stat ‘PWV_ARevol_1H_nig3*.dat’: No such file or directory
+++ working on night --- 2025-06-25 +++
read_and_treat_AR_exclusive read_and_treat_AR_exclusive
read_and_treat_AR_exclusive read_and_treat_AR_exclusive
read_and_treat_AR_exclusive read_and_treat_AR_exclusive
tail: cannot open ‘/TERASTARMET/FATE_BACKUPS_mesohp1/AUTOMATION_OUTPUTS/AUTOREGRESSION_night3/postproc/DAT_ARCHIVE/20250625_wapor_evol_time_Height_5_20000_TELEMETRY_output_night.dat’ for reading: No such file or directory
read_and_treat_AR_exclusive read_and_treat_AR_exclusive
read_and_treat_AR_exclusive read_and_treat_AR_exclusive
read_and_treat_AR_exclusive read_and_treat_AR_exclusive
read_and_treat_AR_exclusive_WD read_and_treat_AR_exclusive_WD
mv: cannot stat ‘PWV_ARevol_1H_nig3*.dat’: No such file or directory
+++ working on night --- 2025-06-26 +++
read_and_treat_AR_exclusive read_and_treat_AR_exclusive
read_and_treat_AR_exclusive read_and_treat_AR_exclusive
read_and_treat_AR_exclusive read_and_treat_AR_exclusive
tail: cannot open ‘/TERASTARMET/FATE_BACKUPS_mesohp1/AUTOMATION_OUTPUTS/AUTOREGRESSION_night3/postproc/DAT_ARCHIVE/20250626_wapor_evol_time_Height_5_20000_TELEMETRY_output_night.dat’ for reading: No such file or directory
read_and_treat_AR_exclusive read_and_treat_AR_exclusive
read_and_treat_AR_exclusive read_and_treat_AR_exclusive
read_and_treat_AR_exclusive read_and_treat_AR_exclusive
read_and_treat_AR_exclusive_WD read_and_treat_AR_exclusive_WD
mv: cannot stat ‘PWV_ARevol_1H_nig3*.dat’: No such file or directory
+++ working on night --- 2025-06-27 +++
read_and_treat_AR_exclusive read_and_treat_AR_exclusive
read_and_treat_AR_exclusive read_and_treat_AR_exclusive
read_and_treat_AR_exclusive read_and_treat_AR_exclusive
tail: cannot open ‘/TERASTARMET/FATE_BACKUPS_mesohp1/AUTOMATION_OUTPUTS/AUTOREGRESSION_night3/postproc/DAT_ARCHIVE/20250627_wapor_evol_time_Height_5_20000_TELEMETRY_output_night.dat’ for reading: No such file or directory
read_and_treat_AR_exclusive read_and_treat_AR_exclusive
read_and_treat_AR_exclusive read_and_treat_AR_exclusive
read_and_treat_AR_exclusive read_and_treat_AR_exclusive
read_and_treat_AR_exclusive_WD read_and_treat_AR_exclusive_WD
mv: cannot stat ‘PWV_ARevol_1H_nig3*.dat’: No such file or directory
+++ working on night --- 2025-06-28 +++
read_and_treat_AR_exclusive read_and_treat_AR_exclusive
read_and_treat_AR_exclusive read_and_treat_AR_exclusive
read_and_treat_AR_exclusive read_and_treat_AR_exclusive
tail: cannot open ‘/TERASTARMET/FATE_BACKUPS_mesohp1/AUTOMATION_OUTPUTS/AUTOREGRESSION_night3/postproc/DAT_ARCHIVE/20250628_wapor_evol_time_Height_5_20000_TELEMETRY_output_night.dat’ for reading: No such file or directory
read_and_treat_AR_exclusive read_and_treat_AR_exclusive
read_and_treat_AR_exclusive read_and_treat_AR_exclusive
read_and_treat_AR_exclusive read_and_treat_AR_exclusive
read_and_treat_AR_exclusive_WD read_and_treat_AR_exclusive_WD
mv: cannot stat ‘PWV_ARevol_1H_nig3*.dat’: No such file or directory
+++ working on night --- 2025-06-29 +++
read_and_treat_AR_exclusive read_and_treat_AR_exclusive
read_and_treat_AR_exclusive read_and_treat_AR_exclusive
read_and_treat_AR_exclusive read_and_treat_AR_exclusive
tail: cannot open ‘/TERASTARMET/FATE_BACKUPS_mesohp1/AUTOMATION_OUTPUTS/AUTOREGRESSION_night3/postproc/DAT_ARCHIVE/20250629_wapor_evol_time_Height_5_20000_TELEMETRY_output_night.dat’ for reading: No such file or directory
read_and_treat_AR_exclusive read_and_treat_AR_exclusive
read_and_treat_AR_exclusive read_and_treat_AR_exclusive
read_and_treat_AR_exclusive read_and_treat_AR_exclusive
read_and_treat_AR_exclusive_WD read_and_treat_AR_exclusive_WD
mv: cannot stat ‘PWV_ARevol_1H_nig3*.dat’: No such file or directory
+++ working on night --- 2025-06-30 +++
read_and_treat_AR_exclusive read_and_treat_AR_exclusive
read_and_treat_AR_exclusive read_and_treat_AR_exclusive
read_and_treat_AR_exclusive read_and_treat_AR_exclusive
tail: cannot open ‘/TERASTARMET/FATE_BACKUPS_mesohp1/AUTOMATION_OUTPUTS/AUTOREGRESSION_night3/postproc/DAT_ARCHIVE/20250630_wapor_evol_time_Height_5_20000_TELEMETRY_output_night.dat’ for reading: No such file or directory
read_and_treat_AR_exclusive read_and_treat_AR_exclusive
read_and_treat_AR_exclusive read_and_treat_AR_exclusive
read_and_treat_AR_exclusive read_and_treat_AR_exclusive
read_and_treat_AR_exclusive_WD read_and_treat_AR_exclusive_WD
mv: cannot stat ‘PWV_ARevol_1H_nig3*.dat’: No such file or directory
+++ working on night --- 2025-07-01 +++
read_and_treat_AR_exclusive read_and_treat_AR_exclusive
read_and_treat_AR_exclusive read_and_treat_AR_exclusive
read_and_treat_AR_exclusive read_and_treat_AR_exclusive
tail: cannot open ‘/TERASTARMET/FATE_BACKUPS_mesohp1/AUTOMATION_OUTPUTS/AUTOREGRESSION_night3/postproc/DAT_ARCHIVE/20250701_wapor_evol_time_Height_5_20000_TELEMETRY_output_night.dat’ for reading: No such file or directory
read_and_treat_AR_exclusive read_and_treat_AR_exclusive
read_and_treat_AR_exclusive read_and_treat_AR_exclusive
read_and_treat_AR_exclusive read_and_treat_AR_exclusive
read_and_treat_AR_exclusive_WD read_and_treat_AR_exclusive_WD
mv: cannot stat ‘PWV_ARevol_1H_nig3*.dat’: No such file or directory
+++ working on night --- 2025-07-02 +++
read_and_treat_AR_exclusive read_and_treat_AR_exclusive
read_and_treat_AR_exclusive read_and_treat_AR_exclusive
read_and_treat_AR_exclusive read_and_treat_AR_exclusive
tail: cannot open ‘/TERASTARMET/FATE_BACKUPS_mesohp1/AUTOMATION_OUTPUTS/AUTOREGRESSION_night3/postproc/DAT_ARCHIVE/20250702_wapor_evol_time_Height_5_20000_TELEMETRY_output_night.dat’ for reading: No such file or directory
read_and_treat_AR_exclusive read_and_treat_AR_exclusive
read_and_treat_AR_exclusive read_and_treat_AR_exclusive
read_and_treat_AR_exclusive read_and_treat_AR_exclusive
read_and_treat_AR_exclusive_WD read_and_treat_AR_exclusive_WD
mv: cannot stat ‘PWV_ARevol_1H_nig3*.dat’: No such file or directory
+++ working on night --- 2025-07-03 +++
read_and_treat_AR_exclusive read_and_treat_AR_exclusive
read_and_treat_AR_exclusive read_and_treat_AR_exclusive
read_and_treat_AR_exclusive read_and_treat_AR_exclusive
tail: cannot open ‘/TERASTARMET/FATE_BACKUPS_mesohp1/AUTOMATION_OUTPUTS/AUTOREGRESSION_night3/postproc/DAT_ARCHIVE/20250703_wapor_evol_time_Height_5_20000_TELEMETRY_output_night.dat’ for reading: No such file or directory
read_and_treat_AR_exclusive read_and_treat_AR_exclusive
read_and_treat_AR_exclusive read_and_treat_AR_exclusive
read_and_treat_AR_exclusive read_and_treat_AR_exclusive
read_and_treat_AR_exclusive_WD read_and_treat_AR_exclusive_WD
mv: cannot stat ‘PWV_ARevol_1H_nig3*.dat’: No such file or directory
+++ working on night --- 2025-07-04 +++
read_and_treat_AR_exclusive read_and_treat_AR_exclusive
read_and_treat_AR_exclusive read_and_treat_AR_exclusive
read_and_treat_AR_exclusive read_and_treat_AR_exclusive
tail: cannot open ‘/TERASTARMET/FATE_BACKUPS_mesohp1/AUTOMATION_OUTPUTS/AUTOREGRESSION_night3/postproc/DAT_ARCHIVE/20250704_wapor_evol_time_Height_5_20000_TELEMETRY_output_night.dat’ for reading: No such file or directory
read_and_treat_AR_exclusive read_and_treat_AR_exclusive
read_and_treat_AR_exclusive read_and_treat_AR_exclusive
read_and_treat_AR_exclusive read_and_treat_AR_exclusive
read_and_treat_AR_exclusive_WD read_and_treat_AR_exclusive_WD
mv: cannot stat ‘PWV_ARevol_1H_nig3*.dat’: No such file or directory
+++ working on night --- 2025-07-05 +++
read_and_treat_AR_exclusive read_and_treat_AR_exclusive
read_and_treat_AR_exclusive read_and_treat_AR_exclusive
read_and_treat_AR_exclusive read_and_treat_AR_exclusive
tail: cannot open ‘/TERASTARMET/FATE_BACKUPS_mesohp1/AUTOMATION_OUTPUTS/AUTOREGRESSION_night3/postproc/DAT_ARCHIVE/20250705_wapor_evol_time_Height_5_20000_TELEMETRY_output_night.dat’ for reading: No such file or directory
read_and_treat_AR_exclusive read_and_treat_AR_exclusive
read_and_treat_AR_exclusive read_and_treat_AR_exclusive
read_and_treat_AR_exclusive read_and_treat_AR_exclusive
read_and_treat_AR_exclusive_WD read_and_treat_AR_exclusive_WD
mv: cannot stat ‘PWV_ARevol_1H_nig3*.dat’: No such file or directory
+++ working on night --- 2025-07-06 +++
read_and_treat_AR_exclusive read_and_treat_AR_exclusive
read_and_treat_AR_exclusive read_and_treat_AR_exclusive
read_and_treat_AR_exclusive read_and_treat_AR_exclusive
read_and_treat_AR_exclusive read_and_treat_AR_exclusive
read_and_treat_AR_exclusive read_and_treat_AR_exclusive
read_and_treat_AR_exclusive read_and_treat_AR_exclusive
read_and_treat_AR_exclusive_WD read_and_treat_AR_exclusive_WD
+++ working on night --- 2025-07-07 +++
read_and_treat_AR_exclusive read_and_treat_AR_exclusive
read_and_treat_AR_exclusive read_and_treat_AR_exclusive
read_and_treat_AR_exclusive read_and_treat_AR_exclusive
read_and_treat_AR_exclusive read_and_treat_AR_exclusive
read_and_treat_AR_exclusive read_and_treat_AR_exclusive
read_and_treat_AR_exclusive read_and_treat_AR_exclusive
read_and_treat_AR_exclusive_WD read_and_treat_AR_exclusive_WD
+++ working on night --- 2025-07-08 +++
read_and_treat_AR_exclusive read_and_treat_AR_exclusive
read_and_treat_AR_exclusive read_and_treat_AR_exclusive
read_and_treat_AR_exclusive read_and_treat_AR_exclusive
read_and_treat_AR_exclusive read_and_treat_AR_exclusive
read_and_treat_AR_exclusive read_and_treat_AR_exclusive
read_and_treat_AR_exclusive read_and_treat_AR_exclusive
read_and_treat_AR_exclusive_WD read_and_treat_AR_exclusive_WD
+++ working on night --- 2025-07-09 +++
read_and_treat_AR_exclusive read_and_treat_AR_exclusive
read_and_treat_AR_exclusive read_and_treat_AR_exclusive
read_and_treat_AR_exclusive read_and_treat_AR_exclusive
read_and_treat_AR_exclusive read_and_treat_AR_exclusive
read_and_treat_AR_exclusive read_and_treat_AR_exclusive
read_and_treat_AR_exclusive read_and_treat_AR_exclusive
read_and_treat_AR_exclusive_WD read_and_treat_AR_exclusive_WD
+++ working on night --- 2025-07-10 +++
read_and_treat_AR_exclusive read_and_treat_AR_exclusive
read_and_treat_AR_exclusive read_and_treat_AR_exclusive
read_and_treat_AR_exclusive read_and_treat_AR_exclusive
read_and_treat_AR_exclusive read_and_treat_AR_exclusive
read_and_treat_AR_exclusive read_and_treat_AR_exclusive
read_and_treat_AR_exclusive read_and_treat_AR_exclusive
read_and_treat_AR_exclusive_WD read_and_treat_AR_exclusive_WD
+++ working on night --- 2025-07-11 +++
read_and_treat_AR_exclusive read_and_treat_AR_exclusive
read_and_treat_AR_exclusive read_and_treat_AR_exclusive
read_and_treat_AR_exclusive read_and_treat_AR_exclusive
read_and_treat_AR_exclusive read_and_treat_AR_exclusive
read_and_treat_AR_exclusive read_and_treat_AR_exclusive
read_and_treat_AR_exclusive read_and_treat_AR_exclusive
read_and_treat_AR_exclusive_WD read_and_treat_AR_exclusive_WD
+++ working on night --- 2025-07-12 +++
read_and_treat_AR_exclusive read_and_treat_AR_exclusive
read_and_treat_AR_exclusive read_and_treat_AR_exclusive
read_and_treat_AR_exclusive read_and_treat_AR_exclusive
read_and_treat_AR_exclusive read_and_treat_AR_exclusive
read_and_treat_AR_exclusive read_and_treat_AR_exclusive
read_and_treat_AR_exclusive read_and_treat_AR_exclusive
read_and_treat_AR_exclusive_WD read_and_treat_AR_exclusive_WD
+++ working on night --- 2025-07-13 +++
read_and_treat_AR_exclusive read_and_treat_AR_exclusive
read_and_treat_AR_exclusive read_and_treat_AR_exclusive
read_and_treat_AR_exclusive read_and_treat_AR_exclusive
read_and_treat_AR_exclusive read_and_treat_AR_exclusive
read_and_treat_AR_exclusive read_and_treat_AR_exclusive
read_and_treat_AR_exclusive read_and_treat_AR_exclusive
read_and_treat_AR_exclusive_WD read_and_treat_AR_exclusive_WD
+++ working on night --- 2025-07-14 +++
read_and_treat_AR_exclusive read_and_treat_AR_exclusive
read_and_treat_AR_exclusive read_and_treat_AR_exclusive
read_and_treat_AR_exclusive read_and_treat_AR_exclusive
read_and_treat_AR_exclusive read_and_treat_AR_exclusive
read_and_treat_AR_exclusive read_and_treat_AR_exclusive
read_and_treat_AR_exclusive read_and_treat_AR_exclusive
read_and_treat_AR_exclusive_WD read_and_treat_AR_exclusive_WD
+++ working on night --- 2025-07-15 +++
read_and_treat_AR_exclusive read_and_treat_AR_exclusive
read_and_treat_AR_exclusive read_and_treat_AR_exclusive
read_and_treat_AR_exclusive read_and_treat_AR_exclusive
read_and_treat_AR_exclusive read_and_treat_AR_exclusive
read_and_treat_AR_exclusive read_and_treat_AR_exclusive
read_and_treat_AR_exclusive read_and_treat_AR_exclusive
read_and_treat_AR_exclusive_WD read_and_treat_AR_exclusive_WD
+++ working on night --- 2025-07-16 +++
read_and_treat_AR_exclusive read_and_treat_AR_exclusive
read_and_treat_AR_exclusive read_and_treat_AR_exclusive
read_and_treat_AR_exclusive read_and_treat_AR_exclusive
read_and_treat_AR_exclusive read_and_treat_AR_exclusive
read_and_treat_AR_exclusive read_and_treat_AR_exclusive
read_and_treat_AR_exclusive read_and_treat_AR_exclusive
read_and_treat_AR_exclusive_WD read_and_treat_AR_exclusive_WD
+++ working on night --- 2025-07-17 +++
read_and_treat_AR_exclusive read_and_treat_AR_exclusive
read_and_treat_AR_exclusive read_and_treat_AR_exclusive
read_and_treat_AR_exclusive read_and_treat_AR_exclusive
read_and_treat_AR_exclusive read_and_treat_AR_exclusive
read_and_treat_AR_exclusive read_and_treat_AR_exclusive
read_and_treat_AR_exclusive read_and_treat_AR_exclusive
read_and_treat_AR_exclusive_WD read_and_treat_AR_exclusive_WD
+++ working on night --- 2025-07-18 +++
read_and_treat_AR_exclusive read_and_treat_AR_exclusive
read_and_treat_AR_exclusive read_and_treat_AR_exclusive
read_and_treat_AR_exclusive read_and_treat_AR_exclusive
read_and_treat_AR_exclusive read_and_treat_AR_exclusive
read_and_treat_AR_exclusive read_and_treat_AR_exclusive
read_and_treat_AR_exclusive read_and_treat_AR_exclusive
read_and_treat_AR_exclusive_WD read_and_treat_AR_exclusive_WD
+++ working on night --- 2025-07-19 +++
read_and_treat_AR_exclusive read_and_treat_AR_exclusive
read_and_treat_AR_exclusive read_and_treat_AR_exclusive
read_and_treat_AR_exclusive read_and_treat_AR_exclusive
read_and_treat_AR_exclusive read_and_treat_AR_exclusive
read_and_treat_AR_exclusive read_and_treat_AR_exclusive
read_and_treat_AR_exclusive read_and_treat_AR_exclusive
read_and_treat_AR_exclusive_WD read_and_treat_AR_exclusive_WD
+++ working on night --- 2025-07-20 +++
read_and_treat_AR_exclusive read_and_treat_AR_exclusive
read_and_treat_AR_exclusive read_and_treat_AR_exclusive
read_and_treat_AR_exclusive read_and_treat_AR_exclusive
read_and_treat_AR_exclusive read_and_treat_AR_exclusive
read_and_treat_AR_exclusive read_and_treat_AR_exclusive
read_and_treat_AR_exclusive read_and_treat_AR_exclusive
read_and_treat_AR_exclusive_WD read_and_treat_AR_exclusive_WD
+++ working on night --- 2025-07-21 +++
read_and_treat_AR_exclusive read_and_treat_AR_exclusive
read_and_treat_AR_exclusive read_and_treat_AR_exclusive
read_and_treat_AR_exclusive read_and_treat_AR_exclusive
read_and_treat_AR_exclusive read_and_treat_AR_exclusive
read_and_treat_AR_exclusive read_and_treat_AR_exclusive
read_and_treat_AR_exclusive read_and_treat_AR_exclusive
read_and_treat_AR_exclusive_WD read_and_treat_AR_exclusive_WD
+++ working on night --- 2025-07-22 +++
read_and_treat_AR_exclusive read_and_treat_AR_exclusive
read_and_treat_AR_exclusive read_and_treat_AR_exclusive
read_and_treat_AR_exclusive read_and_treat_AR_exclusive
read_and_treat_AR_exclusive read_and_treat_AR_exclusive
read_and_treat_AR_exclusive read_and_treat_AR_exclusive
read_and_treat_AR_exclusive read_and_treat_AR_exclusive
read_and_treat_AR_exclusive_WD read_and_treat_AR_exclusive_WD
+++ working on night --- 2025-07-23 +++
read_and_treat_AR_exclusive read_and_treat_AR_exclusive
read_and_treat_AR_exclusive read_and_treat_AR_exclusive
read_and_treat_AR_exclusive read_and_treat_AR_exclusive
read_and_treat_AR_exclusive read_and_treat_AR_exclusive
read_and_treat_AR_exclusive read_and_treat_AR_exclusive
read_and_treat_AR_exclusive read_and_treat_AR_exclusive
read_and_treat_AR_exclusive_WD read_and_treat_AR_exclusive_WD
+++ working on night --- 2025-07-24 +++
read_and_treat_AR_exclusive read_and_treat_AR_exclusive
read_and_treat_AR_exclusive read_and_treat_AR_exclusive
read_and_treat_AR_exclusive read_and_treat_AR_exclusive
read_and_treat_AR_exclusive read_and_treat_AR_exclusive
read_and_treat_AR_exclusive read_and_treat_AR_exclusive
read_and_treat_AR_exclusive read_and_treat_AR_exclusive
read_and_treat_AR_exclusive_WD read_and_treat_AR_exclusive_WD
+++ working on night --- 2025-07-26 +++
read_and_treat_AR_exclusive read_and_treat_AR_exclusive
read_and_treat_AR_exclusive read_and_treat_AR_exclusive
read_and_treat_AR_exclusive read_and_treat_AR_exclusive
read_and_treat_AR_exclusive read_and_treat_AR_exclusive
read_and_treat_AR_exclusive read_and_treat_AR_exclusive
read_and_treat_AR_exclusive read_and_treat_AR_exclusive
read_and_treat_AR_exclusive_WD read_and_treat_AR_exclusive_WD
+++ working on night --- 2025-07-27 +++
read_and_treat_AR_exclusive read_and_treat_AR_exclusive
read_and_treat_AR_exclusive read_and_treat_AR_exclusive
read_and_treat_AR_exclusive read_and_treat_AR_exclusive
read_and_treat_AR_exclusive read_and_treat_AR_exclusive
read_and_treat_AR_exclusive read_and_treat_AR_exclusive
read_and_treat_AR_exclusive read_and_treat_AR_exclusive
read_and_treat_AR_exclusive_WD read_and_treat_AR_exclusive_WD
+++ working on night --- 2025-07-28 +++
read_and_treat_AR_exclusive read_and_treat_AR_exclusive
read_and_treat_AR_exclusive read_and_treat_AR_exclusive
read_and_treat_AR_exclusive read_and_treat_AR_exclusive
read_and_treat_AR_exclusive read_and_treat_AR_exclusive
read_and_treat_AR_exclusive read_and_treat_AR_exclusive
read_and_treat_AR_exclusive read_and_treat_AR_exclusive
read_and_treat_AR_exclusive_WD read_and_treat_AR_exclusive_WD
+++ working on night --- 2025-07-29 +++
read_and_treat_AR_exclusive read_and_treat_AR_exclusive
read_and_treat_AR_exclusive read_and_treat_AR_exclusive
read_and_treat_AR_exclusive read_and_treat_AR_exclusive
read_and_treat_AR_exclusive read_and_treat_AR_exclusive
read_and_treat_AR_exclusive read_and_treat_AR_exclusive
read_and_treat_AR_exclusive read_and_treat_AR_exclusive
read_and_treat_AR_exclusive_WD read_and_treat_AR_exclusive_WD
+++ working on night --- 2025-07-30 +++
read_and_treat_AR_exclusive read_and_treat_AR_exclusive
read_and_treat_AR_exclusive read_and_treat_AR_exclusive
read_and_treat_AR_exclusive read_and_treat_AR_exclusive
read_and_treat_AR_exclusive read_and_treat_AR_exclusive
read_and_treat_AR_exclusive read_and_treat_AR_exclusive
read_and_treat_AR_exclusive read_and_treat_AR_exclusive
read_and_treat_AR_exclusive_WD read_and_treat_AR_exclusive_WD
+++ working on night --- 2025-07-31 +++
tail: cannot open ‘/TERASTARMET/FATE_BACKUPS_mesohp1/AUTOMATION_OUTPUTS/AUTOREGRESSION_night3/postproc/DAT_ARCHIVE/20250731_see_evol_time_Height_5_20000_TELEMETRY_output_night.dat’ for reading: No such file or directory
read_and_treat_AR_exclusive read_and_treat_AR_exclusive
tail: cannot open ‘/TERASTARMET/FATE_BACKUPS_mesohp1/AUTOMATION_OUTPUTS/AUTOREGRESSION_night3/postproc/DAT_ARCHIVE/20250731_tau_evol_time_Height_5_20000_TELEMETRY_output_night.dat’ for reading: No such file or directory
read_and_treat_AR_exclusive read_and_treat_AR_exclusive
tail: cannot open ‘/TERASTARMET/FATE_BACKUPS_mesohp1/AUTOMATION_OUTPUTS/AUTOREGRESSION_night3/postproc/DAT_ARCHIVE/20250731_glf_evol_time_Height_5_20000_TELEMETRY_output_night.dat’ for reading: No such file or directory
read_and_treat_AR_exclusive read_and_treat_AR_exclusive
read_and_treat_AR_exclusive read_and_treat_AR_exclusive
read_and_treat_AR_exclusive read_and_treat_AR_exclusive
read_and_treat_AR_exclusive read_and_treat_AR_exclusive
read_and_treat_AR_exclusive_WD read_and_treat_AR_exclusive_WD
mv: cannot stat ‘SEE_ARevol_1H_nig3*.dat’: No such file or directory
mv: cannot stat ‘TAU_ARevol_1H_nig3*.dat’: No such file or directory
mv: cannot stat ‘GLF_ARevol_1H_nig3*.dat’: No such file or directory
+++ working on night --- 2025-08-01 +++
read_and_treat_AR_exclusive read_and_treat_AR_exclusive
read_and_treat_AR_exclusive read_and_treat_AR_exclusive
read_and_treat_AR_exclusive read_and_treat_AR_exclusive
read_and_treat_AR_exclusive read_and_treat_AR_exclusive
read_and_treat_AR_exclusive read_and_treat_AR_exclusive
read_and_treat_AR_exclusive read_and_treat_AR_exclusive
read_and_treat_AR_exclusive_WD read_and_treat_AR_exclusive_WD
+++ working on night --- 2025-08-02 +++
read_and_treat_AR_exclusive read_and_treat_AR_exclusive
read_and_treat_AR_exclusive read_and_treat_AR_exclusive
read_and_treat_AR_exclusive read_and_treat_AR_exclusive
read_and_treat_AR_exclusive read_and_treat_AR_exclusive
read_and_treat_AR_exclusive read_and_treat_AR_exclusive
read_and_treat_AR_exclusive read_and_treat_AR_exclusive
read_and_treat_AR_exclusive_WD read_and_treat_AR_exclusive_WD
+++ working on night --- 2025-08-03 +++
read_and_treat_AR_exclusive read_and_treat_AR_exclusive
read_and_treat_AR_exclusive read_and_treat_AR_exclusive
read_and_treat_AR_exclusive read_and_treat_AR_exclusive
read_and_treat_AR_exclusive read_and_treat_AR_exclusive
read_and_treat_AR_exclusive read_and_treat_AR_exclusive
read_and_treat_AR_exclusive read_and_treat_AR_exclusive
read_and_treat_AR_exclusive_WD read_and_treat_AR_exclusive_WD
+++ working on night --- 2025-08-04 +++
read_and_treat_AR_exclusive read_and_treat_AR_exclusive
read_and_treat_AR_exclusive read_and_treat_AR_exclusive
read_and_treat_AR_exclusive read_and_treat_AR_exclusive
read_and_treat_AR_exclusive read_and_treat_AR_exclusive
read_and_treat_AR_exclusive read_and_treat_AR_exclusive
read_and_treat_AR_exclusive read_and_treat_AR_exclusive
read_and_treat_AR_exclusive_WD read_and_treat_AR_exclusive_WD
+++ working on night --- 2025-08-05 +++
read_and_treat_AR_exclusive read_and_treat_AR_exclusive
read_and_treat_AR_exclusive read_and_treat_AR_exclusive
read_and_treat_AR_exclusive read_and_treat_AR_exclusive
read_and_treat_AR_exclusive read_and_treat_AR_exclusive
read_and_treat_AR_exclusive read_and_treat_AR_exclusive
read_and_treat_AR_exclusive read_and_treat_AR_exclusive
read_and_treat_AR_exclusive_WD read_and_treat_AR_exclusive_WD
+++ working on night --- 2025-08-06 +++
read_and_treat_AR_exclusive read_and_treat_AR_exclusive
read_and_treat_AR_exclusive read_and_treat_AR_exclusive
read_and_treat_AR_exclusive read_and_treat_AR_exclusive
read_and_treat_AR_exclusive read_and_treat_AR_exclusive
read_and_treat_AR_exclusive read_and_treat_AR_exclusive
read_and_treat_AR_exclusive read_and_treat_AR_exclusive
read_and_treat_AR_exclusive_WD read_and_treat_AR_exclusive_WD
+++ working on night --- 2025-08-07 +++
read_and_treat_AR_exclusive read_and_treat_AR_exclusive
read_and_treat_AR_exclusive read_and_treat_AR_exclusive
read_and_treat_AR_exclusive read_and_treat_AR_exclusive
read_and_treat_AR_exclusive read_and_treat_AR_exclusive
read_and_treat_AR_exclusive read_and_treat_AR_exclusive
read_and_treat_AR_exclusive read_and_treat_AR_exclusive
read_and_treat_AR_exclusive_WD read_and_treat_AR_exclusive_WD
+++ working on night --- 2025-08-08 +++
read_and_treat_AR_exclusive read_and_treat_AR_exclusive
read_and_treat_AR_exclusive read_and_treat_AR_exclusive
read_and_treat_AR_exclusive read_and_treat_AR_exclusive
read_and_treat_AR_exclusive read_and_treat_AR_exclusive
read_and_treat_AR_exclusive read_and_treat_AR_exclusive
read_and_treat_AR_exclusive read_and_treat_AR_exclusive
read_and_treat_AR_exclusive_WD read_and_treat_AR_exclusive_WD
+++ working on night --- 2025-08-09 +++
read_and_treat_AR_exclusive read_and_treat_AR_exclusive
read_and_treat_AR_exclusive read_and_treat_AR_exclusive
read_and_treat_AR_exclusive read_and_treat_AR_exclusive
read_and_treat_AR_exclusive read_and_treat_AR_exclusive
read_and_treat_AR_exclusive read_and_treat_AR_exclusive
read_and_treat_AR_exclusive read_and_treat_AR_exclusive
read_and_treat_AR_exclusive_WD read_and_treat_AR_exclusive_WD
+++ working on night --- 2025-08-10 +++
read_and_treat_AR_exclusive read_and_treat_AR_exclusive
read_and_treat_AR_exclusive read_and_treat_AR_exclusive
read_and_treat_AR_exclusive read_and_treat_AR_exclusive
read_and_treat_AR_exclusive read_and_treat_AR_exclusive
read_and_treat_AR_exclusive read_and_treat_AR_exclusive
read_and_treat_AR_exclusive read_and_treat_AR_exclusive
read_and_treat_AR_exclusive_WD read_and_treat_AR_exclusive_WD
+++ working on night --- 2025-08-11 +++
read_and_treat_AR_exclusive read_and_treat_AR_exclusive
read_and_treat_AR_exclusive read_and_treat_AR_exclusive
read_and_treat_AR_exclusive read_and_treat_AR_exclusive
read_and_treat_AR_exclusive read_and_treat_AR_exclusive
read_and_treat_AR_exclusive read_and_treat_AR_exclusive
read_and_treat_AR_exclusive read_and_treat_AR_exclusive
read_and_treat_AR_exclusive_WD read_and_treat_AR_exclusive_WD
+++ working on night --- 2025-08-12 +++
read_and_treat_AR_exclusive read_and_treat_AR_exclusive
read_and_treat_AR_exclusive read_and_treat_AR_exclusive
read_and_treat_AR_exclusive read_and_treat_AR_exclusive
read_and_treat_AR_exclusive read_and_treat_AR_exclusive
read_and_treat_AR_exclusive read_and_treat_AR_exclusive
read_and_treat_AR_exclusive read_and_treat_AR_exclusive
read_and_treat_AR_exclusive_WD read_and_treat_AR_exclusive_WD
+++ working on night --- 2025-08-13 +++
read_and_treat_AR_exclusive read_and_treat_AR_exclusive
read_and_treat_AR_exclusive read_and_treat_AR_exclusive
read_and_treat_AR_exclusive read_and_treat_AR_exclusive
tail: cannot open ‘/TERASTARMET/FATE_BACKUPS_mesohp1/AUTOMATION_OUTPUTS/AUTOREGRESSION_night3/postproc/DAT_ARCHIVE/20250813_wapor_evol_time_Height_5_20000_TELEMETRY_output_night.dat’ for reading: No such file or directory
read_and_treat_AR_exclusive read_and_treat_AR_exclusive
read_and_treat_AR_exclusive read_and_treat_AR_exclusive
read_and_treat_AR_exclusive read_and_treat_AR_exclusive
read_and_treat_AR_exclusive_WD read_and_treat_AR_exclusive_WD
mv: cannot stat ‘PWV_ARevol_1H_nig3*.dat’: No such file or directory
+++ working on night --- 2025-08-14 +++
read_and_treat_AR_exclusive read_and_treat_AR_exclusive
read_and_treat_AR_exclusive read_and_treat_AR_exclusive
read_and_treat_AR_exclusive read_and_treat_AR_exclusive
tail: cannot open ‘/TERASTARMET/FATE_BACKUPS_mesohp1/AUTOMATION_OUTPUTS/AUTOREGRESSION_night3/postproc/DAT_ARCHIVE/20250814_wapor_evol_time_Height_5_20000_TELEMETRY_output_night.dat’ for reading: No such file or directory
read_and_treat_AR_exclusive read_and_treat_AR_exclusive
read_and_treat_AR_exclusive read_and_treat_AR_exclusive
read_and_treat_AR_exclusive read_and_treat_AR_exclusive
read_and_treat_AR_exclusive_WD read_and_treat_AR_exclusive_WD
mv: cannot stat ‘PWV_ARevol_1H_nig3*.dat’: No such file or directory
+++ working on night --- 2025-08-15 +++
read_and_treat_AR_exclusive read_and_treat_AR_exclusive
read_and_treat_AR_exclusive read_and_treat_AR_exclusive
read_and_treat_AR_exclusive read_and_treat_AR_exclusive
tail: cannot open ‘/TERASTARMET/FATE_BACKUPS_mesohp1/AUTOMATION_OUTPUTS/AUTOREGRESSION_night3/postproc/DAT_ARCHIVE/20250815_wapor_evol_time_Height_5_20000_TELEMETRY_output_night.dat’ for reading: No such file or directory
read_and_treat_AR_exclusive read_and_treat_AR_exclusive
read_and_treat_AR_exclusive read_and_treat_AR_exclusive
read_and_treat_AR_exclusive read_and_treat_AR_exclusive
read_and_treat_AR_exclusive_WD read_and_treat_AR_exclusive_WD
mv: cannot stat ‘PWV_ARevol_1H_nig3*.dat’: No such file or directory
+++ working on night --- 2025-08-16 +++
read_and_treat_AR_exclusive read_and_treat_AR_exclusive
read_and_treat_AR_exclusive read_and_treat_AR_exclusive
read_and_treat_AR_exclusive read_and_treat_AR_exclusive
tail: cannot open ‘/TERASTARMET/FATE_BACKUPS_mesohp1/AUTOMATION_OUTPUTS/AUTOREGRESSION_night3/postproc/DAT_ARCHIVE/20250816_wapor_evol_time_Height_5_20000_TELEMETRY_output_night.dat’ for reading: No such file or directory
read_and_treat_AR_exclusive read_and_treat_AR_exclusive
read_and_treat_AR_exclusive read_and_treat_AR_exclusive
read_and_treat_AR_exclusive read_and_treat_AR_exclusive
read_and_treat_AR_exclusive_WD read_and_treat_AR_exclusive_WD
mv: cannot stat ‘PWV_ARevol_1H_nig3*.dat’: No such file or directory
+++ working on night --- 2025-08-17 +++
tail: cannot open ‘/TERASTARMET/FATE_BACKUPS_mesohp1/AUTOMATION_OUTPUTS/AUTOREGRESSION_night3/postproc/DAT_ARCHIVE/20250817_see_evol_time_Height_5_20000_TELEMETRY_output_night.dat’ for reading: No such file or directory
read_and_treat_AR_exclusive read_and_treat_AR_exclusive
tail: cannot open ‘/TERASTARMET/FATE_BACKUPS_mesohp1/AUTOMATION_OUTPUTS/AUTOREGRESSION_night3/postproc/DAT_ARCHIVE/20250817_tau_evol_time_Height_5_20000_TELEMETRY_output_night.dat’ for reading: No such file or directory
read_and_treat_AR_exclusive read_and_treat_AR_exclusive
tail: cannot open ‘/TERASTARMET/FATE_BACKUPS_mesohp1/AUTOMATION_OUTPUTS/AUTOREGRESSION_night3/postproc/DAT_ARCHIVE/20250817_glf_evol_time_Height_5_20000_TELEMETRY_output_night.dat’ for reading: No such file or directory
read_and_treat_AR_exclusive read_and_treat_AR_exclusive
tail: cannot open ‘/TERASTARMET/FATE_BACKUPS_mesohp1/AUTOMATION_OUTPUTS/AUTOREGRESSION_night3/postproc/DAT_ARCHIVE/20250817_wapor_evol_time_Height_5_20000_TELEMETRY_output_night.dat’ for reading: No such file or directory
read_and_treat_AR_exclusive read_and_treat_AR_exclusive
read_and_treat_AR_exclusive read_and_treat_AR_exclusive
read_and_treat_AR_exclusive read_and_treat_AR_exclusive
read_and_treat_AR_exclusive_WD read_and_treat_AR_exclusive_WD
mv: cannot stat ‘SEE_ARevol_1H_nig3*.dat’: No such file or directory
mv: cannot stat ‘TAU_ARevol_1H_nig3*.dat’: No such file or directory
mv: cannot stat ‘GLF_ARevol_1H_nig3*.dat’: No such file or directory
mv: cannot stat ‘PWV_ARevol_1H_nig3*.dat’: No such file or directory
+++ working on night --- 2025-08-18 +++
tail: cannot open ‘/TERASTARMET/FATE_BACKUPS_mesohp1/AUTOMATION_OUTPUTS/AUTOREGRESSION_night3/postproc/DAT_ARCHIVE/20250818_see_evol_time_Height_5_20000_TELEMETRY_output_night.dat’ for reading: No such file or directory
read_and_treat_AR_exclusive read_and_treat_AR_exclusive
tail: cannot open ‘/TERASTARMET/FATE_BACKUPS_mesohp1/AUTOMATION_OUTPUTS/AUTOREGRESSION_night3/postproc/DAT_ARCHIVE/20250818_tau_evol_time_Height_5_20000_TELEMETRY_output_night.dat’ for reading: No such file or directory
read_and_treat_AR_exclusive read_and_treat_AR_exclusive
tail: cannot open ‘/TERASTARMET/FATE_BACKUPS_mesohp1/AUTOMATION_OUTPUTS/AUTOREGRESSION_night3/postproc/DAT_ARCHIVE/20250818_glf_evol_time_Height_5_20000_TELEMETRY_output_night.dat’ for reading: No such file or directory
read_and_treat_AR_exclusive read_and_treat_AR_exclusive
tail: cannot open ‘/TERASTARMET/FATE_BACKUPS_mesohp1/AUTOMATION_OUTPUTS/AUTOREGRESSION_night3/postproc/DAT_ARCHIVE/20250818_wapor_evol_time_Height_5_20000_TELEMETRY_output_night.dat’ for reading: No such file or directory
read_and_treat_AR_exclusive read_and_treat_AR_exclusive
read_and_treat_AR_exclusive read_and_treat_AR_exclusive
read_and_treat_AR_exclusive read_and_treat_AR_exclusive
read_and_treat_AR_exclusive_WD read_and_treat_AR_exclusive_WD
mv: cannot stat ‘SEE_ARevol_1H_nig3*.dat’: No such file or directory
mv: cannot stat ‘TAU_ARevol_1H_nig3*.dat’: No such file or directory
mv: cannot stat ‘GLF_ARevol_1H_nig3*.dat’: No such file or directory
mv: cannot stat ‘PWV_ARevol_1H_nig3*.dat’: No such file or directory
+++ working on night --- 2025-08-19 +++
read_and_treat_AR_exclusive read_and_treat_AR_exclusive
read_and_treat_AR_exclusive read_and_treat_AR_exclusive
read_and_treat_AR_exclusive read_and_treat_AR_exclusive
tail: cannot open ‘/TERASTARMET/FATE_BACKUPS_mesohp1/AUTOMATION_OUTPUTS/AUTOREGRESSION_night3/postproc/DAT_ARCHIVE/20250819_wapor_evol_time_Height_5_20000_TELEMETRY_output_night.dat’ for reading: No such file or directory
read_and_treat_AR_exclusive read_and_treat_AR_exclusive
read_and_treat_AR_exclusive read_and_treat_AR_exclusive
read_and_treat_AR_exclusive read_and_treat_AR_exclusive
read_and_treat_AR_exclusive_WD read_and_treat_AR_exclusive_WD
mv: cannot stat ‘PWV_ARevol_1H_nig3*.dat’: No such file or directory
+++ working on night --- 2025-08-20 +++
tail: cannot open ‘/TERASTARMET/FATE_BACKUPS_mesohp1/AUTOMATION_OUTPUTS/AUTOREGRESSION_night3/postproc/DAT_ARCHIVE/20250820_see_evol_time_Height_5_20000_TELEMETRY_output_night.dat’ for reading: No such file or directory
read_and_treat_AR_exclusive read_and_treat_AR_exclusive
tail: cannot open ‘/TERASTARMET/FATE_BACKUPS_mesohp1/AUTOMATION_OUTPUTS/AUTOREGRESSION_night3/postproc/DAT_ARCHIVE/20250820_tau_evol_time_Height_5_20000_TELEMETRY_output_night.dat’ for reading: No such file or directory
read_and_treat_AR_exclusive read_and_treat_AR_exclusive
tail: cannot open ‘/TERASTARMET/FATE_BACKUPS_mesohp1/AUTOMATION_OUTPUTS/AUTOREGRESSION_night3/postproc/DAT_ARCHIVE/20250820_glf_evol_time_Height_5_20000_TELEMETRY_output_night.dat’ for reading: No such file or directory
read_and_treat_AR_exclusive read_and_treat_AR_exclusive
tail: cannot open ‘/TERASTARMET/FATE_BACKUPS_mesohp1/AUTOMATION_OUTPUTS/AUTOREGRESSION_night3/postproc/DAT_ARCHIVE/20250820_wapor_evol_time_Height_5_20000_TELEMETRY_output_night.dat’ for reading: No such file or directory
read_and_treat_AR_exclusive read_and_treat_AR_exclusive
read_and_treat_AR_exclusive read_and_treat_AR_exclusive
read_and_treat_AR_exclusive read_and_treat_AR_exclusive
read_and_treat_AR_exclusive_WD read_and_treat_AR_exclusive_WD
mv: cannot stat ‘SEE_ARevol_1H_nig3*.dat’: No such file or directory
mv: cannot stat ‘TAU_ARevol_1H_nig3*.dat’: No such file or directory
mv: cannot stat ‘GLF_ARevol_1H_nig3*.dat’: No such file or directory
mv: cannot stat ‘PWV_ARevol_1H_nig3*.dat’: No such file or directory
+++ working on night --- 2025-08-21 +++
tail: cannot open ‘/TERASTARMET/FATE_BACKUPS_mesohp1/AUTOMATION_OUTPUTS/AUTOREGRESSION_night3/postproc/DAT_ARCHIVE/20250821_see_evol_time_Height_5_20000_TELEMETRY_output_night.dat’ for reading: No such file or directory
read_and_treat_AR_exclusive read_and_treat_AR_exclusive
tail: cannot open ‘/TERASTARMET/FATE_BACKUPS_mesohp1/AUTOMATION_OUTPUTS/AUTOREGRESSION_night3/postproc/DAT_ARCHIVE/20250821_tau_evol_time_Height_5_20000_TELEMETRY_output_night.dat’ for reading: No such file or directory
read_and_treat_AR_exclusive read_and_treat_AR_exclusive
tail: cannot open ‘/TERASTARMET/FATE_BACKUPS_mesohp1/AUTOMATION_OUTPUTS/AUTOREGRESSION_night3/postproc/DAT_ARCHIVE/20250821_glf_evol_time_Height_5_20000_TELEMETRY_output_night.dat’ for reading: No such file or directory
read_and_treat_AR_exclusive read_and_treat_AR_exclusive
tail: cannot open ‘/TERASTARMET/FATE_BACKUPS_mesohp1/AUTOMATION_OUTPUTS/AUTOREGRESSION_night3/postproc/DAT_ARCHIVE/20250821_wapor_evol_time_Height_5_20000_TELEMETRY_output_night.dat’ for reading: No such file or directory
read_and_treat_AR_exclusive read_and_treat_AR_exclusive
read_and_treat_AR_exclusive read_and_treat_AR_exclusive
read_and_treat_AR_exclusive read_and_treat_AR_exclusive
read_and_treat_AR_exclusive_WD read_and_treat_AR_exclusive_WD
mv: cannot stat ‘SEE_ARevol_1H_nig3*.dat’: No such file or directory
mv: cannot stat ‘TAU_ARevol_1H_nig3*.dat’: No such file or directory
mv: cannot stat ‘GLF_ARevol_1H_nig3*.dat’: No such file or directory
mv: cannot stat ‘PWV_ARevol_1H_nig3*.dat’: No such file or directory
+++ working on night --- 2025-08-22 +++
read_and_treat_AR_exclusive read_and_treat_AR_exclusive
read_and_treat_AR_exclusive read_and_treat_AR_exclusive
read_and_treat_AR_exclusive read_and_treat_AR_exclusive
tail: cannot open ‘/TERASTARMET/FATE_BACKUPS_mesohp1/AUTOMATION_OUTPUTS/AUTOREGRESSION_night3/postproc/DAT_ARCHIVE/20250822_wapor_evol_time_Height_5_20000_TELEMETRY_output_night.dat’ for reading: No such file or directory
read_and_treat_AR_exclusive read_and_treat_AR_exclusive
read_and_treat_AR_exclusive read_and_treat_AR_exclusive
read_and_treat_AR_exclusive read_and_treat_AR_exclusive
read_and_treat_AR_exclusive_WD read_and_treat_AR_exclusive_WD
mv: cannot stat ‘PWV_ARevol_1H_nig3*.dat’: No such file or directory
+++ working on night --- 2025-08-23 +++
read_and_treat_AR_exclusive read_and_treat_AR_exclusive
read_and_treat_AR_exclusive read_and_treat_AR_exclusive
read_and_treat_AR_exclusive read_and_treat_AR_exclusive
tail: cannot open ‘/TERASTARMET/FATE_BACKUPS_mesohp1/AUTOMATION_OUTPUTS/AUTOREGRESSION_night3/postproc/DAT_ARCHIVE/20250823_wapor_evol_time_Height_5_20000_TELEMETRY_output_night.dat’ for reading: No such file or directory
read_and_treat_AR_exclusive read_and_treat_AR_exclusive
read_and_treat_AR_exclusive read_and_treat_AR_exclusive
read_and_treat_AR_exclusive read_and_treat_AR_exclusive
read_and_treat_AR_exclusive_WD read_and_treat_AR_exclusive_WD
mv: cannot stat ‘PWV_ARevol_1H_nig3*.dat’: No such file or directory
+++ working on night --- 2025-08-24 +++
read_and_treat_AR_exclusive read_and_treat_AR_exclusive
read_and_treat_AR_exclusive read_and_treat_AR_exclusive
read_and_treat_AR_exclusive read_and_treat_AR_exclusive
tail: cannot open ‘/TERASTARMET/FATE_BACKUPS_mesohp1/AUTOMATION_OUTPUTS/AUTOREGRESSION_night3/postproc/DAT_ARCHIVE/20250824_wapor_evol_time_Height_5_20000_TELEMETRY_output_night.dat’ for reading: No such file or directory
read_and_treat_AR_exclusive read_and_treat_AR_exclusive
read_and_treat_AR_exclusive read_and_treat_AR_exclusive
read_and_treat_AR_exclusive read_and_treat_AR_exclusive
read_and_treat_AR_exclusive_WD read_and_treat_AR_exclusive_WD
mv: cannot stat ‘PWV_ARevol_1H_nig3*.dat’: No such file or directory
+++ working on night --- 2025-08-25 +++
read_and_treat_AR_exclusive read_and_treat_AR_exclusive
read_and_treat_AR_exclusive read_and_treat_AR_exclusive
read_and_treat_AR_exclusive read_and_treat_AR_exclusive
tail: cannot open ‘/TERASTARMET/FATE_BACKUPS_mesohp1/AUTOMATION_OUTPUTS/AUTOREGRESSION_night3/postproc/DAT_ARCHIVE/20250825_wapor_evol_time_Height_5_20000_TELEMETRY_output_night.dat’ for reading: No such file or directory
read_and_treat_AR_exclusive read_and_treat_AR_exclusive
read_and_treat_AR_exclusive read_and_treat_AR_exclusive
read_and_treat_AR_exclusive read_and_treat_AR_exclusive
read_and_treat_AR_exclusive_WD read_and_treat_AR_exclusive_WD
mv: cannot stat ‘PWV_ARevol_1H_nig3*.dat’: No such file or directory
+++ working on night --- 2025-08-26 +++
read_and_treat_AR_exclusive read_and_treat_AR_exclusive
read_and_treat_AR_exclusive read_and_treat_AR_exclusive
read_and_treat_AR_exclusive read_and_treat_AR_exclusive
tail: cannot open ‘/TERASTARMET/FATE_BACKUPS_mesohp1/AUTOMATION_OUTPUTS/AUTOREGRESSION_night3/postproc/DAT_ARCHIVE/20250826_wapor_evol_time_Height_5_20000_TELEMETRY_output_night.dat’ for reading: No such file or directory
read_and_treat_AR_exclusive read_and_treat_AR_exclusive
read_and_treat_AR_exclusive read_and_treat_AR_exclusive
read_and_treat_AR_exclusive read_and_treat_AR_exclusive
read_and_treat_AR_exclusive_WD read_and_treat_AR_exclusive_WD
mv: cannot stat ‘PWV_ARevol_1H_nig3*.dat’: No such file or directory
+++ working on night --- 2025-08-27 +++
read_and_treat_AR_exclusive read_and_treat_AR_exclusive
read_and_treat_AR_exclusive read_and_treat_AR_exclusive
read_and_treat_AR_exclusive read_and_treat_AR_exclusive
tail: cannot open ‘/TERASTARMET/FATE_BACKUPS_mesohp1/AUTOMATION_OUTPUTS/AUTOREGRESSION_night3/postproc/DAT_ARCHIVE/20250827_wapor_evol_time_Height_5_20000_TELEMETRY_output_night.dat’ for reading: No such file or directory
read_and_treat_AR_exclusive read_and_treat_AR_exclusive
read_and_treat_AR_exclusive read_and_treat_AR_exclusive
read_and_treat_AR_exclusive read_and_treat_AR_exclusive
read_and_treat_AR_exclusive_WD read_and_treat_AR_exclusive_WD
mv: cannot stat ‘PWV_ARevol_1H_nig3*.dat’: No such file or directory
+++ working on night --- 2025-08-28 +++
read_and_treat_AR_exclusive read_and_treat_AR_exclusive
read_and_treat_AR_exclusive read_and_treat_AR_exclusive
read_and_treat_AR_exclusive read_and_treat_AR_exclusive
tail: cannot open ‘/TERASTARMET/FATE_BACKUPS_mesohp1/AUTOMATION_OUTPUTS/AUTOREGRESSION_night3/postproc/DAT_ARCHIVE/20250828_wapor_evol_time_Height_5_20000_TELEMETRY_output_night.dat’ for reading: No such file or directory
read_and_treat_AR_exclusive read_and_treat_AR_exclusive
read_and_treat_AR_exclusive read_and_treat_AR_exclusive
read_and_treat_AR_exclusive read_and_treat_AR_exclusive
read_and_treat_AR_exclusive_WD read_and_treat_AR_exclusive_WD
mv: cannot stat ‘PWV_ARevol_1H_nig3*.dat’: No such file or directory
+++ working on night --- 2025-08-29 +++
read_and_treat_AR_exclusive read_and_treat_AR_exclusive
read_and_treat_AR_exclusive read_and_treat_AR_exclusive
read_and_treat_AR_exclusive read_and_treat_AR_exclusive
tail: cannot open ‘/TERASTARMET/FATE_BACKUPS_mesohp1/AUTOMATION_OUTPUTS/AUTOREGRESSION_night3/postproc/DAT_ARCHIVE/20250829_wapor_evol_time_Height_5_20000_TELEMETRY_output_night.dat’ for reading: No such file or directory
read_and_treat_AR_exclusive read_and_treat_AR_exclusive
read_and_treat_AR_exclusive read_and_treat_AR_exclusive
read_and_treat_AR_exclusive read_and_treat_AR_exclusive
read_and_treat_AR_exclusive_WD read_and_treat_AR_exclusive_WD
mv: cannot stat ‘PWV_ARevol_1H_nig3*.dat’: No such file or directory
+++ working on night --- 2025-08-30 +++
tail: cannot open ‘/TERASTARMET/FATE_BACKUPS_mesohp1/AUTOMATION_OUTPUTS/AUTOREGRESSION_night3/postproc/DAT_ARCHIVE/20250830_see_evol_time_Height_5_20000_TELEMETRY_output_night.dat’ for reading: No such file or directory
read_and_treat_AR_exclusive read_and_treat_AR_exclusive
tail: cannot open ‘/TERASTARMET/FATE_BACKUPS_mesohp1/AUTOMATION_OUTPUTS/AUTOREGRESSION_night3/postproc/DAT_ARCHIVE/20250830_tau_evol_time_Height_5_20000_TELEMETRY_output_night.dat’ for reading: No such file or directory
read_and_treat_AR_exclusive read_and_treat_AR_exclusive
tail: cannot open ‘/TERASTARMET/FATE_BACKUPS_mesohp1/AUTOMATION_OUTPUTS/AUTOREGRESSION_night3/postproc/DAT_ARCHIVE/20250830_glf_evol_time_Height_5_20000_TELEMETRY_output_night.dat’ for reading: No such file or directory
read_and_treat_AR_exclusive read_and_treat_AR_exclusive
tail: cannot open ‘/TERASTARMET/FATE_BACKUPS_mesohp1/AUTOMATION_OUTPUTS/AUTOREGRESSION_night3/postproc/DAT_ARCHIVE/20250830_wapor_evol_time_Height_5_20000_TELEMETRY_output_night.dat’ for reading: No such file or directory
read_and_treat_AR_exclusive read_and_treat_AR_exclusive
read_and_treat_AR_exclusive read_and_treat_AR_exclusive
read_and_treat_AR_exclusive read_and_treat_AR_exclusive
read_and_treat_AR_exclusive_WD read_and_treat_AR_exclusive_WD
mv: cannot stat ‘SEE_ARevol_1H_nig3*.dat’: No such file or directory
mv: cannot stat ‘TAU_ARevol_1H_nig3*.dat’: No such file or directory
mv: cannot stat ‘GLF_ARevol_1H_nig3*.dat’: No such file or directory
mv: cannot stat ‘PWV_ARevol_1H_nig3*.dat’: No such file or directory
+++ working on night --- 2025-08-31 +++
read_and_treat_AR_exclusive read_and_treat_AR_exclusive
read_and_treat_AR_exclusive read_and_treat_AR_exclusive
read_and_treat_AR_exclusive read_and_treat_AR_exclusive
tail: cannot open ‘/TERASTARMET/FATE_BACKUPS_mesohp1/AUTOMATION_OUTPUTS/AUTOREGRESSION_night3/postproc/DAT_ARCHIVE/20250831_wapor_evol_time_Height_5_20000_TELEMETRY_output_night.dat’ for reading: No such file or directory
read_and_treat_AR_exclusive read_and_treat_AR_exclusive
read_and_treat_AR_exclusive read_and_treat_AR_exclusive
read_and_treat_AR_exclusive read_and_treat_AR_exclusive
read_and_treat_AR_exclusive_WD read_and_treat_AR_exclusive_WD
mv: cannot stat ‘PWV_ARevol_1H_nig3*.dat’: No such file or directory
+++ working on night --- 2025-09-01 +++
read_and_treat_AR_exclusive read_and_treat_AR_exclusive
read_and_treat_AR_exclusive read_and_treat_AR_exclusive
read_and_treat_AR_exclusive read_and_treat_AR_exclusive
tail: cannot open ‘/TERASTARMET/FATE_BACKUPS_mesohp1/AUTOMATION_OUTPUTS/AUTOREGRESSION_night3/postproc/DAT_ARCHIVE/20250901_wapor_evol_time_Height_5_20000_TELEMETRY_output_night.dat’ for reading: No such file or directory
read_and_treat_AR_exclusive read_and_treat_AR_exclusive
read_and_treat_AR_exclusive read_and_treat_AR_exclusive
read_and_treat_AR_exclusive read_and_treat_AR_exclusive
read_and_treat_AR_exclusive_WD read_and_treat_AR_exclusive_WD
mv: cannot stat ‘PWV_ARevol_1H_nig3*.dat’: No such file or directory
+++ working on night --- 2025-09-02 +++
read_and_treat_AR_exclusive read_and_treat_AR_exclusive
read_and_treat_AR_exclusive read_and_treat_AR_exclusive
read_and_treat_AR_exclusive read_and_treat_AR_exclusive
tail: cannot open ‘/TERASTARMET/FATE_BACKUPS_mesohp1/AUTOMATION_OUTPUTS/AUTOREGRESSION_night3/postproc/DAT_ARCHIVE/20250902_wapor_evol_time_Height_5_20000_TELEMETRY_output_night.dat’ for reading: No such file or directory
read_and_treat_AR_exclusive read_and_treat_AR_exclusive
read_and_treat_AR_exclusive read_and_treat_AR_exclusive
read_and_treat_AR_exclusive read_and_treat_AR_exclusive
read_and_treat_AR_exclusive_WD read_and_treat_AR_exclusive_WD
mv: cannot stat ‘PWV_ARevol_1H_nig3*.dat’: No such file or directory
+++ working on night --- 2025-09-03 +++
read_and_treat_AR_exclusive read_and_treat_AR_exclusive
read_and_treat_AR_exclusive read_and_treat_AR_exclusive
read_and_treat_AR_exclusive read_and_treat_AR_exclusive
tail: cannot open ‘/TERASTARMET/FATE_BACKUPS_mesohp1/AUTOMATION_OUTPUTS/AUTOREGRESSION_night3/postproc/DAT_ARCHIVE/20250903_wapor_evol_time_Height_5_20000_TELEMETRY_output_night.dat’ for reading: No such file or directory
read_and_treat_AR_exclusive read_and_treat_AR_exclusive
read_and_treat_AR_exclusive read_and_treat_AR_exclusive
read_and_treat_AR_exclusive read_and_treat_AR_exclusive
read_and_treat_AR_exclusive_WD read_and_treat_AR_exclusive_WD
mv: cannot stat ‘PWV_ARevol_1H_nig3*.dat’: No such file or directory
+++ working on night --- 2025-09-04 +++
read_and_treat_AR_exclusive read_and_treat_AR_exclusive
read_and_treat_AR_exclusive read_and_treat_AR_exclusive
read_and_treat_AR_exclusive read_and_treat_AR_exclusive
tail: cannot open ‘/TERASTARMET/FATE_BACKUPS_mesohp1/AUTOMATION_OUTPUTS/AUTOREGRESSION_night3/postproc/DAT_ARCHIVE/20250904_wapor_evol_time_Height_5_20000_TELEMETRY_output_night.dat’ for reading: No such file or directory
read_and_treat_AR_exclusive read_and_treat_AR_exclusive
read_and_treat_AR_exclusive read_and_treat_AR_exclusive
read_and_treat_AR_exclusive read_and_treat_AR_exclusive
read_and_treat_AR_exclusive_WD read_and_treat_AR_exclusive_WD
mv: cannot stat ‘PWV_ARevol_1H_nig3*.dat’: No such file or directory
+++ working on night --- 2025-09-05 +++
read_and_treat_AR_exclusive read_and_treat_AR_exclusive
read_and_treat_AR_exclusive read_and_treat_AR_exclusive
read_and_treat_AR_exclusive read_and_treat_AR_exclusive
tail: cannot open ‘/TERASTARMET/FATE_BACKUPS_mesohp1/AUTOMATION_OUTPUTS/AUTOREGRESSION_night3/postproc/DAT_ARCHIVE/20250905_wapor_evol_time_Height_5_20000_TELEMETRY_output_night.dat’ for reading: No such file or directory
read_and_treat_AR_exclusive read_and_treat_AR_exclusive
read_and_treat_AR_exclusive read_and_treat_AR_exclusive
read_and_treat_AR_exclusive read_and_treat_AR_exclusive
read_and_treat_AR_exclusive_WD read_and_treat_AR_exclusive_WD
mv: cannot stat ‘PWV_ARevol_1H_nig3*.dat’: No such file or directory
+++ working on night --- 2025-09-06 +++
tail: cannot open ‘/TERASTARMET/FATE_BACKUPS_mesohp1/AUTOMATION_OUTPUTS/AUTOREGRESSION_night3/postproc/DAT_ARCHIVE/20250906_see_evol_time_Height_5_20000_TELEMETRY_output_night.dat’ for reading: No such file or directory
read_and_treat_AR_exclusive read_and_treat_AR_exclusive
tail: cannot open ‘/TERASTARMET/FATE_BACKUPS_mesohp1/AUTOMATION_OUTPUTS/AUTOREGRESSION_night3/postproc/DAT_ARCHIVE/20250906_tau_evol_time_Height_5_20000_TELEMETRY_output_night.dat’ for reading: No such file or directory
read_and_treat_AR_exclusive read_and_treat_AR_exclusive
tail: cannot open ‘/TERASTARMET/FATE_BACKUPS_mesohp1/AUTOMATION_OUTPUTS/AUTOREGRESSION_night3/postproc/DAT_ARCHIVE/20250906_glf_evol_time_Height_5_20000_TELEMETRY_output_night.dat’ for reading: No such file or directory
read_and_treat_AR_exclusive read_and_treat_AR_exclusive
tail: cannot open ‘/TERASTARMET/FATE_BACKUPS_mesohp1/AUTOMATION_OUTPUTS/AUTOREGRESSION_night3/postproc/DAT_ARCHIVE/20250906_wapor_evol_time_Height_5_20000_TELEMETRY_output_night.dat’ for reading: No such file or directory
read_and_treat_AR_exclusive read_and_treat_AR_exclusive
read_and_treat_AR_exclusive read_and_treat_AR_exclusive
read_and_treat_AR_exclusive read_and_treat_AR_exclusive
read_and_treat_AR_exclusive_WD read_and_treat_AR_exclusive_WD
mv: cannot stat ‘SEE_ARevol_1H_nig3*.dat’: No such file or directory
mv: cannot stat ‘TAU_ARevol_1H_nig3*.dat’: No such file or directory
mv: cannot stat ‘GLF_ARevol_1H_nig3*.dat’: No such file or directory
mv: cannot stat ‘PWV_ARevol_1H_nig3*.dat’: No such file or directory
+++ working on night --- 2025-09-07 +++
tail: cannot open ‘/TERASTARMET/FATE_BACKUPS_mesohp1/AUTOMATION_OUTPUTS/AUTOREGRESSION_night3/postproc/DAT_ARCHIVE/20250907_see_evol_time_Height_5_20000_TELEMETRY_output_night.dat’ for reading: No such file or directory
read_and_treat_AR_exclusive read_and_treat_AR_exclusive
tail: cannot open ‘/TERASTARMET/FATE_BACKUPS_mesohp1/AUTOMATION_OUTPUTS/AUTOREGRESSION_night3/postproc/DAT_ARCHIVE/20250907_tau_evol_time_Height_5_20000_TELEMETRY_output_night.dat’ for reading: No such file or directory
read_and_treat_AR_exclusive read_and_treat_AR_exclusive
tail: cannot open ‘/TERASTARMET/FATE_BACKUPS_mesohp1/AUTOMATION_OUTPUTS/AUTOREGRESSION_night3/postproc/DAT_ARCHIVE/20250907_glf_evol_time_Height_5_20000_TELEMETRY_output_night.dat’ for reading: No such file or directory
read_and_treat_AR_exclusive read_and_treat_AR_exclusive
tail: cannot open ‘/TERASTARMET/FATE_BACKUPS_mesohp1/AUTOMATION_OUTPUTS/AUTOREGRESSION_night3/postproc/DAT_ARCHIVE/20250907_wapor_evol_time_Height_5_20000_TELEMETRY_output_night.dat’ for reading: No such file or directory
read_and_treat_AR_exclusive read_and_treat_AR_exclusive
read_and_treat_AR_exclusive read_and_treat_AR_exclusive
read_and_treat_AR_exclusive read_and_treat_AR_exclusive
read_and_treat_AR_exclusive_WD read_and_treat_AR_exclusive_WD
mv: cannot stat ‘SEE_ARevol_1H_nig3*.dat’: No such file or directory
mv: cannot stat ‘TAU_ARevol_1H_nig3*.dat’: No such file or directory
mv: cannot stat ‘GLF_ARevol_1H_nig3*.dat’: No such file or directory
mv: cannot stat ‘PWV_ARevol_1H_nig3*.dat’: No such file or directory
+++ working on night --- 2025-09-08 +++
read_and_treat_AR_exclusive read_and_treat_AR_exclusive
read_and_treat_AR_exclusive read_and_treat_AR_exclusive
read_and_treat_AR_exclusive read_and_treat_AR_exclusive
tail: cannot open ‘/TERASTARMET/FATE_BACKUPS_mesohp1/AUTOMATION_OUTPUTS/AUTOREGRESSION_night3/postproc/DAT_ARCHIVE/20250908_wapor_evol_time_Height_5_20000_TELEMETRY_output_night.dat’ for reading: No such file or directory
read_and_treat_AR_exclusive read_and_treat_AR_exclusive
read_and_treat_AR_exclusive read_and_treat_AR_exclusive
read_and_treat_AR_exclusive read_and_treat_AR_exclusive
read_and_treat_AR_exclusive_WD read_and_treat_AR_exclusive_WD
mv: cannot stat ‘PWV_ARevol_1H_nig3*.dat’: No such file or directory
+++ working on night --- 2025-09-09 +++
read_and_treat_AR_exclusive read_and_treat_AR_exclusive
read_and_treat_AR_exclusive read_and_treat_AR_exclusive
read_and_treat_AR_exclusive read_and_treat_AR_exclusive
tail: cannot open ‘/TERASTARMET/FATE_BACKUPS_mesohp1/AUTOMATION_OUTPUTS/AUTOREGRESSION_night3/postproc/DAT_ARCHIVE/20250909_wapor_evol_time_Height_5_20000_TELEMETRY_output_night.dat’ for reading: No such file or directory
read_and_treat_AR_exclusive read_and_treat_AR_exclusive
read_and_treat_AR_exclusive read_and_treat_AR_exclusive
read_and_treat_AR_exclusive read_and_treat_AR_exclusive
read_and_treat_AR_exclusive_WD read_and_treat_AR_exclusive_WD
mv: cannot stat ‘PWV_ARevol_1H_nig3*.dat’: No such file or directory
+++ working on night --- 2025-09-10 +++
read_and_treat_AR_exclusive read_and_treat_AR_exclusive
read_and_treat_AR_exclusive read_and_treat_AR_exclusive
read_and_treat_AR_exclusive read_and_treat_AR_exclusive
tail: cannot open ‘/TERASTARMET/FATE_BACKUPS_mesohp1/AUTOMATION_OUTPUTS/AUTOREGRESSION_night3/postproc/DAT_ARCHIVE/20250910_wapor_evol_time_Height_5_20000_TELEMETRY_output_night.dat’ for reading: No such file or directory
read_and_treat_AR_exclusive read_and_treat_AR_exclusive
read_and_treat_AR_exclusive read_and_treat_AR_exclusive
read_and_treat_AR_exclusive read_and_treat_AR_exclusive
read_and_treat_AR_exclusive_WD read_and_treat_AR_exclusive_WD
mv: cannot stat ‘PWV_ARevol_1H_nig3*.dat’: No such file or directory
+++ working on night --- 2025-09-11 +++
read_and_treat_AR_exclusive read_and_treat_AR_exclusive
read_and_treat_AR_exclusive read_and_treat_AR_exclusive
read_and_treat_AR_exclusive read_and_treat_AR_exclusive
tail: cannot open ‘/TERASTARMET/FATE_BACKUPS_mesohp1/AUTOMATION_OUTPUTS/AUTOREGRESSION_night3/postproc/DAT_ARCHIVE/20250911_wapor_evol_time_Height_5_20000_TELEMETRY_output_night.dat’ for reading: No such file or directory
read_and_treat_AR_exclusive read_and_treat_AR_exclusive
read_and_treat_AR_exclusive read_and_treat_AR_exclusive
read_and_treat_AR_exclusive read_and_treat_AR_exclusive
read_and_treat_AR_exclusive_WD read_and_treat_AR_exclusive_WD
mv: cannot stat ‘PWV_ARevol_1H_nig3*.dat’: No such file or directory
+++ working on night --- 2025-09-12 +++
read_and_treat_AR_exclusive read_and_treat_AR_exclusive
read_and_treat_AR_exclusive read_and_treat_AR_exclusive
read_and_treat_AR_exclusive read_and_treat_AR_exclusive
tail: cannot open ‘/TERASTARMET/FATE_BACKUPS_mesohp1/AUTOMATION_OUTPUTS/AUTOREGRESSION_night3/postproc/DAT_ARCHIVE/20250912_wapor_evol_time_Height_5_20000_TELEMETRY_output_night.dat’ for reading: No such file or directory
read_and_treat_AR_exclusive read_and_treat_AR_exclusive
read_and_treat_AR_exclusive read_and_treat_AR_exclusive
read_and_treat_AR_exclusive read_and_treat_AR_exclusive
read_and_treat_AR_exclusive_WD read_and_treat_AR_exclusive_WD
mv: cannot stat ‘PWV_ARevol_1H_nig3*.dat’: No such file or directory
+++ working on night --- 2025-09-13 +++
read_and_treat_AR_exclusive read_and_treat_AR_exclusive
read_and_treat_AR_exclusive read_and_treat_AR_exclusive
read_and_treat_AR_exclusive read_and_treat_AR_exclusive
read_and_treat_AR_exclusive read_and_treat_AR_exclusive
read_and_treat_AR_exclusive read_and_treat_AR_exclusive
read_and_treat_AR_exclusive read_and_treat_AR_exclusive
read_and_treat_AR_exclusive_WD read_and_treat_AR_exclusive_WD
+++ working on night --- 2025-09-14 +++
read_and_treat_AR_exclusive read_and_treat_AR_exclusive
read_and_treat_AR_exclusive read_and_treat_AR_exclusive
read_and_treat_AR_exclusive read_and_treat_AR_exclusive
read_and_treat_AR_exclusive read_and_treat_AR_exclusive
read_and_treat_AR_exclusive read_and_treat_AR_exclusive
read_and_treat_AR_exclusive read_and_treat_AR_exclusive
read_and_treat_AR_exclusive_WD read_and_treat_AR_exclusive_WD
+++ working on night --- 2025-09-15 +++
read_and_treat_AR_exclusive read_and_treat_AR_exclusive
read_and_treat_AR_exclusive read_and_treat_AR_exclusive
read_and_treat_AR_exclusive read_and_treat_AR_exclusive
read_and_treat_AR_exclusive read_and_treat_AR_exclusive
read_and_treat_AR_exclusive read_and_treat_AR_exclusive
read_and_treat_AR_exclusive read_and_treat_AR_exclusive
read_and_treat_AR_exclusive_WD read_and_treat_AR_exclusive_WD
+++ working on night --- 2025-09-16 +++
read_and_treat_AR_exclusive read_and_treat_AR_exclusive
read_and_treat_AR_exclusive read_and_treat_AR_exclusive
read_and_treat_AR_exclusive read_and_treat_AR_exclusive
read_and_treat_AR_exclusive read_and_treat_AR_exclusive
read_and_treat_AR_exclusive read_and_treat_AR_exclusive
read_and_treat_AR_exclusive read_and_treat_AR_exclusive
read_and_treat_AR_exclusive_WD read_and_treat_AR_exclusive_WD
+++ working on night --- 2025-09-17 +++
read_and_treat_AR_exclusive read_and_treat_AR_exclusive
read_and_treat_AR_exclusive read_and_treat_AR_exclusive
read_and_treat_AR_exclusive read_and_treat_AR_exclusive
read_and_treat_AR_exclusive read_and_treat_AR_exclusive
read_and_treat_AR_exclusive read_and_treat_AR_exclusive
read_and_treat_AR_exclusive read_and_treat_AR_exclusive
read_and_treat_AR_exclusive_WD read_and_treat_AR_exclusive_WD
+++ working on night --- 2025-09-18 +++
read_and_treat_AR_exclusive read_and_treat_AR_exclusive
read_and_treat_AR_exclusive read_and_treat_AR_exclusive
read_and_treat_AR_exclusive read_and_treat_AR_exclusive
tail: cannot open ‘/TERASTARMET/FATE_BACKUPS_mesohp1/AUTOMATION_OUTPUTS/AUTOREGRESSION_night3/postproc/DAT_ARCHIVE/20250918_wapor_evol_time_Height_5_20000_TELEMETRY_output_night.dat’ for reading: No such file or directory
read_and_treat_AR_exclusive read_and_treat_AR_exclusive
read_and_treat_AR_exclusive read_and_treat_AR_exclusive
read_and_treat_AR_exclusive read_and_treat_AR_exclusive
read_and_treat_AR_exclusive_WD read_and_treat_AR_exclusive_WD
mv: cannot stat ‘PWV_ARevol_1H_nig3*.dat’: No such file or directory
+++ working on night --- 2025-09-19 +++
read_and_treat_AR_exclusive read_and_treat_AR_exclusive
read_and_treat_AR_exclusive read_and_treat_AR_exclusive
read_and_treat_AR_exclusive read_and_treat_AR_exclusive
tail: cannot open ‘/TERASTARMET/FATE_BACKUPS_mesohp1/AUTOMATION_OUTPUTS/AUTOREGRESSION_night3/postproc/DAT_ARCHIVE/20250919_wapor_evol_time_Height_5_20000_TELEMETRY_output_night.dat’ for reading: No such file or directory
read_and_treat_AR_exclusive read_and_treat_AR_exclusive
read_and_treat_AR_exclusive read_and_treat_AR_exclusive
read_and_treat_AR_exclusive read_and_treat_AR_exclusive
read_and_treat_AR_exclusive_WD read_and_treat_AR_exclusive_WD
mv: cannot stat ‘PWV_ARevol_1H_nig3*.dat’: No such file or directory
+++ working on night --- 2025-09-20 +++
read_and_treat_AR_exclusive read_and_treat_AR_exclusive
read_and_treat_AR_exclusive read_and_treat_AR_exclusive
read_and_treat_AR_exclusive read_and_treat_AR_exclusive
tail: cannot open ‘/TERASTARMET/FATE_BACKUPS_mesohp1/AUTOMATION_OUTPUTS/AUTOREGRESSION_night3/postproc/DAT_ARCHIVE/20250920_wapor_evol_time_Height_5_20000_TELEMETRY_output_night.dat’ for reading: No such file or directory
read_and_treat_AR_exclusive read_and_treat_AR_exclusive
read_and_treat_AR_exclusive read_and_treat_AR_exclusive
read_and_treat_AR_exclusive read_and_treat_AR_exclusive
read_and_treat_AR_exclusive_WD read_and_treat_AR_exclusive_WD
mv: cannot stat ‘PWV_ARevol_1H_nig3*.dat’: No such file or directory
+++ working on night --- 2025-09-21 +++
read_and_treat_AR_exclusive read_and_treat_AR_exclusive
read_and_treat_AR_exclusive read_and_treat_AR_exclusive
read_and_treat_AR_exclusive read_and_treat_AR_exclusive
read_and_treat_AR_exclusive read_and_treat_AR_exclusive
read_and_treat_AR_exclusive read_and_treat_AR_exclusive
read_and_treat_AR_exclusive read_and_treat_AR_exclusive
read_and_treat_AR_exclusive_WD read_and_treat_AR_exclusive_WD
+++ working on night --- 2025-09-22 +++
read_and_treat_AR_exclusive read_and_treat_AR_exclusive
read_and_treat_AR_exclusive read_and_treat_AR_exclusive
read_and_treat_AR_exclusive read_and_treat_AR_exclusive
read_and_treat_AR_exclusive read_and_treat_AR_exclusive
read_and_treat_AR_exclusive read_and_treat_AR_exclusive
read_and_treat_AR_exclusive read_and_treat_AR_exclusive
read_and_treat_AR_exclusive_WD read_and_treat_AR_exclusive_WD
+++ working on night --- 2025-09-23 +++
read_and_treat_AR_exclusive read_and_treat_AR_exclusive
read_and_treat_AR_exclusive read_and_treat_AR_exclusive
read_and_treat_AR_exclusive read_and_treat_AR_exclusive
read_and_treat_AR_exclusive read_and_treat_AR_exclusive
read_and_treat_AR_exclusive read_and_treat_AR_exclusive
read_and_treat_AR_exclusive read_and_treat_AR_exclusive
read_and_treat_AR_exclusive_WD read_and_treat_AR_exclusive_WD
+++ working on night --- 2025-09-24 +++
read_and_treat_AR_exclusive read_and_treat_AR_exclusive
read_and_treat_AR_exclusive read_and_treat_AR_exclusive
read_and_treat_AR_exclusive read_and_treat_AR_exclusive
read_and_treat_AR_exclusive read_and_treat_AR_exclusive
read_and_treat_AR_exclusive read_and_treat_AR_exclusive
read_and_treat_AR_exclusive read_and_treat_AR_exclusive
read_and_treat_AR_exclusive_WD read_and_treat_AR_exclusive_WD
+++ working on night --- 2025-09-25 +++
read_and_treat_AR_exclusive read_and_treat_AR_exclusive
read_and_treat_AR_exclusive read_and_treat_AR_exclusive
read_and_treat_AR_exclusive read_and_treat_AR_exclusive
read_and_treat_AR_exclusive read_and_treat_AR_exclusive
read_and_treat_AR_exclusive read_and_treat_AR_exclusive
read_and_treat_AR_exclusive read_and_treat_AR_exclusive
read_and_treat_AR_exclusive_WD read_and_treat_AR_exclusive_WD
+++ working on night --- 2025-09-26 +++
read_and_treat_AR_exclusive read_and_treat_AR_exclusive
read_and_treat_AR_exclusive read_and_treat_AR_exclusive
read_and_treat_AR_exclusive read_and_treat_AR_exclusive
read_and_treat_AR_exclusive read_and_treat_AR_exclusive
read_and_treat_AR_exclusive read_and_treat_AR_exclusive
read_and_treat_AR_exclusive read_and_treat_AR_exclusive
read_and_treat_AR_exclusive_WD read_and_treat_AR_exclusive_WD
+++ working on night --- 2025-09-27 +++
read_and_treat_AR_exclusive read_and_treat_AR_exclusive
read_and_treat_AR_exclusive read_and_treat_AR_exclusive
read_and_treat_AR_exclusive read_and_treat_AR_exclusive
read_and_treat_AR_exclusive read_and_treat_AR_exclusive
read_and_treat_AR_exclusive read_and_treat_AR_exclusive
read_and_treat_AR_exclusive read_and_treat_AR_exclusive
read_and_treat_AR_exclusive_WD read_and_treat_AR_exclusive_WD
+++ working on night --- 2025-09-28 +++
read_and_treat_AR_exclusive read_and_treat_AR_exclusive
read_and_treat_AR_exclusive read_and_treat_AR_exclusive
read_and_treat_AR_exclusive read_and_treat_AR_exclusive
read_and_treat_AR_exclusive read_and_treat_AR_exclusive
read_and_treat_AR_exclusive read_and_treat_AR_exclusive
read_and_treat_AR_exclusive read_and_treat_AR_exclusive
read_and_treat_AR_exclusive_WD read_and_treat_AR_exclusive_WD
+++ working on night --- 2025-09-29 +++
read_and_treat_AR_exclusive read_and_treat_AR_exclusive
read_and_treat_AR_exclusive read_and_treat_AR_exclusive
read_and_treat_AR_exclusive read_and_treat_AR_exclusive
read_and_treat_AR_exclusive read_and_treat_AR_exclusive
read_and_treat_AR_exclusive read_and_treat_AR_exclusive
read_and_treat_AR_exclusive read_and_treat_AR_exclusive
read_and_treat_AR_exclusive_WD read_and_treat_AR_exclusive_WD
+++ working on night --- 2025-09-30 +++
read_and_treat_AR_exclusive read_and_treat_AR_exclusive
read_and_treat_AR_exclusive read_and_treat_AR_exclusive
read_and_treat_AR_exclusive read_and_treat_AR_exclusive
read_and_treat_AR_exclusive read_and_treat_AR_exclusive
read_and_treat_AR_exclusive read_and_treat_AR_exclusive
read_and_treat_AR_exclusive read_and_treat_AR_exclusive
read_and_treat_AR_exclusive_WD read_and_treat_AR_exclusive_WD
+++ working on night --- 2025-10-01 +++
read_and_treat_AR_exclusive read_and_treat_AR_exclusive
read_and_treat_AR_exclusive read_and_treat_AR_exclusive
read_and_treat_AR_exclusive read_and_treat_AR_exclusive
read_and_treat_AR_exclusive read_and_treat_AR_exclusive
read_and_treat_AR_exclusive read_and_treat_AR_exclusive
read_and_treat_AR_exclusive read_and_treat_AR_exclusive
read_and_treat_AR_exclusive_WD read_and_treat_AR_exclusive_WD
+++ working on night --- 2025-10-02 +++
read_and_treat_AR_exclusive read_and_treat_AR_exclusive
read_and_treat_AR_exclusive read_and_treat_AR_exclusive
read_and_treat_AR_exclusive read_and_treat_AR_exclusive
read_and_treat_AR_exclusive read_and_treat_AR_exclusive
read_and_treat_AR_exclusive read_and_treat_AR_exclusive
read_and_treat_AR_exclusive read_and_treat_AR_exclusive
read_and_treat_AR_exclusive_WD read_and_treat_AR_exclusive_WD
+++ working on night --- 2025-10-03 +++
read_and_treat_AR_exclusive read_and_treat_AR_exclusive
read_and_treat_AR_exclusive read_and_treat_AR_exclusive
read_and_treat_AR_exclusive read_and_treat_AR_exclusive
read_and_treat_AR_exclusive read_and_treat_AR_exclusive
read_and_treat_AR_exclusive read_and_treat_AR_exclusive
read_and_treat_AR_exclusive read_and_treat_AR_exclusive
read_and_treat_AR_exclusive_WD read_and_treat_AR_exclusive_WD
+++ working on night --- 2025-10-04 +++
read_and_treat_AR_exclusive read_and_treat_AR_exclusive
read_and_treat_AR_exclusive read_and_treat_AR_exclusive
read_and_treat_AR_exclusive read_and_treat_AR_exclusive
read_and_treat_AR_exclusive read_and_treat_AR_exclusive
read_and_treat_AR_exclusive read_and_treat_AR_exclusive
read_and_treat_AR_exclusive read_and_treat_AR_exclusive
read_and_treat_AR_exclusive_WD read_and_treat_AR_exclusive_WD
+++ working on night --- 2025-10-05 +++
read_and_treat_AR_exclusive read_and_treat_AR_exclusive
read_and_treat_AR_exclusive read_and_treat_AR_exclusive
read_and_treat_AR_exclusive read_and_treat_AR_exclusive
read_and_treat_AR_exclusive read_and_treat_AR_exclusive
read_and_treat_AR_exclusive read_and_treat_AR_exclusive
read_and_treat_AR_exclusive read_and_treat_AR_exclusive
read_and_treat_AR_exclusive_WD read_and_treat_AR_exclusive_WD
+++ working on night --- 2025-10-06 +++
read_and_treat_AR_exclusive read_and_treat_AR_exclusive
read_and_treat_AR_exclusive read_and_treat_AR_exclusive
read_and_treat_AR_exclusive read_and_treat_AR_exclusive
read_and_treat_AR_exclusive read_and_treat_AR_exclusive
read_and_treat_AR_exclusive read_and_treat_AR_exclusive
read_and_treat_AR_exclusive read_and_treat_AR_exclusive
read_and_treat_AR_exclusive_WD read_and_treat_AR_exclusive_WD
+++ working on night --- 2025-10-07 +++
read_and_treat_AR_exclusive read_and_treat_AR_exclusive
read_and_treat_AR_exclusive read_and_treat_AR_exclusive
read_and_treat_AR_exclusive read_and_treat_AR_exclusive
read_and_treat_AR_exclusive read_and_treat_AR_exclusive
read_and_treat_AR_exclusive read_and_treat_AR_exclusive
read_and_treat_AR_exclusive read_and_treat_AR_exclusive
read_and_treat_AR_exclusive_WD read_and_treat_AR_exclusive_WD
+++ working on night --- 2025-10-08 +++
read_and_treat_AR_exclusive read_and_treat_AR_exclusive
read_and_treat_AR_exclusive read_and_treat_AR_exclusive
read_and_treat_AR_exclusive read_and_treat_AR_exclusive
read_and_treat_AR_exclusive read_and_treat_AR_exclusive
read_and_treat_AR_exclusive read_and_treat_AR_exclusive
read_and_treat_AR_exclusive read_and_treat_AR_exclusive
read_and_treat_AR_exclusive_WD read_and_treat_AR_exclusive_WD
+++ working on night --- 2025-10-10 +++
read_and_treat_AR_exclusive read_and_treat_AR_exclusive
read_and_treat_AR_exclusive read_and_treat_AR_exclusive
read_and_treat_AR_exclusive read_and_treat_AR_exclusive
read_and_treat_AR_exclusive read_and_treat_AR_exclusive
read_and_treat_AR_exclusive read_and_treat_AR_exclusive
read_and_treat_AR_exclusive read_and_treat_AR_exclusive
read_and_treat_AR_exclusive_WD read_and_treat_AR_exclusive_WD
+++ working on night --- 2025-10-11 +++
read_and_treat_AR_exclusive read_and_treat_AR_exclusive
read_and_treat_AR_exclusive read_and_treat_AR_exclusive
read_and_treat_AR_exclusive read_and_treat_AR_exclusive
read_and_treat_AR_exclusive read_and_treat_AR_exclusive
read_and_treat_AR_exclusive read_and_treat_AR_exclusive
read_and_treat_AR_exclusive read_and_treat_AR_exclusive
read_and_treat_AR_exclusive_WD read_and_treat_AR_exclusive_WD
+++ working on night --- 2025-10-12 +++
read_and_treat_AR_exclusive read_and_treat_AR_exclusive
read_and_treat_AR_exclusive read_and_treat_AR_exclusive
read_and_treat_AR_exclusive read_and_treat_AR_exclusive
read_and_treat_AR_exclusive read_and_treat_AR_exclusive
read_and_treat_AR_exclusive read_and_treat_AR_exclusive
read_and_treat_AR_exclusive read_and_treat_AR_exclusive
read_and_treat_AR_exclusive_WD read_and_treat_AR_exclusive_WD
+++ working on night --- 2025-10-13 +++
read_and_treat_AR_exclusive read_and_treat_AR_exclusive
read_and_treat_AR_exclusive read_and_treat_AR_exclusive
read_and_treat_AR_exclusive read_and_treat_AR_exclusive
read_and_treat_AR_exclusive read_and_treat_AR_exclusive
read_and_treat_AR_exclusive read_and_treat_AR_exclusive
read_and_treat_AR_exclusive read_and_treat_AR_exclusive
read_and_treat_AR_exclusive_WD read_and_treat_AR_exclusive_WD
+++ working on night --- 2025-10-14 +++
read_and_treat_AR_exclusive read_and_treat_AR_exclusive
read_and_treat_AR_exclusive read_and_treat_AR_exclusive
read_and_treat_AR_exclusive read_and_treat_AR_exclusive
read_and_treat_AR_exclusive read_and_treat_AR_exclusive
read_and_treat_AR_exclusive read_and_treat_AR_exclusive
read_and_treat_AR_exclusive read_and_treat_AR_exclusive
read_and_treat_AR_exclusive_WD read_and_treat_AR_exclusive_WD
+++ working on night --- 2025-10-15 +++
read_and_treat_AR_exclusive read_and_treat_AR_exclusive
read_and_treat_AR_exclusive read_and_treat_AR_exclusive
read_and_treat_AR_exclusive read_and_treat_AR_exclusive
read_and_treat_AR_exclusive read_and_treat_AR_exclusive
read_and_treat_AR_exclusive read_and_treat_AR_exclusive
read_and_treat_AR_exclusive read_and_treat_AR_exclusive
read_and_treat_AR_exclusive_WD read_and_treat_AR_exclusive_WD
+++ working on night --- 2025-10-16 +++
read_and_treat_AR_exclusive read_and_treat_AR_exclusive
read_and_treat_AR_exclusive read_and_treat_AR_exclusive
read_and_treat_AR_exclusive read_and_treat_AR_exclusive
read_and_treat_AR_exclusive read_and_treat_AR_exclusive
read_and_treat_AR_exclusive read_and_treat_AR_exclusive
read_and_treat_AR_exclusive read_and_treat_AR_exclusive
read_and_treat_AR_exclusive_WD read_and_treat_AR_exclusive_WD
+++ working on night --- 2025-10-17 +++
read_and_treat_AR_exclusive read_and_treat_AR_exclusive
read_and_treat_AR_exclusive read_and_treat_AR_exclusive
read_and_treat_AR_exclusive read_and_treat_AR_exclusive
read_and_treat_AR_exclusive read_and_treat_AR_exclusive
read_and_treat_AR_exclusive read_and_treat_AR_exclusive
read_and_treat_AR_exclusive read_and_treat_AR_exclusive
read_and_treat_AR_exclusive_WD read_and_treat_AR_exclusive_WD
+++ working on night --- 2025-10-18 +++
read_and_treat_AR_exclusive read_and_treat_AR_exclusive
read_and_treat_AR_exclusive read_and_treat_AR_exclusive
read_and_treat_AR_exclusive read_and_treat_AR_exclusive
read_and_treat_AR_exclusive read_and_treat_AR_exclusive
read_and_treat_AR_exclusive read_and_treat_AR_exclusive
read_and_treat_AR_exclusive read_and_treat_AR_exclusive
read_and_treat_AR_exclusive_WD read_and_treat_AR_exclusive_WD
+++ working on night --- 2025-10-19 +++
read_and_treat_AR_exclusive read_and_treat_AR_exclusive
read_and_treat_AR_exclusive read_and_treat_AR_exclusive
read_and_treat_AR_exclusive read_and_treat_AR_exclusive
read_and_treat_AR_exclusive read_and_treat_AR_exclusive
read_and_treat_AR_exclusive read_and_treat_AR_exclusive
read_and_treat_AR_exclusive read_and_treat_AR_exclusive
read_and_treat_AR_exclusive_WD read_and_treat_AR_exclusive_WD
+++ working on night --- 2025-10-20 +++
read_and_treat_AR_exclusive read_and_treat_AR_exclusive
read_and_treat_AR_exclusive read_and_treat_AR_exclusive
read_and_treat_AR_exclusive read_and_treat_AR_exclusive
read_and_treat_AR_exclusive read_and_treat_AR_exclusive
read_and_treat_AR_exclusive read_and_treat_AR_exclusive
read_and_treat_AR_exclusive read_and_treat_AR_exclusive
read_and_treat_AR_exclusive_WD read_and_treat_AR_exclusive_WD
+++ working on night --- 2025-10-21 +++
read_and_treat_AR_exclusive read_and_treat_AR_exclusive
read_and_treat_AR_exclusive read_and_treat_AR_exclusive
read_and_treat_AR_exclusive read_and_treat_AR_exclusive
read_and_treat_AR_exclusive read_and_treat_AR_exclusive
read_and_treat_AR_exclusive read_and_treat_AR_exclusive
read_and_treat_AR_exclusive read_and_treat_AR_exclusive
read_and_treat_AR_exclusive_WD read_and_treat_AR_exclusive_WD
+++ working on night --- 2025-10-22 +++
read_and_treat_AR_exclusive read_and_treat_AR_exclusive
read_and_treat_AR_exclusive read_and_treat_AR_exclusive
read_and_treat_AR_exclusive read_and_treat_AR_exclusive
read_and_treat_AR_exclusive read_and_treat_AR_exclusive
read_and_treat_AR_exclusive read_and_treat_AR_exclusive
read_and_treat_AR_exclusive read_and_treat_AR_exclusive
read_and_treat_AR_exclusive_WD read_and_treat_AR_exclusive_WD
+++ working on night --- 2025-10-24 +++
read_and_treat_AR_exclusive read_and_treat_AR_exclusive
read_and_treat_AR_exclusive read_and_treat_AR_exclusive
read_and_treat_AR_exclusive read_and_treat_AR_exclusive
read_and_treat_AR_exclusive read_and_treat_AR_exclusive
read_and_treat_AR_exclusive read_and_treat_AR_exclusive
read_and_treat_AR_exclusive read_and_treat_AR_exclusive
read_and_treat_AR_exclusive_WD read_and_treat_AR_exclusive_WD
+++ working on night --- 2025-10-25 +++
read_and_treat_AR_exclusive read_and_treat_AR_exclusive
read_and_treat_AR_exclusive read_and_treat_AR_exclusive
read_and_treat_AR_exclusive read_and_treat_AR_exclusive
read_and_treat_AR_exclusive read_and_treat_AR_exclusive
read_and_treat_AR_exclusive read_and_treat_AR_exclusive
read_and_treat_AR_exclusive read_and_treat_AR_exclusive
read_and_treat_AR_exclusive_WD read_and_treat_AR_exclusive_WD
+++ working on night --- 2025-10-26 +++
read_and_treat_AR_exclusive read_and_treat_AR_exclusive
read_and_treat_AR_exclusive read_and_treat_AR_exclusive
read_and_treat_AR_exclusive read_and_treat_AR_exclusive
read_and_treat_AR_exclusive read_and_treat_AR_exclusive
read_and_treat_AR_exclusive read_and_treat_AR_exclusive
read_and_treat_AR_exclusive read_and_treat_AR_exclusive
read_and_treat_AR_exclusive_WD read_and_treat_AR_exclusive_WD
+++ working on night --- 2025-10-27 +++
read_and_treat_AR_exclusive read_and_treat_AR_exclusive
read_and_treat_AR_exclusive read_and_treat_AR_exclusive
read_and_treat_AR_exclusive read_and_treat_AR_exclusive
read_and_treat_AR_exclusive read_and_treat_AR_exclusive
read_and_treat_AR_exclusive read_and_treat_AR_exclusive
read_and_treat_AR_exclusive read_and_treat_AR_exclusive
read_and_treat_AR_exclusive_WD read_and_treat_AR_exclusive_WD
+++ working on night --- 2025-10-28 +++
read_and_treat_AR_exclusive read_and_treat_AR_exclusive
read_and_treat_AR_exclusive read_and_treat_AR_exclusive
read_and_treat_AR_exclusive read_and_treat_AR_exclusive
read_and_treat_AR_exclusive read_and_treat_AR_exclusive
read_and_treat_AR_exclusive read_and_treat_AR_exclusive
read_and_treat_AR_exclusive read_and_treat_AR_exclusive
read_and_treat_AR_exclusive_WD read_and_treat_AR_exclusive_WD
+++ working on night --- 2025-10-29 +++
read_and_treat_AR_exclusive read_and_treat_AR_exclusive
read_and_treat_AR_exclusive read_and_treat_AR_exclusive
read_and_treat_AR_exclusive read_and_treat_AR_exclusive
read_and_treat_AR_exclusive read_and_treat_AR_exclusive
read_and_treat_AR_exclusive read_and_treat_AR_exclusive
read_and_treat_AR_exclusive read_and_treat_AR_exclusive
read_and_treat_AR_exclusive_WD read_and_treat_AR_exclusive_WD
+++ working on night --- 2025-10-30 +++
read_and_treat_AR_exclusive read_and_treat_AR_exclusive
read_and_treat_AR_exclusive read_and_treat_AR_exclusive
read_and_treat_AR_exclusive read_and_treat_AR_exclusive
read_and_treat_AR_exclusive read_and_treat_AR_exclusive
read_and_treat_AR_exclusive read_and_treat_AR_exclusive
read_and_treat_AR_exclusive read_and_treat_AR_exclusive
read_and_treat_AR_exclusive_WD read_and_treat_AR_exclusive_WD
+++ working on night --- 2025-10-31 +++
read_and_treat_AR_exclusive read_and_treat_AR_exclusive
read_and_treat_AR_exclusive read_and_treat_AR_exclusive
read_and_treat_AR_exclusive read_and_treat_AR_exclusive
read_and_treat_AR_exclusive read_and_treat_AR_exclusive
read_and_treat_AR_exclusive read_and_treat_AR_exclusive
read_and_treat_AR_exclusive read_and_treat_AR_exclusive
read_and_treat_AR_exclusive_WD read_and_treat_AR_exclusive_WD
+++ working on night --- 2025-11-01 +++
read_and_treat_AR_exclusive read_and_treat_AR_exclusive
read_and_treat_AR_exclusive read_and_treat_AR_exclusive
read_and_treat_AR_exclusive read_and_treat_AR_exclusive
read_and_treat_AR_exclusive read_and_treat_AR_exclusive
read_and_treat_AR_exclusive read_and_treat_AR_exclusive
read_and_treat_AR_exclusive read_and_treat_AR_exclusive
read_and_treat_AR_exclusive_WD read_and_treat_AR_exclusive_WD
+++ working on night --- 2025-11-02 +++
read_and_treat_AR_exclusive read_and_treat_AR_exclusive
read_and_treat_AR_exclusive read_and_treat_AR_exclusive
read_and_treat_AR_exclusive read_and_treat_AR_exclusive
read_and_treat_AR_exclusive read_and_treat_AR_exclusive
read_and_treat_AR_exclusive read_and_treat_AR_exclusive
read_and_treat_AR_exclusive read_and_treat_AR_exclusive
read_and_treat_AR_exclusive_WD read_and_treat_AR_exclusive_WD
+++ working on night --- 2025-11-03 +++
read_and_treat_AR_exclusive read_and_treat_AR_exclusive
read_and_treat_AR_exclusive read_and_treat_AR_exclusive
read_and_treat_AR_exclusive read_and_treat_AR_exclusive
read_and_treat_AR_exclusive read_and_treat_AR_exclusive
read_and_treat_AR_exclusive read_and_treat_AR_exclusive
read_and_treat_AR_exclusive read_and_treat_AR_exclusive
read_and_treat_AR_exclusive_WD read_and_treat_AR_exclusive_WD
+++ working on night --- 2025-11-04 +++
read_and_treat_AR_exclusive read_and_treat_AR_exclusive
read_and_treat_AR_exclusive read_and_treat_AR_exclusive
read_and_treat_AR_exclusive read_and_treat_AR_exclusive
read_and_treat_AR_exclusive read_and_treat_AR_exclusive
read_and_treat_AR_exclusive read_and_treat_AR_exclusive
read_and_treat_AR_exclusive read_and_treat_AR_exclusive
read_and_treat_AR_exclusive_WD read_and_treat_AR_exclusive_WD
+++ working on night --- 2025-11-05 +++
read_and_treat_AR_exclusive read_and_treat_AR_exclusive
read_and_treat_AR_exclusive read_and_treat_AR_exclusive
read_and_treat_AR_exclusive read_and_treat_AR_exclusive
tail: cannot open ‘/TERASTARMET/FATE_BACKUPS_mesohp1/AUTOMATION_OUTPUTS/AUTOREGRESSION_night3/postproc/DAT_ARCHIVE/20251105_wapor_evol_time_Height_5_20000_TELEMETRY_output_night.dat’ for reading: No such file or directory
read_and_treat_AR_exclusive read_and_treat_AR_exclusive
read_and_treat_AR_exclusive read_and_treat_AR_exclusive
read_and_treat_AR_exclusive read_and_treat_AR_exclusive
read_and_treat_AR_exclusive_WD read_and_treat_AR_exclusive_WD
mv: cannot stat ‘PWV_ARevol_1H_nig3*.dat’: No such file or directory
+++ working on night --- 2025-11-06 +++
read_and_treat_AR_exclusive read_and_treat_AR_exclusive
read_and_treat_AR_exclusive read_and_treat_AR_exclusive
read_and_treat_AR_exclusive read_and_treat_AR_exclusive
read_and_treat_AR_exclusive read_and_treat_AR_exclusive
read_and_treat_AR_exclusive read_and_treat_AR_exclusive
read_and_treat_AR_exclusive read_and_treat_AR_exclusive
read_and_treat_AR_exclusive_WD read_and_treat_AR_exclusive_WD
+++ working on night --- 2025-11-07 +++
read_and_treat_AR_exclusive read_and_treat_AR_exclusive
read_and_treat_AR_exclusive read_and_treat_AR_exclusive
read_and_treat_AR_exclusive read_and_treat_AR_exclusive
read_and_treat_AR_exclusive read_and_treat_AR_exclusive
read_and_treat_AR_exclusive read_and_treat_AR_exclusive
read_and_treat_AR_exclusive read_and_treat_AR_exclusive
read_and_treat_AR_exclusive_WD read_and_treat_AR_exclusive_WD
+++ working on night --- 2025-11-08 +++
read_and_treat_AR_exclusive read_and_treat_AR_exclusive
read_and_treat_AR_exclusive read_and_treat_AR_exclusive
read_and_treat_AR_exclusive read_and_treat_AR_exclusive
read_and_treat_AR_exclusive read_and_treat_AR_exclusive
read_and_treat_AR_exclusive read_and_treat_AR_exclusive
read_and_treat_AR_exclusive read_and_treat_AR_exclusive
read_and_treat_AR_exclusive_WD read_and_treat_AR_exclusive_WD
+++ working on night --- 2025-11-09 +++
read_and_treat_AR_exclusive read_and_treat_AR_exclusive
read_and_treat_AR_exclusive read_and_treat_AR_exclusive
read_and_treat_AR_exclusive read_and_treat_AR_exclusive
read_and_treat_AR_exclusive read_and_treat_AR_exclusive
read_and_treat_AR_exclusive read_and_treat_AR_exclusive
read_and_treat_AR_exclusive read_and_treat_AR_exclusive
read_and_treat_AR_exclusive_WD read_and_treat_AR_exclusive_WD
+++ working on night --- 2025-11-10 +++
read_and_treat_AR_exclusive read_and_treat_AR_exclusive
read_and_treat_AR_exclusive read_and_treat_AR_exclusive
read_and_treat_AR_exclusive read_and_treat_AR_exclusive
read_and_treat_AR_exclusive read_and_treat_AR_exclusive
read_and_treat_AR_exclusive read_and_treat_AR_exclusive
read_and_treat_AR_exclusive read_and_treat_AR_exclusive
read_and_treat_AR_exclusive_WD read_and_treat_AR_exclusive_WD
+++ working on night --- 2025-11-11 +++
read_and_treat_AR_exclusive read_and_treat_AR_exclusive
read_and_treat_AR_exclusive read_and_treat_AR_exclusive
read_and_treat_AR_exclusive read_and_treat_AR_exclusive
read_and_treat_AR_exclusive read_and_treat_AR_exclusive
read_and_treat_AR_exclusive read_and_treat_AR_exclusive
read_and_treat_AR_exclusive read_and_treat_AR_exclusive
read_and_treat_AR_exclusive_WD read_and_treat_AR_exclusive_WD
+++ working on night --- 2025-11-13 +++
read_and_treat_AR_exclusive read_and_treat_AR_exclusive
read_and_treat_AR_exclusive read_and_treat_AR_exclusive
read_and_treat_AR_exclusive read_and_treat_AR_exclusive
read_and_treat_AR_exclusive read_and_treat_AR_exclusive
read_and_treat_AR_exclusive read_and_treat_AR_exclusive
read_and_treat_AR_exclusive read_and_treat_AR_exclusive
read_and_treat_AR_exclusive_WD read_and_treat_AR_exclusive_WD
+++ working on night --- 2025-11-14 +++
read_and_treat_AR_exclusive read_and_treat_AR_exclusive
read_and_treat_AR_exclusive read_and_treat_AR_exclusive
read_and_treat_AR_exclusive read_and_treat_AR_exclusive
read_and_treat_AR_exclusive read_and_treat_AR_exclusive
read_and_treat_AR_exclusive read_and_treat_AR_exclusive
read_and_treat_AR_exclusive read_and_treat_AR_exclusive
read_and_treat_AR_exclusive_WD read_and_treat_AR_exclusive_WD
+++ working on night --- 2025-11-15 +++
read_and_treat_AR_exclusive read_and_treat_AR_exclusive
read_and_treat_AR_exclusive read_and_treat_AR_exclusive
read_and_treat_AR_exclusive read_and_treat_AR_exclusive
read_and_treat_AR_exclusive read_and_treat_AR_exclusive
read_and_treat_AR_exclusive read_and_treat_AR_exclusive
read_and_treat_AR_exclusive read_and_treat_AR_exclusive
read_and_treat_AR_exclusive_WD read_and_treat_AR_exclusive_WD
+++ working on night --- 2025-11-16 +++
read_and_treat_AR_exclusive read_and_treat_AR_exclusive
read_and_treat_AR_exclusive read_and_treat_AR_exclusive
read_and_treat_AR_exclusive read_and_treat_AR_exclusive
read_and_treat_AR_exclusive read_and_treat_AR_exclusive
read_and_treat_AR_exclusive read_and_treat_AR_exclusive
read_and_treat_AR_exclusive read_and_treat_AR_exclusive
read_and_treat_AR_exclusive_WD read_and_treat_AR_exclusive_WD
+++ working on night --- 2025-11-17 +++
read_and_treat_AR_exclusive read_and_treat_AR_exclusive
read_and_treat_AR_exclusive read_and_treat_AR_exclusive
read_and_treat_AR_exclusive read_and_treat_AR_exclusive
read_and_treat_AR_exclusive read_and_treat_AR_exclusive
read_and_treat_AR_exclusive read_and_treat_AR_exclusive
read_and_treat_AR_exclusive read_and_treat_AR_exclusive
read_and_treat_AR_exclusive_WD read_and_treat_AR_exclusive_WD
+++ working on night --- 2025-11-18 +++
read_and_treat_AR_exclusive read_and_treat_AR_exclusive
read_and_treat_AR_exclusive read_and_treat_AR_exclusive
read_and_treat_AR_exclusive read_and_treat_AR_exclusive
read_and_treat_AR_exclusive read_and_treat_AR_exclusive
read_and_treat_AR_exclusive read_and_treat_AR_exclusive
read_and_treat_AR_exclusive read_and_treat_AR_exclusive
read_and_treat_AR_exclusive_WD read_and_treat_AR_exclusive_WD
+++ working on night --- 2025-11-19 +++
read_and_treat_AR_exclusive read_and_treat_AR_exclusive
read_and_treat_AR_exclusive read_and_treat_AR_exclusive
read_and_treat_AR_exclusive read_and_treat_AR_exclusive
read_and_treat_AR_exclusive read_and_treat_AR_exclusive
read_and_treat_AR_exclusive read_and_treat_AR_exclusive
read_and_treat_AR_exclusive read_and_treat_AR_exclusive
read_and_treat_AR_exclusive_WD read_and_treat_AR_exclusive_WD
+++ working on night --- 2025-11-20 +++
read_and_treat_AR_exclusive read_and_treat_AR_exclusive
read_and_treat_AR_exclusive read_and_treat_AR_exclusive
read_and_treat_AR_exclusive read_and_treat_AR_exclusive
read_and_treat_AR_exclusive read_and_treat_AR_exclusive
read_and_treat_AR_exclusive read_and_treat_AR_exclusive
read_and_treat_AR_exclusive read_and_treat_AR_exclusive
read_and_treat_AR_exclusive_WD read_and_treat_AR_exclusive_WD
+++ working on night --- 2025-11-22 +++
read_and_treat_AR_exclusive read_and_treat_AR_exclusive
read_and_treat_AR_exclusive read_and_treat_AR_exclusive
read_and_treat_AR_exclusive read_and_treat_AR_exclusive
read_and_treat_AR_exclusive read_and_treat_AR_exclusive
read_and_treat_AR_exclusive read_and_treat_AR_exclusive
read_and_treat_AR_exclusive read_and_treat_AR_exclusive
read_and_treat_AR_exclusive_WD read_and_treat_AR_exclusive_WD
+++ working on night --- 2025-11-23 +++
read_and_treat_AR_exclusive read_and_treat_AR_exclusive
read_and_treat_AR_exclusive read_and_treat_AR_exclusive
read_and_treat_AR_exclusive read_and_treat_AR_exclusive
read_and_treat_AR_exclusive read_and_treat_AR_exclusive
read_and_treat_AR_exclusive read_and_treat_AR_exclusive
read_and_treat_AR_exclusive read_and_treat_AR_exclusive
read_and_treat_AR_exclusive_WD read_and_treat_AR_exclusive_WD
+++ working on night --- 2025-11-24 +++
read_and_treat_AR_exclusive read_and_treat_AR_exclusive
read_and_treat_AR_exclusive read_and_treat_AR_exclusive
read_and_treat_AR_exclusive read_and_treat_AR_exclusive
read_and_treat_AR_exclusive read_and_treat_AR_exclusive
read_and_treat_AR_exclusive read_and_treat_AR_exclusive
read_and_treat_AR_exclusive read_and_treat_AR_exclusive
read_and_treat_AR_exclusive_WD read_and_treat_AR_exclusive_WD
+++ working on night --- 2025-11-25 +++
read_and_treat_AR_exclusive read_and_treat_AR_exclusive
read_and_treat_AR_exclusive read_and_treat_AR_exclusive
read_and_treat_AR_exclusive read_and_treat_AR_exclusive
read_and_treat_AR_exclusive read_and_treat_AR_exclusive
read_and_treat_AR_exclusive read_and_treat_AR_exclusive
read_and_treat_AR_exclusive read_and_treat_AR_exclusive
read_and_treat_AR_exclusive_WD read_and_treat_AR_exclusive_WD
+++ working on night --- 2025-11-26 +++
read_and_treat_AR_exclusive read_and_treat_AR_exclusive
read_and_treat_AR_exclusive read_and_treat_AR_exclusive
read_and_treat_AR_exclusive read_and_treat_AR_exclusive
read_and_treat_AR_exclusive read_and_treat_AR_exclusive
read_and_treat_AR_exclusive read_and_treat_AR_exclusive
read_and_treat_AR_exclusive read_and_treat_AR_exclusive
read_and_treat_AR_exclusive_WD read_and_treat_AR_exclusive_WD
+++ working on night --- 2025-11-27 +++
read_and_treat_AR_exclusive read_and_treat_AR_exclusive
read_and_treat_AR_exclusive read_and_treat_AR_exclusive
read_and_treat_AR_exclusive read_and_treat_AR_exclusive
read_and_treat_AR_exclusive read_and_treat_AR_exclusive
read_and_treat_AR_exclusive read_and_treat_AR_exclusive
read_and_treat_AR_exclusive read_and_treat_AR_exclusive
read_and_treat_AR_exclusive_WD read_and_treat_AR_exclusive_WD
+++ working on night --- 2025-11-28 +++
read_and_treat_AR_exclusive read_and_treat_AR_exclusive
read_and_treat_AR_exclusive read_and_treat_AR_exclusive
read_and_treat_AR_exclusive read_and_treat_AR_exclusive
read_and_treat_AR_exclusive read_and_treat_AR_exclusive
read_and_treat_AR_exclusive read_and_treat_AR_exclusive
read_and_treat_AR_exclusive read_and_treat_AR_exclusive
read_and_treat_AR_exclusive_WD read_and_treat_AR_exclusive_WD
+++ working on night --- 2025-11-29 +++
read_and_treat_AR_exclusive read_and_treat_AR_exclusive
read_and_treat_AR_exclusive read_and_treat_AR_exclusive
read_and_treat_AR_exclusive read_and_treat_AR_exclusive
read_and_treat_AR_exclusive read_and_treat_AR_exclusive
read_and_treat_AR_exclusive read_and_treat_AR_exclusive
read_and_treat_AR_exclusive read_and_treat_AR_exclusive
read_and_treat_AR_exclusive_WD read_and_treat_AR_exclusive_WD
+++ working on night --- 2025-11-30 +++
read_and_treat_AR_exclusive read_and_treat_AR_exclusive
read_and_treat_AR_exclusive read_and_treat_AR_exclusive
read_and_treat_AR_exclusive read_and_treat_AR_exclusive
read_and_treat_AR_exclusive read_and_treat_AR_exclusive
read_and_treat_AR_exclusive read_and_treat_AR_exclusive
read_and_treat_AR_exclusive read_and_treat_AR_exclusive
read_and_treat_AR_exclusive_WD read_and_treat_AR_exclusive_WD
+++ working on night --- 2025-12-01 +++
read_and_treat_AR_exclusive read_and_treat_AR_exclusive
read_and_treat_AR_exclusive read_and_treat_AR_exclusive
read_and_treat_AR_exclusive read_and_treat_AR_exclusive
read_and_treat_AR_exclusive read_and_treat_AR_exclusive
read_and_treat_AR_exclusive read_and_treat_AR_exclusive
read_and_treat_AR_exclusive read_and_treat_AR_exclusive
read_and_treat_AR_exclusive_WD read_and_treat_AR_exclusive_WD
+++ working on night --- 2025-12-02 +++
read_and_treat_AR_exclusive read_and_treat_AR_exclusive
read_and_treat_AR_exclusive read_and_treat_AR_exclusive
read_and_treat_AR_exclusive read_and_treat_AR_exclusive
read_and_treat_AR_exclusive read_and_treat_AR_exclusive
read_and_treat_AR_exclusive read_and_treat_AR_exclusive
read_and_treat_AR_exclusive read_and_treat_AR_exclusive
read_and_treat_AR_exclusive_WD read_and_treat_AR_exclusive_WD
+++ working on night --- 2025-12-03 +++
read_and_treat_AR_exclusive read_and_treat_AR_exclusive
read_and_treat_AR_exclusive read_and_treat_AR_exclusive
read_and_treat_AR_exclusive read_and_treat_AR_exclusive
read_and_treat_AR_exclusive read_and_treat_AR_exclusive
read_and_treat_AR_exclusive read_and_treat_AR_exclusive
read_and_treat_AR_exclusive read_and_treat_AR_exclusive
read_and_treat_AR_exclusive_WD read_and_treat_AR_exclusive_WD
+++ working on night --- 2025-12-04 +++
read_and_treat_AR_exclusive read_and_treat_AR_exclusive
read_and_treat_AR_exclusive read_and_treat_AR_exclusive
read_and_treat_AR_exclusive read_and_treat_AR_exclusive
read_and_treat_AR_exclusive read_and_treat_AR_exclusive
read_and_treat_AR_exclusive read_and_treat_AR_exclusive
read_and_treat_AR_exclusive read_and_treat_AR_exclusive
read_and_treat_AR_exclusive_WD read_and_treat_AR_exclusive_WD
+++ working on night --- 2025-12-05 +++
read_and_treat_AR_exclusive read_and_treat_AR_exclusive
read_and_treat_AR_exclusive read_and_treat_AR_exclusive
read_and_treat_AR_exclusive read_and_treat_AR_exclusive
read_and_treat_AR_exclusive read_and_treat_AR_exclusive
read_and_treat_AR_exclusive read_and_treat_AR_exclusive
read_and_treat_AR_exclusive read_and_treat_AR_exclusive
read_and_treat_AR_exclusive_WD read_and_treat_AR_exclusive_WD
+++ working on night --- 2025-12-06 +++
read_and_treat_AR_exclusive read_and_treat_AR_exclusive
read_and_treat_AR_exclusive read_and_treat_AR_exclusive
read_and_treat_AR_exclusive read_and_treat_AR_exclusive
read_and_treat_AR_exclusive read_and_treat_AR_exclusive
read_and_treat_AR_exclusive read_and_treat_AR_exclusive
read_and_treat_AR_exclusive read_and_treat_AR_exclusive
read_and_treat_AR_exclusive_WD read_and_treat_AR_exclusive_WD
+++ working on night --- 2025-12-07 +++
read_and_treat_AR_exclusive read_and_treat_AR_exclusive
read_and_treat_AR_exclusive read_and_treat_AR_exclusive
read_and_treat_AR_exclusive read_and_treat_AR_exclusive
read_and_treat_AR_exclusive read_and_treat_AR_exclusive
read_and_treat_AR_exclusive read_and_treat_AR_exclusive
read_and_treat_AR_exclusive read_and_treat_AR_exclusive
read_and_treat_AR_exclusive_WD read_and_treat_AR_exclusive_WD
+++ working on night --- 2025-12-08 +++
read_and_treat_AR_exclusive read_and_treat_AR_exclusive
read_and_treat_AR_exclusive read_and_treat_AR_exclusive
read_and_treat_AR_exclusive read_and_treat_AR_exclusive
read_and_treat_AR_exclusive read_and_treat_AR_exclusive
read_and_treat_AR_exclusive read_and_treat_AR_exclusive
read_and_treat_AR_exclusive read_and_treat_AR_exclusive
read_and_treat_AR_exclusive_WD read_and_treat_AR_exclusive_WD
+++ working on night --- 2025-12-09 +++
read_and_treat_AR_exclusive read_and_treat_AR_exclusive
read_and_treat_AR_exclusive read_and_treat_AR_exclusive
read_and_treat_AR_exclusive read_and_treat_AR_exclusive
read_and_treat_AR_exclusive read_and_treat_AR_exclusive
read_and_treat_AR_exclusive read_and_treat_AR_exclusive
read_and_treat_AR_exclusive read_and_treat_AR_exclusive
read_and_treat_AR_exclusive_WD read_and_treat_AR_exclusive_WD
+++ working on night --- 2025-12-10 +++
read_and_treat_AR_exclusive read_and_treat_AR_exclusive
read_and_treat_AR_exclusive read_and_treat_AR_exclusive
read_and_treat_AR_exclusive read_and_treat_AR_exclusive
read_and_treat_AR_exclusive read_and_treat_AR_exclusive
read_and_treat_AR_exclusive read_and_treat_AR_exclusive
read_and_treat_AR_exclusive read_and_treat_AR_exclusive
read_and_treat_AR_exclusive_WD read_and_treat_AR_exclusive_WD
+++ working on night --- 2025-12-11 +++
read_and_treat_AR_exclusive read_and_treat_AR_exclusive
read_and_treat_AR_exclusive read_and_treat_AR_exclusive
read_and_treat_AR_exclusive read_and_treat_AR_exclusive
read_and_treat_AR_exclusive read_and_treat_AR_exclusive
read_and_treat_AR_exclusive read_and_treat_AR_exclusive
read_and_treat_AR_exclusive read_and_treat_AR_exclusive
read_and_treat_AR_exclusive_WD read_and_treat_AR_exclusive_WD
+++ working on night --- 2025-12-12 +++
read_and_treat_AR_exclusive read_and_treat_AR_exclusive
read_and_treat_AR_exclusive read_and_treat_AR_exclusive
read_and_treat_AR_exclusive read_and_treat_AR_exclusive
read_and_treat_AR_exclusive read_and_treat_AR_exclusive
read_and_treat_AR_exclusive read_and_treat_AR_exclusive
read_and_treat_AR_exclusive read_and_treat_AR_exclusive
read_and_treat_AR_exclusive_WD read_and_treat_AR_exclusive_WD
+++ working on night --- 2025-12-13 +++
read_and_treat_AR_exclusive read_and_treat_AR_exclusive
read_and_treat_AR_exclusive read_and_treat_AR_exclusive
read_and_treat_AR_exclusive read_and_treat_AR_exclusive
read_and_treat_AR_exclusive read_and_treat_AR_exclusive
read_and_treat_AR_exclusive read_and_treat_AR_exclusive
read_and_treat_AR_exclusive read_and_treat_AR_exclusive
read_and_treat_AR_exclusive_WD read_and_treat_AR_exclusive_WD
+++ working on night --- 2025-12-14 +++
read_and_treat_AR_exclusive read_and_treat_AR_exclusive
read_and_treat_AR_exclusive read_and_treat_AR_exclusive
read_and_treat_AR_exclusive read_and_treat_AR_exclusive
read_and_treat_AR_exclusive read_and_treat_AR_exclusive
read_and_treat_AR_exclusive read_and_treat_AR_exclusive
read_and_treat_AR_exclusive read_and_treat_AR_exclusive
read_and_treat_AR_exclusive_WD read_and_treat_AR_exclusive_WD
+++ working on night --- 2025-12-15 +++
read_and_treat_AR_exclusive read_and_treat_AR_exclusive
read_and_treat_AR_exclusive read_and_treat_AR_exclusive
read_and_treat_AR_exclusive read_and_treat_AR_exclusive
read_and_treat_AR_exclusive read_and_treat_AR_exclusive
read_and_treat_AR_exclusive read_and_treat_AR_exclusive
read_and_treat_AR_exclusive read_and_treat_AR_exclusive
read_and_treat_AR_exclusive_WD read_and_treat_AR_exclusive_WD
+++ working on night --- 2025-12-16 +++
read_and_treat_AR_exclusive read_and_treat_AR_exclusive
read_and_treat_AR_exclusive read_and_treat_AR_exclusive
read_and_treat_AR_exclusive read_and_treat_AR_exclusive
read_and_treat_AR_exclusive read_and_treat_AR_exclusive
read_and_treat_AR_exclusive read_and_treat_AR_exclusive
read_and_treat_AR_exclusive read_and_treat_AR_exclusive
read_and_treat_AR_exclusive_WD read_and_treat_AR_exclusive_WD
+++ working on night --- 2025-12-17 +++
read_and_treat_AR_exclusive read_and_treat_AR_exclusive
read_and_treat_AR_exclusive read_and_treat_AR_exclusive
read_and_treat_AR_exclusive read_and_treat_AR_exclusive
read_and_treat_AR_exclusive read_and_treat_AR_exclusive
read_and_treat_AR_exclusive read_and_treat_AR_exclusive
read_and_treat_AR_exclusive read_and_treat_AR_exclusive
read_and_treat_AR_exclusive_WD read_and_treat_AR_exclusive_WD
+++ working on night --- 2025-12-18 +++
read_and_treat_AR_exclusive read_and_treat_AR_exclusive
read_and_treat_AR_exclusive read_and_treat_AR_exclusive
read_and_treat_AR_exclusive read_and_treat_AR_exclusive
read_and_treat_AR_exclusive read_and_treat_AR_exclusive
read_and_treat_AR_exclusive read_and_treat_AR_exclusive
read_and_treat_AR_exclusive read_and_treat_AR_exclusive
read_and_treat_AR_exclusive_WD read_and_treat_AR_exclusive_WD
+++ working on night --- 2025-12-19 +++
read_and_treat_AR_exclusive read_and_treat_AR_exclusive
read_and_treat_AR_exclusive read_and_treat_AR_exclusive
read_and_treat_AR_exclusive read_and_treat_AR_exclusive
read_and_treat_AR_exclusive read_and_treat_AR_exclusive
read_and_treat_AR_exclusive read_and_treat_AR_exclusive
read_and_treat_AR_exclusive read_and_treat_AR_exclusive
read_and_treat_AR_exclusive_WD read_and_treat_AR_exclusive_WD
+++ working on night --- 2025-12-20 +++
read_and_treat_AR_exclusive read_and_treat_AR_exclusive
read_and_treat_AR_exclusive read_and_treat_AR_exclusive
read_and_treat_AR_exclusive read_and_treat_AR_exclusive
read_and_treat_AR_exclusive read_and_treat_AR_exclusive
read_and_treat_AR_exclusive read_and_treat_AR_exclusive
read_and_treat_AR_exclusive read_and_treat_AR_exclusive
read_and_treat_AR_exclusive_WD read_and_treat_AR_exclusive_WD
+++ working on night --- 2025-12-21 +++
read_and_treat_AR_exclusive read_and_treat_AR_exclusive
read_and_treat_AR_exclusive read_and_treat_AR_exclusive
read_and_treat_AR_exclusive read_and_treat_AR_exclusive
read_and_treat_AR_exclusive read_and_treat_AR_exclusive
read_and_treat_AR_exclusive read_and_treat_AR_exclusive
read_and_treat_AR_exclusive read_and_treat_AR_exclusive
read_and_treat_AR_exclusive_WD read_and_treat_AR_exclusive_WD
+++ working on night --- 2025-12-22 +++
read_and_treat_AR_exclusive read_and_treat_AR_exclusive
read_and_treat_AR_exclusive read_and_treat_AR_exclusive
read_and_treat_AR_exclusive read_and_treat_AR_exclusive
read_and_treat_AR_exclusive read_and_treat_AR_exclusive
read_and_treat_AR_exclusive read_and_treat_AR_exclusive
read_and_treat_AR_exclusive read_and_treat_AR_exclusive
read_and_treat_AR_exclusive_WD read_and_treat_AR_exclusive_WD
+++ working on night --- 2025-12-23 +++
read_and_treat_AR_exclusive read_and_treat_AR_exclusive
read_and_treat_AR_exclusive read_and_treat_AR_exclusive
read_and_treat_AR_exclusive read_and_treat_AR_exclusive
read_and_treat_AR_exclusive read_and_treat_AR_exclusive
read_and_treat_AR_exclusive read_and_treat_AR_exclusive
read_and_treat_AR_exclusive read_and_treat_AR_exclusive
read_and_treat_AR_exclusive_WD read_and_treat_AR_exclusive_WD
+++ working on night --- 2025-12-24 +++
read_and_treat_AR_exclusive read_and_treat_AR_exclusive
read_and_treat_AR_exclusive read_and_treat_AR_exclusive
read_and_treat_AR_exclusive read_and_treat_AR_exclusive
read_and_treat_AR_exclusive read_and_treat_AR_exclusive
read_and_treat_AR_exclusive read_and_treat_AR_exclusive
read_and_treat_AR_exclusive read_and_treat_AR_exclusive
read_and_treat_AR_exclusive_WD read_and_treat_AR_exclusive_WD
+++ working on night --- 2025-12-25 +++
read_and_treat_AR_exclusive read_and_treat_AR_exclusive
read_and_treat_AR_exclusive read_and_treat_AR_exclusive
read_and_treat_AR_exclusive read_and_treat_AR_exclusive
read_and_treat_AR_exclusive read_and_treat_AR_exclusive
read_and_treat_AR_exclusive read_and_treat_AR_exclusive
read_and_treat_AR_exclusive read_and_treat_AR_exclusive
read_and_treat_AR_exclusive_WD read_and_treat_AR_exclusive_WD
+++ working on night --- 2025-12-26 +++
read_and_treat_AR_exclusive read_and_treat_AR_exclusive
read_and_treat_AR_exclusive read_and_treat_AR_exclusive
read_and_treat_AR_exclusive read_and_treat_AR_exclusive
read_and_treat_AR_exclusive read_and_treat_AR_exclusive
read_and_treat_AR_exclusive read_and_treat_AR_exclusive
read_and_treat_AR_exclusive read_and_treat_AR_exclusive
read_and_treat_AR_exclusive_WD read_and_treat_AR_exclusive_WD
+++ working on night --- 2025-12-27 +++
read_and_treat_AR_exclusive read_and_treat_AR_exclusive
read_and_treat_AR_exclusive read_and_treat_AR_exclusive
read_and_treat_AR_exclusive read_and_treat_AR_exclusive
read_and_treat_AR_exclusive read_and_treat_AR_exclusive
read_and_treat_AR_exclusive read_and_treat_AR_exclusive
read_and_treat_AR_exclusive read_and_treat_AR_exclusive
read_and_treat_AR_exclusive_WD read_and_treat_AR_exclusive_WD
+++ working on night --- 2025-12-28 +++
read_and_treat_AR_exclusive read_and_treat_AR_exclusive
read_and_treat_AR_exclusive read_and_treat_AR_exclusive
read_and_treat_AR_exclusive read_and_treat_AR_exclusive
read_and_treat_AR_exclusive read_and_treat_AR_exclusive
read_and_treat_AR_exclusive read_and_treat_AR_exclusive
read_and_treat_AR_exclusive read_and_treat_AR_exclusive
read_and_treat_AR_exclusive_WD read_and_treat_AR_exclusive_WD
+++ working on night --- 2025-12-29 +++
read_and_treat_AR_exclusive read_and_treat_AR_exclusive
read_and_treat_AR_exclusive read_and_treat_AR_exclusive
read_and_treat_AR_exclusive read_and_treat_AR_exclusive
read_and_treat_AR_exclusive read_and_treat_AR_exclusive
read_and_treat_AR_exclusive read_and_treat_AR_exclusive
read_and_treat_AR_exclusive read_and_treat_AR_exclusive
read_and_treat_AR_exclusive_WD read_and_treat_AR_exclusive_WD
+++ working on night --- 2025-12-30 +++
read_and_treat_AR_exclusive read_and_treat_AR_exclusive
read_and_treat_AR_exclusive read_and_treat_AR_exclusive
read_and_treat_AR_exclusive read_and_treat_AR_exclusive
read_and_treat_AR_exclusive read_and_treat_AR_exclusive
read_and_treat_AR_exclusive read_and_treat_AR_exclusive
read_and_treat_AR_exclusive read_and_treat_AR_exclusive
read_and_treat_AR_exclusive_WD read_and_treat_AR_exclusive_WD
+++ working on night --- 2025-12-31 +++
read_and_treat_AR_exclusive read_and_treat_AR_exclusive
read_and_treat_AR_exclusive read_and_treat_AR_exclusive
read_and_treat_AR_exclusive read_and_treat_AR_exclusive
read_and_treat_AR_exclusive read_and_treat_AR_exclusive
read_and_treat_AR_exclusive read_and_treat_AR_exclusive
read_and_treat_AR_exclusive read_and_treat_AR_exclusive
read_and_treat_AR_exclusive_WD read_and_treat_AR_exclusive_WD
+++ working on night --- 2026-01-01 +++
read_and_treat_AR_exclusive read_and_treat_AR_exclusive
read_and_treat_AR_exclusive read_and_treat_AR_exclusive
read_and_treat_AR_exclusive read_and_treat_AR_exclusive
read_and_treat_AR_exclusive read_and_treat_AR_exclusive
read_and_treat_AR_exclusive read_and_treat_AR_exclusive
read_and_treat_AR_exclusive read_and_treat_AR_exclusive
read_and_treat_AR_exclusive_WD read_and_treat_AR_exclusive_WD
+++ working on night --- 2026-01-02 +++
read_and_treat_AR_exclusive read_and_treat_AR_exclusive
read_and_treat_AR_exclusive read_and_treat_AR_exclusive
read_and_treat_AR_exclusive read_and_treat_AR_exclusive
read_and_treat_AR_exclusive read_and_treat_AR_exclusive
read_and_treat_AR_exclusive read_and_treat_AR_exclusive
read_and_treat_AR_exclusive read_and_treat_AR_exclusive
read_and_treat_AR_exclusive_WD read_and_treat_AR_exclusive_WD
+++ working on night --- 2026-01-03 +++
read_and_treat_AR_exclusive read_and_treat_AR_exclusive
read_and_treat_AR_exclusive read_and_treat_AR_exclusive
read_and_treat_AR_exclusive read_and_treat_AR_exclusive
read_and_treat_AR_exclusive read_and_treat_AR_exclusive
read_and_treat_AR_exclusive read_and_treat_AR_exclusive
read_and_treat_AR_exclusive read_and_treat_AR_exclusive
read_and_treat_AR_exclusive_WD read_and_treat_AR_exclusive_WD
+++ working on night --- 2026-01-04 +++
read_and_treat_AR_exclusive read_and_treat_AR_exclusive
read_and_treat_AR_exclusive read_and_treat_AR_exclusive
read_and_treat_AR_exclusive read_and_treat_AR_exclusive
read_and_treat_AR_exclusive read_and_treat_AR_exclusive
read_and_treat_AR_exclusive read_and_treat_AR_exclusive
read_and_treat_AR_exclusive read_and_treat_AR_exclusive
read_and_treat_AR_exclusive_WD read_and_treat_AR_exclusive_WD
+++ working on night --- 2026-01-05 +++
read_and_treat_AR_exclusive read_and_treat_AR_exclusive
read_and_treat_AR_exclusive read_and_treat_AR_exclusive
read_and_treat_AR_exclusive read_and_treat_AR_exclusive
read_and_treat_AR_exclusive read_and_treat_AR_exclusive
read_and_treat_AR_exclusive read_and_treat_AR_exclusive
read_and_treat_AR_exclusive read_and_treat_AR_exclusive
read_and_treat_AR_exclusive_WD read_and_treat_AR_exclusive_WD
+++ working on night --- 2026-01-06 +++
read_and_treat_AR_exclusive read_and_treat_AR_exclusive
read_and_treat_AR_exclusive read_and_treat_AR_exclusive
read_and_treat_AR_exclusive read_and_treat_AR_exclusive
read_and_treat_AR_exclusive read_and_treat_AR_exclusive
read_and_treat_AR_exclusive read_and_treat_AR_exclusive
read_and_treat_AR_exclusive read_and_treat_AR_exclusive
read_and_treat_AR_exclusive_WD read_and_treat_AR_exclusive_WD
+++ working on night --- 2026-01-07 +++
read_and_treat_AR_exclusive read_and_treat_AR_exclusive
read_and_treat_AR_exclusive read_and_treat_AR_exclusive
read_and_treat_AR_exclusive read_and_treat_AR_exclusive
read_and_treat_AR_exclusive read_and_treat_AR_exclusive
read_and_treat_AR_exclusive read_and_treat_AR_exclusive
read_and_treat_AR_exclusive read_and_treat_AR_exclusive
read_and_treat_AR_exclusive_WD read_and_treat_AR_exclusive_WD
+++ working on night --- 2026-01-08 +++
read_and_treat_AR_exclusive read_and_treat_AR_exclusive
read_and_treat_AR_exclusive read_and_treat_AR_exclusive
read_and_treat_AR_exclusive read_and_treat_AR_exclusive
read_and_treat_AR_exclusive read_and_treat_AR_exclusive
read_and_treat_AR_exclusive read_and_treat_AR_exclusive
read_and_treat_AR_exclusive read_and_treat_AR_exclusive
read_and_treat_AR_exclusive_WD read_and_treat_AR_exclusive_WD
+++ working on night --- 2026-01-09 +++
read_and_treat_AR_exclusive read_and_treat_AR_exclusive
read_and_treat_AR_exclusive read_and_treat_AR_exclusive
read_and_treat_AR_exclusive read_and_treat_AR_exclusive
read_and_treat_AR_exclusive read_and_treat_AR_exclusive
read_and_treat_AR_exclusive read_and_treat_AR_exclusive
read_and_treat_AR_exclusive read_and_treat_AR_exclusive
read_and_treat_AR_exclusive_WD read_and_treat_AR_exclusive_WD
+++ working on night --- 2026-01-10 +++
read_and_treat_AR_exclusive read_and_treat_AR_exclusive
read_and_treat_AR_exclusive read_and_treat_AR_exclusive
read_and_treat_AR_exclusive read_and_treat_AR_exclusive
read_and_treat_AR_exclusive read_and_treat_AR_exclusive
read_and_treat_AR_exclusive read_and_treat_AR_exclusive
read_and_treat_AR_exclusive read_and_treat_AR_exclusive
read_and_treat_AR_exclusive_WD read_and_treat_AR_exclusive_WD
+++ working on night --- 2026-01-11 +++
read_and_treat_AR_exclusive read_and_treat_AR_exclusive
read_and_treat_AR_exclusive read_and_treat_AR_exclusive
read_and_treat_AR_exclusive read_and_treat_AR_exclusive
read_and_treat_AR_exclusive read_and_treat_AR_exclusive
read_and_treat_AR_exclusive read_and_treat_AR_exclusive
read_and_treat_AR_exclusive read_and_treat_AR_exclusive
read_and_treat_AR_exclusive_WD read_and_treat_AR_exclusive_WD
+++ working on night --- 2026-01-12 +++
read_and_treat_AR_exclusive read_and_treat_AR_exclusive
read_and_treat_AR_exclusive read_and_treat_AR_exclusive
read_and_treat_AR_exclusive read_and_treat_AR_exclusive
read_and_treat_AR_exclusive read_and_treat_AR_exclusive
read_and_treat_AR_exclusive read_and_treat_AR_exclusive
read_and_treat_AR_exclusive read_and_treat_AR_exclusive
read_and_treat_AR_exclusive_WD read_and_treat_AR_exclusive_WD
+++ working on night --- 2026-01-13 +++
read_and_treat_AR_exclusive read_and_treat_AR_exclusive
read_and_treat_AR_exclusive read_and_treat_AR_exclusive
read_and_treat_AR_exclusive read_and_treat_AR_exclusive
read_and_treat_AR_exclusive read_and_treat_AR_exclusive
read_and_treat_AR_exclusive read_and_treat_AR_exclusive
read_and_treat_AR_exclusive read_and_treat_AR_exclusive
read_and_treat_AR_exclusive_WD read_and_treat_AR_exclusive_WD
+++ working on night --- 2026-01-14 +++
read_and_treat_AR_exclusive read_and_treat_AR_exclusive
read_and_treat_AR_exclusive read_and_treat_AR_exclusive
read_and_treat_AR_exclusive read_and_treat_AR_exclusive
read_and_treat_AR_exclusive read_and_treat_AR_exclusive
read_and_treat_AR_exclusive read_and_treat_AR_exclusive
read_and_treat_AR_exclusive read_and_treat_AR_exclusive
read_and_treat_AR_exclusive_WD read_and_treat_AR_exclusive_WD
+++ working on night --- 2026-01-15 +++
read_and_treat_AR_exclusive read_and_treat_AR_exclusive
read_and_treat_AR_exclusive read_and_treat_AR_exclusive
read_and_treat_AR_exclusive read_and_treat_AR_exclusive
read_and_treat_AR_exclusive read_and_treat_AR_exclusive
read_and_treat_AR_exclusive read_and_treat_AR_exclusive
read_and_treat_AR_exclusive read_and_treat_AR_exclusive
read_and_treat_AR_exclusive_WD read_and_treat_AR_exclusive_WD
+++ working on night --- 2026-01-16 +++
read_and_treat_AR_exclusive read_and_treat_AR_exclusive
read_and_treat_AR_exclusive read_and_treat_AR_exclusive
read_and_treat_AR_exclusive read_and_treat_AR_exclusive
read_and_treat_AR_exclusive read_and_treat_AR_exclusive
read_and_treat_AR_exclusive read_and_treat_AR_exclusive
read_and_treat_AR_exclusive read_and_treat_AR_exclusive
read_and_treat_AR_exclusive_WD read_and_treat_AR_exclusive_WD
+++ working on night --- 2026-01-17 +++
read_and_treat_AR_exclusive read_and_treat_AR_exclusive
read_and_treat_AR_exclusive read_and_treat_AR_exclusive
read_and_treat_AR_exclusive read_and_treat_AR_exclusive
read_and_treat_AR_exclusive read_and_treat_AR_exclusive
read_and_treat_AR_exclusive read_and_treat_AR_exclusive
read_and_treat_AR_exclusive read_and_treat_AR_exclusive
read_and_treat_AR_exclusive_WD read_and_treat_AR_exclusive_WD
+++ working on night --- 2026-01-18 +++
read_and_treat_AR_exclusive read_and_treat_AR_exclusive
read_and_treat_AR_exclusive read_and_treat_AR_exclusive
read_and_treat_AR_exclusive read_and_treat_AR_exclusive
read_and_treat_AR_exclusive read_and_treat_AR_exclusive
read_and_treat_AR_exclusive read_and_treat_AR_exclusive
read_and_treat_AR_exclusive read_and_treat_AR_exclusive
read_and_treat_AR_exclusive_WD read_and_treat_AR_exclusive_WD
+++ working on night --- 2026-01-19 +++
read_and_treat_AR_exclusive read_and_treat_AR_exclusive
read_and_treat_AR_exclusive read_and_treat_AR_exclusive
read_and_treat_AR_exclusive read_and_treat_AR_exclusive
read_and_treat_AR_exclusive read_and_treat_AR_exclusive
read_and_treat_AR_exclusive read_and_treat_AR_exclusive
read_and_treat_AR_exclusive read_and_treat_AR_exclusive
read_and_treat_AR_exclusive_WD read_and_treat_AR_exclusive_WD
+++ working on night --- 2026-01-20 +++
read_and_treat_AR_exclusive read_and_treat_AR_exclusive
read_and_treat_AR_exclusive read_and_treat_AR_exclusive
read_and_treat_AR_exclusive read_and_treat_AR_exclusive
read_and_treat_AR_exclusive read_and_treat_AR_exclusive
read_and_treat_AR_exclusive read_and_treat_AR_exclusive
read_and_treat_AR_exclusive read_and_treat_AR_exclusive
read_and_treat_AR_exclusive_WD read_and_treat_AR_exclusive_WD
+++ working on night --- 2026-01-21 +++
read_and_treat_AR_exclusive read_and_treat_AR_exclusive
read_and_treat_AR_exclusive read_and_treat_AR_exclusive
read_and_treat_AR_exclusive read_and_treat_AR_exclusive
read_and_treat_AR_exclusive read_and_treat_AR_exclusive
read_and_treat_AR_exclusive read_and_treat_AR_exclusive
read_and_treat_AR_exclusive read_and_treat_AR_exclusive
read_and_treat_AR_exclusive_WD read_and_treat_AR_exclusive_WD
+++ working on night --- 2026-01-22 +++
read_and_treat_AR_exclusive read_and_treat_AR_exclusive
read_and_treat_AR_exclusive read_and_treat_AR_exclusive
read_and_treat_AR_exclusive read_and_treat_AR_exclusive
read_and_treat_AR_exclusive read_and_treat_AR_exclusive
read_and_treat_AR_exclusive read_and_treat_AR_exclusive
read_and_treat_AR_exclusive read_and_treat_AR_exclusive
read_and_treat_AR_exclusive_WD read_and_treat_AR_exclusive_WD
+++ working on night --- 2026-01-23 +++
read_and_treat_AR_exclusive read_and_treat_AR_exclusive
read_and_treat_AR_exclusive read_and_treat_AR_exclusive
read_and_treat_AR_exclusive read_and_treat_AR_exclusive
tail: cannot open ‘/TERASTARMET/FATE_BACKUPS_mesohp1/AUTOMATION_OUTPUTS/AUTOREGRESSION_night3/postproc/DAT_ARCHIVE/20260123_wapor_evol_time_Height_5_20000_TELEMETRY_output_night.dat’ for reading: No such file or directory
read_and_treat_AR_exclusive read_and_treat_AR_exclusive
read_and_treat_AR_exclusive read_and_treat_AR_exclusive
read_and_treat_AR_exclusive read_and_treat_AR_exclusive
read_and_treat_AR_exclusive_WD read_and_treat_AR_exclusive_WD
mv: cannot stat ‘PWV_ARevol_1H_nig3*.dat’: No such file or directory
+++ working on night --- 2026-01-24 +++
read_and_treat_AR_exclusive read_and_treat_AR_exclusive
read_and_treat_AR_exclusive read_and_treat_AR_exclusive
read_and_treat_AR_exclusive read_and_treat_AR_exclusive
tail: cannot open ‘/TERASTARMET/FATE_BACKUPS_mesohp1/AUTOMATION_OUTPUTS/AUTOREGRESSION_night3/postproc/DAT_ARCHIVE/20260124_wapor_evol_time_Height_5_20000_TELEMETRY_output_night.dat’ for reading: No such file or directory
read_and_treat_AR_exclusive read_and_treat_AR_exclusive
read_and_treat_AR_exclusive read_and_treat_AR_exclusive
read_and_treat_AR_exclusive read_and_treat_AR_exclusive
read_and_treat_AR_exclusive_WD read_and_treat_AR_exclusive_WD
mv: cannot stat ‘PWV_ARevol_1H_nig3*.dat’: No such file or directory
+++ working on night --- 2026-01-25 +++
tail: cannot open ‘/TERASTARMET/FATE_BACKUPS_mesohp1/AUTOMATION_OUTPUTS/AUTOREGRESSION_night3/postproc/DAT_ARCHIVE/20260125_see_evol_time_Height_5_20000_TELEMETRY_output_night.dat’ for reading: No such file or directory
read_and_treat_AR_exclusive read_and_treat_AR_exclusive
tail: cannot open ‘/TERASTARMET/FATE_BACKUPS_mesohp1/AUTOMATION_OUTPUTS/AUTOREGRESSION_night3/postproc/DAT_ARCHIVE/20260125_tau_evol_time_Height_5_20000_TELEMETRY_output_night.dat’ for reading: No such file or directory
read_and_treat_AR_exclusive read_and_treat_AR_exclusive
tail: cannot open ‘/TERASTARMET/FATE_BACKUPS_mesohp1/AUTOMATION_OUTPUTS/AUTOREGRESSION_night3/postproc/DAT_ARCHIVE/20260125_glf_evol_time_Height_5_20000_TELEMETRY_output_night.dat’ for reading: No such file or directory
read_and_treat_AR_exclusive read_and_treat_AR_exclusive
read_and_treat_AR_exclusive read_and_treat_AR_exclusive
read_and_treat_AR_exclusive read_and_treat_AR_exclusive
read_and_treat_AR_exclusive read_and_treat_AR_exclusive
read_and_treat_AR_exclusive_WD read_and_treat_AR_exclusive_WD
mv: cannot stat ‘SEE_ARevol_1H_nig3*.dat’: No such file or directory
mv: cannot stat ‘TAU_ARevol_1H_nig3*.dat’: No such file or directory
mv: cannot stat ‘GLF_ARevol_1H_nig3*.dat’: No such file or directory
+++ working on night --- 2026-01-26 +++
read_and_treat_AR_exclusive read_and_treat_AR_exclusive
read_and_treat_AR_exclusive read_and_treat_AR_exclusive
read_and_treat_AR_exclusive read_and_treat_AR_exclusive
read_and_treat_AR_exclusive read_and_treat_AR_exclusive
read_and_treat_AR_exclusive read_and_treat_AR_exclusive
read_and_treat_AR_exclusive read_and_treat_AR_exclusive
read_and_treat_AR_exclusive_WD read_and_treat_AR_exclusive_WD
+++ working on night --- 2026-01-27 +++
read_and_treat_AR_exclusive read_and_treat_AR_exclusive
read_and_treat_AR_exclusive read_and_treat_AR_exclusive
read_and_treat_AR_exclusive read_and_treat_AR_exclusive
read_and_treat_AR_exclusive read_and_treat_AR_exclusive
read_and_treat_AR_exclusive read_and_treat_AR_exclusive
read_and_treat_AR_exclusive read_and_treat_AR_exclusive
read_and_treat_AR_exclusive_WD read_and_treat_AR_exclusive_WD
+++ working on night --- 2026-01-28 +++
read_and_treat_AR_exclusive read_and_treat_AR_exclusive
read_and_treat_AR_exclusive read_and_treat_AR_exclusive
read_and_treat_AR_exclusive read_and_treat_AR_exclusive
read_and_treat_AR_exclusive read_and_treat_AR_exclusive
read_and_treat_AR_exclusive read_and_treat_AR_exclusive
read_and_treat_AR_exclusive read_and_treat_AR_exclusive
read_and_treat_AR_exclusive_WD read_and_treat_AR_exclusive_WD
+++ working on night --- 2026-01-29 +++
read_and_treat_AR_exclusive read_and_treat_AR_exclusive
read_and_treat_AR_exclusive read_and_treat_AR_exclusive
read_and_treat_AR_exclusive read_and_treat_AR_exclusive
read_and_treat_AR_exclusive read_and_treat_AR_exclusive
read_and_treat_AR_exclusive read_and_treat_AR_exclusive
read_and_treat_AR_exclusive read_and_treat_AR_exclusive
read_and_treat_AR_exclusive_WD read_and_treat_AR_exclusive_WD
+++ working on night --- 2026-01-30 +++
read_and_treat_AR_exclusive read_and_treat_AR_exclusive
read_and_treat_AR_exclusive read_and_treat_AR_exclusive
read_and_treat_AR_exclusive read_and_treat_AR_exclusive
read_and_treat_AR_exclusive read_and_treat_AR_exclusive
read_and_treat_AR_exclusive read_and_treat_AR_exclusive
read_and_treat_AR_exclusive read_and_treat_AR_exclusive
read_and_treat_AR_exclusive_WD read_and_treat_AR_exclusive_WD
‘TAU_TREATED’ -> ‘/home/report/DATA/TREATED/nig3/TAU_TREATED’
‘SEE_TREATED’ -> ‘/home/report/DATA/TREATED/nig3/SEE_TREATED’
‘GLF_TREATED’ -> ‘/home/report/DATA/TREATED/nig3/GLF_TREATED’
‘PWV_TREATED’ -> ‘/home/report/DATA/TREATED/nig3/PWV_TREATED’
‘RH_TREATED’ -> ‘/home/report/DATA/TREATED/nig3/RH_TREATED’
‘WS_TREATED’ -> ‘/home/report/DATA/TREATED/nig3/WS_TREATED’
‘WD_TREATED’ -> ‘/home/report/DATA/TREATED/nig3/WD_TREATED’
